Loading data...
Loaded 43682 examples.

--- Starting Fold 1/10 ---
Fold 1 sizes: Train=39313, Eval=4369
Loading tokenizer...
Found 68 POS tags: ['-LRB-', '-RRB-', 'ADD', 'ADJP', 'ADVP', 'AFX', 'CC', 'CD', 'CONJP', 'DT', 'EX', 'FRAG', 'FW', 'HYPH', 'IN', 'INTJ', 'JJ', 'JJR', 'JJS', 'LS', 'LST', 'MD', 'NFP', 'NML', 'NN', 'NNP', 'NNPS', 'NNS', 'NP', 'PDT', 'POS', 'PP', 'PRN', 'PRP', 'PRP$', 'PRT', 'QP', 'RB', 'RBR', 'RBS', 'ROOT', 'RP', 'RRC', 'S', 'SBAR', 'SBARQ', 'SINV', 'SQ', 'SYM', 'TO', 'UCP', 'UH', 'VB', 'VBD', 'VBG', 'VBN', 'VBP', 'VBZ', 'VP', 'WDT', 'WHADJP', 'WHADVP', 'WHNP', 'WHPP', 'WP', 'WP$', 'WRB', 'X']
Found 0 phrase labels: []
Adding manual additions: ( ) # $ . , ''
Preprocessing...
Token length per parse sequence: 37.6812
Initializing DualEncoder model...
Loading  weights...
Missing keys: ['prosody_encoder.pos_table', 'prosody_encoder.mag_table', 'prosody_encoder.transformer.layers.0.self_attn.in_proj_weight', 'prosody_encoder.transformer.layers.0.self_attn.in_proj_bias', 'prosody_encoder.transformer.layers.0.self_attn.out_proj.weight', 'prosody_encoder.transformer.layers.0.self_attn.out_proj.bias', 'prosody_encoder.transformer.layers.0.linear1.weight', 'prosody_encoder.transformer.layers.0.linear1.bias', 'prosody_encoder.transformer.layers.0.linear2.weight', 'prosody_encoder.transformer.layers.0.linear2.bias', 'prosody_encoder.transformer.layers.0.norm1.weight', 'prosody_encoder.transformer.layers.0.norm1.bias', 'prosody_encoder.transformer.layers.0.norm2.weight', 'prosody_encoder.transformer.layers.0.norm2.bias', 'prosody_encoder.transformer.layers.1.self_attn.in_proj_weight', 'prosody_encoder.transformer.layers.1.self_attn.in_proj_bias', 'prosody_encoder.transformer.layers.1.self_attn.out_proj.weight', 'prosody_encoder.transformer.layers.1.self_attn.out_proj.bias', 'prosody_encoder.transformer.layers.1.linear1.weight', 'prosody_encoder.transformer.layers.1.linear1.bias', 'prosody_encoder.transformer.layers.1.linear2.weight', 'prosody_encoder.transformer.layers.1.linear2.bias', 'prosody_encoder.transformer.layers.1.norm1.weight', 'prosody_encoder.transformer.layers.1.norm1.bias', 'prosody_encoder.transformer.layers.1.norm2.weight', 'prosody_encoder.transformer.layers.1.norm2.bias', 'prosody_encoder.up_proj.weight', 'prosody_encoder.up_proj.bias', 'prosody_up.weight', 'prosody_up.bias', 'cross_attn.in_proj_weight', 'cross_attn.in_proj_bias', 'cross_attn.out_proj.weight', 'cross_attn.out_proj.bias', 'fusion_layer_norm.weight', 'fusion_layer_norm.bias']
Unexpected keys: []
Re-initializing decoder layer, to be trained from scratch
Training...
{'loss': 4.2371, 'grad_norm': 44.637062072753906, 'learning_rate': 0.00016265256305939788, 'epoch': 1.63}
{'eval_loss': 0.6796854734420776, 'eval_runtime': 41.8929, 'eval_samples_per_second': 104.29, 'eval_steps_per_second': 3.27, 'epoch': 1.63}
{'loss': 0.6447, 'grad_norm': 9.788993835449219, 'learning_rate': 0.0002999345654191567, 'epoch': 3.25}
{'eval_loss': 0.488569051027298, 'eval_runtime': 41.8723, 'eval_samples_per_second': 104.341, 'eval_steps_per_second': 3.272, 'epoch': 3.25}
{'loss': 0.5327, 'grad_norm': 5.622949123382568, 'learning_rate': 0.0002964209259081431, 'epoch': 4.88}
{'eval_loss': 0.47198960185050964, 'eval_runtime': 42.0555, 'eval_samples_per_second': 103.886, 'eval_steps_per_second': 3.258, 'epoch': 4.88}
{'loss': 0.4993, 'grad_norm': 9.99519157409668, 'learning_rate': 0.00028767328744415817, 'epoch': 6.51}
{'eval_loss': 0.46534785628318787, 'eval_runtime': 41.9702, 'eval_samples_per_second': 104.098, 'eval_steps_per_second': 3.264, 'epoch': 6.51}
{'loss': 0.4839, 'grad_norm': 6.4262847900390625, 'learning_rate': 0.0002740043452944766, 'epoch': 8.14}
{'eval_loss': 0.4635735750198364, 'eval_runtime': 41.9085, 'eval_samples_per_second': 104.251, 'eval_steps_per_second': 3.269, 'epoch': 8.14}
{'loss': 0.4761, 'grad_norm': 12.996198654174805, 'learning_rate': 0.000255902712875903, 'epoch': 9.76}
{'eval_loss': 0.46194732189178467, 'eval_runtime': 41.8732, 'eval_samples_per_second': 104.339, 'eval_steps_per_second': 3.272, 'epoch': 9.76}
{'loss': 0.4689, 'grad_norm': 14.264842987060547, 'learning_rate': 0.00023401545565765396, 'epoch': 11.39}
{'eval_loss': 0.46573489904403687, 'eval_runtime': 41.9068, 'eval_samples_per_second': 104.255, 'eval_steps_per_second': 3.269, 'epoch': 11.39}
{'loss': 0.4637, 'grad_norm': 1.2769129276275635, 'learning_rate': 0.00020912496099763763, 'epoch': 13.02}
{'eval_loss': 0.4506888687610626, 'eval_runtime': 41.9089, 'eval_samples_per_second': 104.25, 'eval_steps_per_second': 3.269, 'epoch': 13.02}
{'loss': 0.4594, 'grad_norm': 1.3721578121185303, 'learning_rate': 0.0001821209707287337, 'epoch': 14.65}
{'eval_loss': 0.45214882493019104, 'eval_runtime': 42.0054, 'eval_samples_per_second': 104.01, 'eval_steps_per_second': 3.261, 'epoch': 14.65}
{'loss': 0.4565, 'grad_norm': 9.89355182647705, 'learning_rate': 0.0001539687762252241, 'epoch': 16.27}
{'eval_loss': 0.45133575797080994, 'eval_runtime': 41.9591, 'eval_samples_per_second': 104.125, 'eval_steps_per_second': 3.265, 'epoch': 16.27}
{'loss': 0.4547, 'grad_norm': 0.7223320603370667, 'learning_rate': 0.00012567471285646482, 'epoch': 17.9}
{'eval_loss': 0.4493083953857422, 'eval_runtime': 41.9271, 'eval_samples_per_second': 104.205, 'eval_steps_per_second': 3.268, 'epoch': 17.9}
{'loss': 0.4533, 'grad_norm': 5.092443943023682, 'learning_rate': 9.825018727166861e-05, 'epoch': 19.53}
{'eval_loss': 0.4481745958328247, 'eval_runtime': 41.885, 'eval_samples_per_second': 104.309, 'eval_steps_per_second': 3.271, 'epoch': 19.53}
{'loss': 0.4517, 'grad_norm': 1.4426687955856323, 'learning_rate': 7.267552340545266e-05, 'epoch': 21.16}
{'eval_loss': 0.4477318823337555, 'eval_runtime': 41.9253, 'eval_samples_per_second': 104.209, 'eval_steps_per_second': 3.268, 'epoch': 21.16}
{'loss': 0.4508, 'grad_norm': 1.0774611234664917, 'learning_rate': 4.986491957385785e-05, 'epoch': 22.78}
{'eval_loss': 0.44796502590179443, 'eval_runtime': 41.954, 'eval_samples_per_second': 104.138, 'eval_steps_per_second': 3.265, 'epoch': 22.78}
{'loss': 0.4494, 'grad_norm': 5.791779518127441, 'learning_rate': 3.063376931322956e-05, 'epoch': 24.41}
{'eval_loss': 0.4478452503681183, 'eval_runtime': 42.0259, 'eval_samples_per_second': 103.96, 'eval_steps_per_second': 3.26, 'epoch': 24.41}
{'loss': 0.449, 'grad_norm': 2.913893461227417, 'learning_rate': 1.5669514119407845e-05, 'epoch': 26.04}
{'eval_loss': 0.44706594944000244, 'eval_runtime': 41.9044, 'eval_samples_per_second': 104.261, 'eval_steps_per_second': 3.269, 'epoch': 26.04}
{'loss': 0.4485, 'grad_norm': 4.499958038330078, 'learning_rate': 5.507069992483931e-06, 'epoch': 27.66}
{'eval_loss': 0.44709840416908264, 'eval_runtime': 41.9771, 'eval_samples_per_second': 104.08, 'eval_steps_per_second': 3.264, 'epoch': 27.66}
{'loss': 0.4484, 'grad_norm': 5.325297832489014, 'learning_rate': 5.097061959873582e-07, 'epoch': 29.29}
{'eval_loss': 0.4469392001628876, 'eval_runtime': 41.9238, 'eval_samples_per_second': 104.213, 'eval_steps_per_second': 3.268, 'epoch': 29.29}
{'train_runtime': 32197.6151, 'train_samples_per_second': 36.63, 'train_steps_per_second': 1.145, 'train_loss': 0.6792973459656076, 'epoch': 30.0}
Evaluating (Mean Loss)...
Calculating per-sequence surprisals...
Fold 1 Evaluation per token: 0.4469
Fold 1 Entropy per sequence: 16.8412

--- Starting Fold 2/10 ---
Fold 2 sizes: Train=39313, Eval=4369
Loading tokenizer...
Found 68 POS tags: ['-LRB-', '-RRB-', 'ADD', 'ADJP', 'ADVP', 'AFX', 'CC', 'CD', 'CONJP', 'DT', 'EX', 'FRAG', 'FW', 'HYPH', 'IN', 'INTJ', 'JJ', 'JJR', 'JJS', 'LS', 'LST', 'MD', 'NFP', 'NML', 'NN', 'NNP', 'NNPS', 'NNS', 'NP', 'PDT', 'POS', 'PP', 'PRN', 'PRP', 'PRP$', 'PRT', 'QP', 'RB', 'RBR', 'RBS', 'ROOT', 'RP', 'RRC', 'S', 'SBAR', 'SBARQ', 'SINV', 'SQ', 'SYM', 'TO', 'UCP', 'UH', 'VB', 'VBD', 'VBG', 'VBN', 'VBP', 'VBZ', 'VP', 'WDT', 'WHADJP', 'WHADVP', 'WHNP', 'WHPP', 'WP', 'WP$', 'WRB', 'X']
Found 0 phrase labels: []
Adding manual additions: ( ) # $ . , ''
Preprocessing...
Token length per parse sequence: 37.9421
Initializing DualEncoder model...
Loading  weights...
Missing keys: ['prosody_encoder.pos_table', 'prosody_encoder.mag_table', 'prosody_encoder.transformer.layers.0.self_attn.in_proj_weight', 'prosody_encoder.transformer.layers.0.self_attn.in_proj_bias', 'prosody_encoder.transformer.layers.0.self_attn.out_proj.weight', 'prosody_encoder.transformer.layers.0.self_attn.out_proj.bias', 'prosody_encoder.transformer.layers.0.linear1.weight', 'prosody_encoder.transformer.layers.0.linear1.bias', 'prosody_encoder.transformer.layers.0.linear2.weight', 'prosody_encoder.transformer.layers.0.linear2.bias', 'prosody_encoder.transformer.layers.0.norm1.weight', 'prosody_encoder.transformer.layers.0.norm1.bias', 'prosody_encoder.transformer.layers.0.norm2.weight', 'prosody_encoder.transformer.layers.0.norm2.bias', 'prosody_encoder.transformer.layers.1.self_attn.in_proj_weight', 'prosody_encoder.transformer.layers.1.self_attn.in_proj_bias', 'prosody_encoder.transformer.layers.1.self_attn.out_proj.weight', 'prosody_encoder.transformer.layers.1.self_attn.out_proj.bias', 'prosody_encoder.transformer.layers.1.linear1.weight', 'prosody_encoder.transformer.layers.1.linear1.bias', 'prosody_encoder.transformer.layers.1.linear2.weight', 'prosody_encoder.transformer.layers.1.linear2.bias', 'prosody_encoder.transformer.layers.1.norm1.weight', 'prosody_encoder.transformer.layers.1.norm1.bias', 'prosody_encoder.transformer.layers.1.norm2.weight', 'prosody_encoder.transformer.layers.1.norm2.bias', 'prosody_encoder.up_proj.weight', 'prosody_encoder.up_proj.bias', 'prosody_up.weight', 'prosody_up.bias', 'cross_attn.in_proj_weight', 'cross_attn.in_proj_bias', 'cross_attn.out_proj.weight', 'cross_attn.out_proj.bias', 'fusion_layer_norm.weight', 'fusion_layer_norm.bias']
Unexpected keys: []
Re-initializing decoder layer, to be trained from scratch
Training...
{'loss': 4.2289, 'grad_norm': 5.967540264129639, 'learning_rate': 0.00016265256305939788, 'epoch': 1.63}
{'eval_loss': 0.5246396064758301, 'eval_runtime': 41.8486, 'eval_samples_per_second': 104.4, 'eval_steps_per_second': 3.274, 'epoch': 1.63}
{'loss': 0.6421, 'grad_norm': 12.061474800109863, 'learning_rate': 0.0002999345654191567, 'epoch': 3.25}
{'eval_loss': 0.6893802285194397, 'eval_runtime': 41.8751, 'eval_samples_per_second': 104.334, 'eval_steps_per_second': 3.272, 'epoch': 3.25}
{'loss': 0.5382, 'grad_norm': 3.7961838245391846, 'learning_rate': 0.0002964209259081431, 'epoch': 4.88}
{'eval_loss': 0.4915749132633209, 'eval_runtime': 41.9794, 'eval_samples_per_second': 104.075, 'eval_steps_per_second': 3.264, 'epoch': 4.88}
{'loss': 0.5037, 'grad_norm': 4.624629497528076, 'learning_rate': 0.00028767328744415817, 'epoch': 6.51}
{'eval_loss': 0.48207682371139526, 'eval_runtime': 41.9603, 'eval_samples_per_second': 104.122, 'eval_steps_per_second': 3.265, 'epoch': 6.51}
{'loss': 0.4838, 'grad_norm': 4.7530059814453125, 'learning_rate': 0.0002740043452944766, 'epoch': 8.14}
{'eval_loss': 0.4585612714290619, 'eval_runtime': 41.8896, 'eval_samples_per_second': 104.298, 'eval_steps_per_second': 3.27, 'epoch': 8.14}
{'loss': 0.4742, 'grad_norm': 19.05258560180664, 'learning_rate': 0.000255902712875903, 'epoch': 9.76}
{'eval_loss': 0.49510884284973145, 'eval_runtime': 41.946, 'eval_samples_per_second': 104.158, 'eval_steps_per_second': 3.266, 'epoch': 9.76}
{'loss': 0.4683, 'grad_norm': 7.248906135559082, 'learning_rate': 0.00023401545565765396, 'epoch': 11.39}
{'eval_loss': 0.46134087443351746, 'eval_runtime': 41.9442, 'eval_samples_per_second': 104.162, 'eval_steps_per_second': 3.266, 'epoch': 11.39}
{'loss': 0.4625, 'grad_norm': 17.352853775024414, 'learning_rate': 0.00020912496099763763, 'epoch': 13.02}
{'eval_loss': 0.46035873889923096, 'eval_runtime': 41.9561, 'eval_samples_per_second': 104.133, 'eval_steps_per_second': 3.265, 'epoch': 13.02}
{'loss': 0.4591, 'grad_norm': 4.163768768310547, 'learning_rate': 0.0001821209707287337, 'epoch': 14.65}
{'eval_loss': 0.4502081274986267, 'eval_runtime': 41.8872, 'eval_samples_per_second': 104.304, 'eval_steps_per_second': 3.271, 'epoch': 14.65}
{'loss': 0.4563, 'grad_norm': 0.7753087282180786, 'learning_rate': 0.0001539687762252241, 'epoch': 16.27}
{'eval_loss': 0.4482862949371338, 'eval_runtime': 41.8698, 'eval_samples_per_second': 104.347, 'eval_steps_per_second': 3.272, 'epoch': 16.27}
{'loss': 0.4541, 'grad_norm': 4.7123870849609375, 'learning_rate': 0.00012567471285646482, 'epoch': 17.9}
{'eval_loss': 0.4479893445968628, 'eval_runtime': 41.901, 'eval_samples_per_second': 104.269, 'eval_steps_per_second': 3.27, 'epoch': 17.9}
{'loss': 0.453, 'grad_norm': 0.8761468529701233, 'learning_rate': 9.825018727166861e-05, 'epoch': 19.53}
{'eval_loss': 0.4477859437465668, 'eval_runtime': 41.817, 'eval_samples_per_second': 104.479, 'eval_steps_per_second': 3.276, 'epoch': 19.53}
{'loss': 0.4514, 'grad_norm': 5.381721019744873, 'learning_rate': 7.267552340545266e-05, 'epoch': 21.16}
{'eval_loss': 0.4466138780117035, 'eval_runtime': 41.8647, 'eval_samples_per_second': 104.36, 'eval_steps_per_second': 3.272, 'epoch': 21.16}
{'loss': 0.4502, 'grad_norm': 1.015281319618225, 'learning_rate': 4.986491957385785e-05, 'epoch': 22.78}
{'eval_loss': 0.4467591941356659, 'eval_runtime': 41.882, 'eval_samples_per_second': 104.317, 'eval_steps_per_second': 3.271, 'epoch': 22.78}
{'loss': 0.4493, 'grad_norm': 1.0095949172973633, 'learning_rate': 3.063376931322956e-05, 'epoch': 24.41}
{'eval_loss': 0.4460778832435608, 'eval_runtime': 41.8134, 'eval_samples_per_second': 104.488, 'eval_steps_per_second': 3.276, 'epoch': 24.41}
{'loss': 0.4491, 'grad_norm': 0.29609137773513794, 'learning_rate': 1.5669514119407845e-05, 'epoch': 26.04}
{'eval_loss': 0.44602394104003906, 'eval_runtime': 41.8489, 'eval_samples_per_second': 104.399, 'eval_steps_per_second': 3.274, 'epoch': 26.04}
{'loss': 0.4482, 'grad_norm': 4.097372055053711, 'learning_rate': 5.507069992483931e-06, 'epoch': 27.66}
{'eval_loss': 0.44599470496177673, 'eval_runtime': 41.8935, 'eval_samples_per_second': 104.288, 'eval_steps_per_second': 3.27, 'epoch': 27.66}
{'loss': 0.4479, 'grad_norm': 3.492995023727417, 'learning_rate': 5.097061959873582e-07, 'epoch': 29.29}
{'eval_loss': 0.44590675830841064, 'eval_runtime': 41.9648, 'eval_samples_per_second': 104.111, 'eval_steps_per_second': 3.265, 'epoch': 29.29}
{'train_runtime': 32225.6675, 'train_samples_per_second': 36.598, 'train_steps_per_second': 1.144, 'train_loss': 0.678889388769081, 'epoch': 30.0}
Evaluating (Mean Loss)...
Calculating per-sequence surprisals...
Fold 2 Evaluation per token: 0.4459
Fold 2 Entropy per sequence: 16.9186

--- Starting Fold 3/10 ---
Fold 3 sizes: Train=39314, Eval=4368
Loading tokenizer...
Found 68 POS tags: ['-LRB-', '-RRB-', 'ADD', 'ADJP', 'ADVP', 'AFX', 'CC', 'CD', 'CONJP', 'DT', 'EX', 'FRAG', 'FW', 'HYPH', 'IN', 'INTJ', 'JJ', 'JJR', 'JJS', 'LS', 'LST', 'MD', 'NFP', 'NML', 'NN', 'NNP', 'NNPS', 'NNS', 'NP', 'PDT', 'POS', 'PP', 'PRN', 'PRP', 'PRP$', 'PRT', 'QP', 'RB', 'RBR', 'RBS', 'ROOT', 'RP', 'RRC', 'S', 'SBAR', 'SBARQ', 'SINV', 'SQ', 'SYM', 'TO', 'UCP', 'UH', 'VB', 'VBD', 'VBG', 'VBN', 'VBP', 'VBZ', 'VP', 'WDT', 'WHADJP', 'WHADVP', 'WHNP', 'WHPP', 'WP', 'WP$', 'WRB', 'X']
Found 0 phrase labels: []
Adding manual additions: ( ) # $ . , ''
Preprocessing...
Token length per parse sequence: 37.2367
Initializing DualEncoder model...
Loading  weights...
Missing keys: ['prosody_encoder.pos_table', 'prosody_encoder.mag_table', 'prosody_encoder.transformer.layers.0.self_attn.in_proj_weight', 'prosody_encoder.transformer.layers.0.self_attn.in_proj_bias', 'prosody_encoder.transformer.layers.0.self_attn.out_proj.weight', 'prosody_encoder.transformer.layers.0.self_attn.out_proj.bias', 'prosody_encoder.transformer.layers.0.linear1.weight', 'prosody_encoder.transformer.layers.0.linear1.bias', 'prosody_encoder.transformer.layers.0.linear2.weight', 'prosody_encoder.transformer.layers.0.linear2.bias', 'prosody_encoder.transformer.layers.0.norm1.weight', 'prosody_encoder.transformer.layers.0.norm1.bias', 'prosody_encoder.transformer.layers.0.norm2.weight', 'prosody_encoder.transformer.layers.0.norm2.bias', 'prosody_encoder.transformer.layers.1.self_attn.in_proj_weight', 'prosody_encoder.transformer.layers.1.self_attn.in_proj_bias', 'prosody_encoder.transformer.layers.1.self_attn.out_proj.weight', 'prosody_encoder.transformer.layers.1.self_attn.out_proj.bias', 'prosody_encoder.transformer.layers.1.linear1.weight', 'prosody_encoder.transformer.layers.1.linear1.bias', 'prosody_encoder.transformer.layers.1.linear2.weight', 'prosody_encoder.transformer.layers.1.linear2.bias', 'prosody_encoder.transformer.layers.1.norm1.weight', 'prosody_encoder.transformer.layers.1.norm1.bias', 'prosody_encoder.transformer.layers.1.norm2.weight', 'prosody_encoder.transformer.layers.1.norm2.bias', 'prosody_encoder.up_proj.weight', 'prosody_encoder.up_proj.bias', 'prosody_up.weight', 'prosody_up.bias', 'cross_attn.in_proj_weight', 'cross_attn.in_proj_bias', 'cross_attn.out_proj.weight', 'cross_attn.out_proj.bias', 'fusion_layer_norm.weight', 'fusion_layer_norm.bias']
Unexpected keys: []
Re-initializing decoder layer, to be trained from scratch
Training...
{'loss': 4.1891, 'grad_norm': 13.949947357177734, 'learning_rate': 0.00016265256305939788, 'epoch': 1.63}
{'eval_loss': 0.5011351704597473, 'eval_runtime': 41.8429, 'eval_samples_per_second': 104.391, 'eval_steps_per_second': 3.274, 'epoch': 1.63}
{'loss': 0.6376, 'grad_norm': 19.150148391723633, 'learning_rate': 0.0002999345654191567, 'epoch': 3.25}
{'eval_loss': 0.4988883435726166, 'eval_runtime': 41.8725, 'eval_samples_per_second': 104.317, 'eval_steps_per_second': 3.272, 'epoch': 3.25}
{'loss': 0.5338, 'grad_norm': 12.192127227783203, 'learning_rate': 0.0002964209259081431, 'epoch': 4.88}
{'eval_loss': 0.46481794118881226, 'eval_runtime': 41.9845, 'eval_samples_per_second': 104.038, 'eval_steps_per_second': 3.263, 'epoch': 4.88}
{'loss': 0.5017, 'grad_norm': 5.02470064163208, 'learning_rate': 0.00028767328744415817, 'epoch': 6.51}
{'eval_loss': 0.4769049286842346, 'eval_runtime': 41.9021, 'eval_samples_per_second': 104.243, 'eval_steps_per_second': 3.27, 'epoch': 6.51}
{'loss': 0.4869, 'grad_norm': 0.9614138007164001, 'learning_rate': 0.0002740043452944766, 'epoch': 8.14}
{'eval_loss': 0.4554494619369507, 'eval_runtime': 41.8167, 'eval_samples_per_second': 104.456, 'eval_steps_per_second': 3.276, 'epoch': 8.14}
{'loss': 0.4741, 'grad_norm': 9.958555221557617, 'learning_rate': 0.000255902712875903, 'epoch': 9.76}
{'eval_loss': 0.48376092314720154, 'eval_runtime': 41.9252, 'eval_samples_per_second': 104.186, 'eval_steps_per_second': 3.268, 'epoch': 9.76}
{'loss': 0.4688, 'grad_norm': 5.7595086097717285, 'learning_rate': 0.00023401545565765396, 'epoch': 11.39}
{'eval_loss': 0.4679694175720215, 'eval_runtime': 41.9365, 'eval_samples_per_second': 104.157, 'eval_steps_per_second': 3.267, 'epoch': 11.39}
{'loss': 0.4655, 'grad_norm': 3.817920684814453, 'learning_rate': 0.00020912496099763763, 'epoch': 13.02}
{'eval_loss': 0.4524092674255371, 'eval_runtime': 41.9675, 'eval_samples_per_second': 104.08, 'eval_steps_per_second': 3.264, 'epoch': 13.02}
{'loss': 0.4607, 'grad_norm': 15.588316917419434, 'learning_rate': 0.0001821209707287337, 'epoch': 14.65}
{'eval_loss': 0.4509401023387909, 'eval_runtime': 41.927, 'eval_samples_per_second': 104.181, 'eval_steps_per_second': 3.268, 'epoch': 14.65}
{'loss': 0.4567, 'grad_norm': 4.97509241104126, 'learning_rate': 0.0001539687762252241, 'epoch': 16.27}
{'eval_loss': 0.44889822602272034, 'eval_runtime': 41.9335, 'eval_samples_per_second': 104.165, 'eval_steps_per_second': 3.267, 'epoch': 16.27}
{'loss': 0.4553, 'grad_norm': 4.18756628036499, 'learning_rate': 0.00012567471285646482, 'epoch': 17.9}
Loading data...
Loaded 43682 examples.

--- Starting Fold 1/10 ---
Fold 1 sizes: Train=39313, Eval=4369
Loading tokenizer...
Found 68 POS tags: ['-LRB-', '-RRB-', 'ADD', 'ADJP', 'ADVP', 'AFX', 'CC', 'CD', 'CONJP', 'DT', 'EX', 'FRAG', 'FW', 'HYPH', 'IN', 'INTJ', 'JJ', 'JJR', 'JJS', 'LS', 'LST', 'MD', 'NFP', 'NML', 'NN', 'NNP', 'NNPS', 'NNS', 'NP', 'PDT', 'POS', 'PP', 'PRN', 'PRP', 'PRP$', 'PRT', 'QP', 'RB', 'RBR', 'RBS', 'ROOT', 'RP', 'RRC', 'S', 'SBAR', 'SBARQ', 'SINV', 'SQ', 'SYM', 'TO', 'UCP', 'UH', 'VB', 'VBD', 'VBG', 'VBN', 'VBP', 'VBZ', 'VP', 'WDT', 'WHADJP', 'WHADVP', 'WHNP', 'WHPP', 'WP', 'WP$', 'WRB', 'X']
Found 0 phrase labels: []
Adding manual additions: ( ) # $ . , ''
Preprocessing...
Token length per parse sequence: 37.6812
Initializing DualEncoder model...
Loading  weights...
Missing keys: ['prosody_encoder.pos_table', 'prosody_encoder.mag_table', 'prosody_encoder.transformer.layers.0.self_attn.in_proj_weight', 'prosody_encoder.transformer.layers.0.self_attn.in_proj_bias', 'prosody_encoder.transformer.layers.0.self_attn.out_proj.weight', 'prosody_encoder.transformer.layers.0.self_attn.out_proj.bias', 'prosody_encoder.transformer.layers.0.linear1.weight', 'prosody_encoder.transformer.layers.0.linear1.bias', 'prosody_encoder.transformer.layers.0.linear2.weight', 'prosody_encoder.transformer.layers.0.linear2.bias', 'prosody_encoder.transformer.layers.0.norm1.weight', 'prosody_encoder.transformer.layers.0.norm1.bias', 'prosody_encoder.transformer.layers.0.norm2.weight', 'prosody_encoder.transformer.layers.0.norm2.bias', 'prosody_encoder.transformer.layers.1.self_attn.in_proj_weight', 'prosody_encoder.transformer.layers.1.self_attn.in_proj_bias', 'prosody_encoder.transformer.layers.1.self_attn.out_proj.weight', 'prosody_encoder.transformer.layers.1.self_attn.out_proj.bias', 'prosody_encoder.transformer.layers.1.linear1.weight', 'prosody_encoder.transformer.layers.1.linear1.bias', 'prosody_encoder.transformer.layers.1.linear2.weight', 'prosody_encoder.transformer.layers.1.linear2.bias', 'prosody_encoder.transformer.layers.1.norm1.weight', 'prosody_encoder.transformer.layers.1.norm1.bias', 'prosody_encoder.transformer.layers.1.norm2.weight', 'prosody_encoder.transformer.layers.1.norm2.bias', 'prosody_encoder.up_proj.weight', 'prosody_encoder.up_proj.bias', 'prosody_up.weight', 'prosody_up.bias', 'cross_attn.in_proj_weight', 'cross_attn.in_proj_bias', 'cross_attn.out_proj.weight', 'cross_attn.out_proj.bias', 'fusion_layer_norm.weight', 'fusion_layer_norm.bias']
Unexpected keys: []
Re-initializing decoder layer, to be trained from scratch
Training...
Loading data...
Loaded 43682 examples.

--- Starting Fold 1/10 ---
Fold 1 sizes: Train=39313, Eval=4369
Loading tokenizer...
Found 68 POS tags: ['-LRB-', '-RRB-', 'ADD', 'ADJP', 'ADVP', 'AFX', 'CC', 'CD', 'CONJP', 'DT', 'EX', 'FRAG', 'FW', 'HYPH', 'IN', 'INTJ', 'JJ', 'JJR', 'JJS', 'LS', 'LST', 'MD', 'NFP', 'NML', 'NN', 'NNP', 'NNPS', 'NNS', 'NP', 'PDT', 'POS', 'PP', 'PRN', 'PRP', 'PRP$', 'PRT', 'QP', 'RB', 'RBR', 'RBS', 'ROOT', 'RP', 'RRC', 'S', 'SBAR', 'SBARQ', 'SINV', 'SQ', 'SYM', 'TO', 'UCP', 'UH', 'VB', 'VBD', 'VBG', 'VBN', 'VBP', 'VBZ', 'VP', 'WDT', 'WHADJP', 'WHADVP', 'WHNP', 'WHPP', 'WP', 'WP$', 'WRB', 'X']
Found 0 phrase labels: []
Adding manual additions: ( ) # $ . , ''
Preprocessing...
Token length per parse sequence: 37.6812
Initializing DualEncoder model...
Loading  weights...
Missing keys: ['prosody_encoder.pos_table', 'prosody_encoder.mag_table', 'prosody_encoder.transformer.layers.0.self_attn.in_proj_weight', 'prosody_encoder.transformer.layers.0.self_attn.in_proj_bias', 'prosody_encoder.transformer.layers.0.self_attn.out_proj.weight', 'prosody_encoder.transformer.layers.0.self_attn.out_proj.bias', 'prosody_encoder.transformer.layers.0.linear1.weight', 'prosody_encoder.transformer.layers.0.linear1.bias', 'prosody_encoder.transformer.layers.0.linear2.weight', 'prosody_encoder.transformer.layers.0.linear2.bias', 'prosody_encoder.transformer.layers.0.norm1.weight', 'prosody_encoder.transformer.layers.0.norm1.bias', 'prosody_encoder.transformer.layers.0.norm2.weight', 'prosody_encoder.transformer.layers.0.norm2.bias', 'prosody_encoder.transformer.layers.1.self_attn.in_proj_weight', 'prosody_encoder.transformer.layers.1.self_attn.in_proj_bias', 'prosody_encoder.transformer.layers.1.self_attn.out_proj.weight', 'prosody_encoder.transformer.layers.1.self_attn.out_proj.bias', 'prosody_encoder.transformer.layers.1.linear1.weight', 'prosody_encoder.transformer.layers.1.linear1.bias', 'prosody_encoder.transformer.layers.1.linear2.weight', 'prosody_encoder.transformer.layers.1.linear2.bias', 'prosody_encoder.transformer.layers.1.norm1.weight', 'prosody_encoder.transformer.layers.1.norm1.bias', 'prosody_encoder.transformer.layers.1.norm2.weight', 'prosody_encoder.transformer.layers.1.norm2.bias', 'prosody_encoder.up_proj.weight', 'prosody_encoder.up_proj.bias', 'prosody_up.weight', 'prosody_up.bias', 'cross_attn.in_proj_weight', 'cross_attn.in_proj_bias', 'cross_attn.out_proj.weight', 'cross_attn.out_proj.bias', 'fusion_layer_norm.weight', 'fusion_layer_norm.bias']
Unexpected keys: []
Re-initializing decoder layer, to be trained from scratch
Training...
{'loss': 4.2371, 'grad_norm': 44.637062072753906, 'learning_rate': 0.00016265256305939788, 'epoch': 1.63}
{'eval_loss': 0.6796854734420776, 'eval_runtime': 42.1501, 'eval_samples_per_second': 103.653, 'eval_steps_per_second': 3.25, 'epoch': 1.63}
{'loss': 0.6447, 'grad_norm': 9.788993835449219, 'learning_rate': 0.0002999345654191567, 'epoch': 3.25}
{'eval_loss': 0.488569051027298, 'eval_runtime': 41.7464, 'eval_samples_per_second': 104.656, 'eval_steps_per_second': 3.282, 'epoch': 3.25}
{'loss': 0.532, 'grad_norm': 6.8878889083862305, 'learning_rate': 0.0002964209259081431, 'epoch': 4.88}
{'eval_loss': 0.46449151635169983, 'eval_runtime': 41.8037, 'eval_samples_per_second': 104.512, 'eval_steps_per_second': 3.277, 'epoch': 4.88}
{'loss': 0.502, 'grad_norm': 1.5240000486373901, 'learning_rate': 0.00028767328744415817, 'epoch': 6.51}
{'eval_loss': 0.45925119519233704, 'eval_runtime': 41.8656, 'eval_samples_per_second': 104.358, 'eval_steps_per_second': 3.272, 'epoch': 6.51}
{'loss': 0.4848, 'grad_norm': 11.12225341796875, 'learning_rate': 0.0002740043452944766, 'epoch': 8.14}
{'eval_loss': 0.4603734314441681, 'eval_runtime': 41.839, 'eval_samples_per_second': 104.424, 'eval_steps_per_second': 3.274, 'epoch': 8.14}
{'loss': 0.4735, 'grad_norm': 0.8946043252944946, 'learning_rate': 0.000255902712875903, 'epoch': 9.76}
{'eval_loss': 0.45960697531700134, 'eval_runtime': 41.7958, 'eval_samples_per_second': 104.532, 'eval_steps_per_second': 3.278, 'epoch': 9.76}
{'loss': 0.4681, 'grad_norm': 13.600847244262695, 'learning_rate': 0.00023401545565765396, 'epoch': 11.39}
{'eval_loss': 0.4804454743862152, 'eval_runtime': 41.7703, 'eval_samples_per_second': 104.596, 'eval_steps_per_second': 3.28, 'epoch': 11.39}
{'loss': 0.4638, 'grad_norm': 1.0124033689498901, 'learning_rate': 0.00020912496099763763, 'epoch': 13.02}
{'eval_loss': 0.45265281200408936, 'eval_runtime': 41.752, 'eval_samples_per_second': 104.642, 'eval_steps_per_second': 3.281, 'epoch': 13.02}
{'loss': 0.4602, 'grad_norm': 5.258047580718994, 'learning_rate': 0.0001821209707287337, 'epoch': 14.65}
{'eval_loss': 0.4510083496570587, 'eval_runtime': 41.8471, 'eval_samples_per_second': 104.404, 'eval_steps_per_second': 3.274, 'epoch': 14.65}
{'loss': 0.4569, 'grad_norm': 9.491724967956543, 'learning_rate': 0.0001539687762252241, 'epoch': 16.27}
{'eval_loss': 0.4503418803215027, 'eval_runtime': 41.799, 'eval_samples_per_second': 104.524, 'eval_steps_per_second': 3.278, 'epoch': 16.27}
{'loss': 0.4546, 'grad_norm': 0.6707266569137573, 'learning_rate': 0.00012567471285646482, 'epoch': 17.9}
Loading data...
Loaded 43682 examples.

--- Starting Fold 1/10 ---
Fold 1 sizes: Train=39313, Eval=4369
Loading tokenizer...
Found 68 POS tags: ['-LRB-', '-RRB-', 'ADD', 'ADJP', 'ADVP', 'AFX', 'CC', 'CD', 'CONJP', 'DT', 'EX', 'FRAG', 'FW', 'HYPH', 'IN', 'INTJ', 'JJ', 'JJR', 'JJS', 'LS', 'LST', 'MD', 'NFP', 'NML', 'NN', 'NNP', 'NNPS', 'NNS', 'NP', 'PDT', 'POS', 'PP', 'PRN', 'PRP', 'PRP$', 'PRT', 'QP', 'RB', 'RBR', 'RBS', 'ROOT', 'RP', 'RRC', 'S', 'SBAR', 'SBARQ', 'SINV', 'SQ', 'SYM', 'TO', 'UCP', 'UH', 'VB', 'VBD', 'VBG', 'VBN', 'VBP', 'VBZ', 'VP', 'WDT', 'WHADJP', 'WHADVP', 'WHNP', 'WHPP', 'WP', 'WP$', 'WRB', 'X']
Found 0 phrase labels: []
Adding manual additions: ( ) # $ . , ''
Preprocessing...
Token length per parse sequence: 37.6812
Initializing DualEncoder model...
Loading  weights...
Missing keys: ['prosody_encoder.pos_table', 'prosody_encoder.mag_table', 'prosody_encoder.transformer.layers.0.self_attn.in_proj_weight', 'prosody_encoder.transformer.layers.0.self_attn.in_proj_bias', 'prosody_encoder.transformer.layers.0.self_attn.out_proj.weight', 'prosody_encoder.transformer.layers.0.self_attn.out_proj.bias', 'prosody_encoder.transformer.layers.0.linear1.weight', 'prosody_encoder.transformer.layers.0.linear1.bias', 'prosody_encoder.transformer.layers.0.linear2.weight', 'prosody_encoder.transformer.layers.0.linear2.bias', 'prosody_encoder.transformer.layers.0.norm1.weight', 'prosody_encoder.transformer.layers.0.norm1.bias', 'prosody_encoder.transformer.layers.0.norm2.weight', 'prosody_encoder.transformer.layers.0.norm2.bias', 'prosody_encoder.transformer.layers.1.self_attn.in_proj_weight', 'prosody_encoder.transformer.layers.1.self_attn.in_proj_bias', 'prosody_encoder.transformer.layers.1.self_attn.out_proj.weight', 'prosody_encoder.transformer.layers.1.self_attn.out_proj.bias', 'prosody_encoder.transformer.layers.1.linear1.weight', 'prosody_encoder.transformer.layers.1.linear1.bias', 'prosody_encoder.transformer.layers.1.linear2.weight', 'prosody_encoder.transformer.layers.1.linear2.bias', 'prosody_encoder.transformer.layers.1.norm1.weight', 'prosody_encoder.transformer.layers.1.norm1.bias', 'prosody_encoder.transformer.layers.1.norm2.weight', 'prosody_encoder.transformer.layers.1.norm2.bias', 'prosody_encoder.up_proj.weight', 'prosody_encoder.up_proj.bias', 'prosody_up.weight', 'prosody_up.bias', 'cross_attn.in_proj_weight', 'cross_attn.in_proj_bias', 'cross_attn.out_proj.weight', 'cross_attn.out_proj.bias', 'fusion_layer_norm.weight', 'fusion_layer_norm.bias']
Unexpected keys: []
Re-initializing decoder layer, to be trained from scratch
Training...
{'loss': 4.2371, 'grad_norm': 44.637062072753906, 'learning_rate': 0.00016265256305939788, 'epoch': 1.63}
{'eval_loss': 0.6796854734420776, 'eval_runtime': 42.9962, 'eval_samples_per_second': 101.614, 'eval_steps_per_second': 3.186, 'epoch': 1.63}
{'loss': 0.6447, 'grad_norm': 9.788993835449219, 'learning_rate': 0.0002999345654191567, 'epoch': 3.25}
{'eval_loss': 0.488569051027298, 'eval_runtime': 43.0813, 'eval_samples_per_second': 101.413, 'eval_steps_per_second': 3.18, 'epoch': 3.25}
{'loss': 0.5319, 'grad_norm': 17.503021240234375, 'learning_rate': 0.0002964209259081431, 'epoch': 4.88}
{'eval_loss': 0.5600594282150269, 'eval_runtime': 43.1171, 'eval_samples_per_second': 101.329, 'eval_steps_per_second': 3.177, 'epoch': 4.88}
{'loss': 0.502, 'grad_norm': 24.256216049194336, 'learning_rate': 0.00028767328744415817, 'epoch': 6.51}
{'eval_loss': 0.7197474837303162, 'eval_runtime': 43.079, 'eval_samples_per_second': 101.418, 'eval_steps_per_second': 3.18, 'epoch': 6.51}
{'loss': 0.4864, 'grad_norm': 4.459962844848633, 'learning_rate': 0.0002740043452944766, 'epoch': 8.14}
{'eval_loss': 0.4766075015068054, 'eval_runtime': 43.153, 'eval_samples_per_second': 101.244, 'eval_steps_per_second': 3.175, 'epoch': 8.14}
{'loss': 0.4736, 'grad_norm': 2.2240800857543945, 'learning_rate': 0.000255902712875903, 'epoch': 9.76}
{'eval_loss': 0.46852099895477295, 'eval_runtime': 43.0062, 'eval_samples_per_second': 101.59, 'eval_steps_per_second': 3.186, 'epoch': 9.76}
{'loss': 0.4687, 'grad_norm': 10.201611518859863, 'learning_rate': 0.00023401545565765396, 'epoch': 11.39}
{'eval_loss': 0.4617212116718292, 'eval_runtime': 43.1225, 'eval_samples_per_second': 101.316, 'eval_steps_per_second': 3.177, 'epoch': 11.39}
{'loss': 0.4632, 'grad_norm': 3.2992966175079346, 'learning_rate': 0.00020912496099763763, 'epoch': 13.02}
{'eval_loss': 0.4519684910774231, 'eval_runtime': 43.0056, 'eval_samples_per_second': 101.591, 'eval_steps_per_second': 3.186, 'epoch': 13.02}
{'loss': 0.4602, 'grad_norm': 0.7689303755760193, 'learning_rate': 0.0001821209707287337, 'epoch': 14.65}
{'eval_loss': 0.45151394605636597, 'eval_runtime': 43.0895, 'eval_samples_per_second': 101.394, 'eval_steps_per_second': 3.179, 'epoch': 14.65}
{'loss': 0.4571, 'grad_norm': 8.379515647888184, 'learning_rate': 0.0001539687762252241, 'epoch': 16.27}
{'eval_loss': 0.4516378343105316, 'eval_runtime': 43.1902, 'eval_samples_per_second': 101.157, 'eval_steps_per_second': 3.172, 'epoch': 16.27}
{'loss': 0.4548, 'grad_norm': 1.2208583354949951, 'learning_rate': 0.00012567471285646482, 'epoch': 17.9}
{'eval_loss': 0.44956541061401367, 'eval_runtime': 43.1411, 'eval_samples_per_second': 101.272, 'eval_steps_per_second': 3.176, 'epoch': 17.9}
{'loss': 0.4532, 'grad_norm': 6.363802433013916, 'learning_rate': 9.825018727166861e-05, 'epoch': 19.53}
{'eval_loss': 0.4482565224170685, 'eval_runtime': 43.1274, 'eval_samples_per_second': 101.304, 'eval_steps_per_second': 3.177, 'epoch': 19.53}
{'loss': 0.4518, 'grad_norm': 0.46134328842163086, 'learning_rate': 7.267552340545266e-05, 'epoch': 21.16}
{'eval_loss': 0.447609007358551, 'eval_runtime': 43.1294, 'eval_samples_per_second': 101.3, 'eval_steps_per_second': 3.176, 'epoch': 21.16}
{'loss': 0.4508, 'grad_norm': 1.433931589126587, 'learning_rate': 4.986491957385785e-05, 'epoch': 22.78}
{'eval_loss': 0.4476994276046753, 'eval_runtime': 43.1511, 'eval_samples_per_second': 101.249, 'eval_steps_per_second': 3.175, 'epoch': 22.78}
{'loss': 0.4494, 'grad_norm': 5.916326522827148, 'learning_rate': 3.063376931322956e-05, 'epoch': 24.41}
{'eval_loss': 0.44721996784210205, 'eval_runtime': 43.1278, 'eval_samples_per_second': 101.304, 'eval_steps_per_second': 3.177, 'epoch': 24.41}
{'loss': 0.449, 'grad_norm': 2.76383638381958, 'learning_rate': 1.5669514119407845e-05, 'epoch': 26.04}
{'eval_loss': 0.44699522852897644, 'eval_runtime': 43.0423, 'eval_samples_per_second': 101.505, 'eval_steps_per_second': 3.183, 'epoch': 26.04}
{'loss': 0.4485, 'grad_norm': 4.392018795013428, 'learning_rate': 5.507069992483931e-06, 'epoch': 27.66}
{'eval_loss': 0.4472852647304535, 'eval_runtime': 43.1286, 'eval_samples_per_second': 101.302, 'eval_steps_per_second': 3.177, 'epoch': 27.66}
{'loss': 0.4484, 'grad_norm': 5.11570930480957, 'learning_rate': 5.097061959873582e-07, 'epoch': 29.29}
{'eval_loss': 0.44688472151756287, 'eval_runtime': 43.0701, 'eval_samples_per_second': 101.439, 'eval_steps_per_second': 3.181, 'epoch': 29.29}
{'train_runtime': 32571.6648, 'train_samples_per_second': 36.209, 'train_steps_per_second': 1.132, 'train_loss': 0.6794575636646176, 'epoch': 30.0}
Evaluating (Mean Loss)...
Calculating per-sequence surprisals...
Fold 1 Evaluation per token: 0.4469
Fold 1 Entropy per sequence: 16.8391

--- Starting Fold 2/10 ---
Fold 2 sizes: Train=39313, Eval=4369
Loading tokenizer...
Found 68 POS tags: ['-LRB-', '-RRB-', 'ADD', 'ADJP', 'ADVP', 'AFX', 'CC', 'CD', 'CONJP', 'DT', 'EX', 'FRAG', 'FW', 'HYPH', 'IN', 'INTJ', 'JJ', 'JJR', 'JJS', 'LS', 'LST', 'MD', 'NFP', 'NML', 'NN', 'NNP', 'NNPS', 'NNS', 'NP', 'PDT', 'POS', 'PP', 'PRN', 'PRP', 'PRP$', 'PRT', 'QP', 'RB', 'RBR', 'RBS', 'ROOT', 'RP', 'RRC', 'S', 'SBAR', 'SBARQ', 'SINV', 'SQ', 'SYM', 'TO', 'UCP', 'UH', 'VB', 'VBD', 'VBG', 'VBN', 'VBP', 'VBZ', 'VP', 'WDT', 'WHADJP', 'WHADVP', 'WHNP', 'WHPP', 'WP', 'WP$', 'WRB', 'X']
Found 0 phrase labels: []
Adding manual additions: ( ) # $ . , ''
Preprocessing...
Token length per parse sequence: 37.9421
Initializing DualEncoder model...
Loading  weights...
Missing keys: ['prosody_encoder.pos_table', 'prosody_encoder.mag_table', 'prosody_encoder.transformer.layers.0.self_attn.in_proj_weight', 'prosody_encoder.transformer.layers.0.self_attn.in_proj_bias', 'prosody_encoder.transformer.layers.0.self_attn.out_proj.weight', 'prosody_encoder.transformer.layers.0.self_attn.out_proj.bias', 'prosody_encoder.transformer.layers.0.linear1.weight', 'prosody_encoder.transformer.layers.0.linear1.bias', 'prosody_encoder.transformer.layers.0.linear2.weight', 'prosody_encoder.transformer.layers.0.linear2.bias', 'prosody_encoder.transformer.layers.0.norm1.weight', 'prosody_encoder.transformer.layers.0.norm1.bias', 'prosody_encoder.transformer.layers.0.norm2.weight', 'prosody_encoder.transformer.layers.0.norm2.bias', 'prosody_encoder.transformer.layers.1.self_attn.in_proj_weight', 'prosody_encoder.transformer.layers.1.self_attn.in_proj_bias', 'prosody_encoder.transformer.layers.1.self_attn.out_proj.weight', 'prosody_encoder.transformer.layers.1.self_attn.out_proj.bias', 'prosody_encoder.transformer.layers.1.linear1.weight', 'prosody_encoder.transformer.layers.1.linear1.bias', 'prosody_encoder.transformer.layers.1.linear2.weight', 'prosody_encoder.transformer.layers.1.linear2.bias', 'prosody_encoder.transformer.layers.1.norm1.weight', 'prosody_encoder.transformer.layers.1.norm1.bias', 'prosody_encoder.transformer.layers.1.norm2.weight', 'prosody_encoder.transformer.layers.1.norm2.bias', 'prosody_encoder.up_proj.weight', 'prosody_encoder.up_proj.bias', 'prosody_up.weight', 'prosody_up.bias', 'cross_attn.in_proj_weight', 'cross_attn.in_proj_bias', 'cross_attn.out_proj.weight', 'cross_attn.out_proj.bias', 'fusion_layer_norm.weight', 'fusion_layer_norm.bias']
Unexpected keys: []
Re-initializing decoder layer, to be trained from scratch
Training...
{'loss': 4.2289, 'grad_norm': 5.967540264129639, 'learning_rate': 0.00016265256305939788, 'epoch': 1.63}
{'eval_loss': 0.5246396064758301, 'eval_runtime': 43.0589, 'eval_samples_per_second': 101.466, 'eval_steps_per_second': 3.182, 'epoch': 1.63}
{'loss': 0.6421, 'grad_norm': 12.061474800109863, 'learning_rate': 0.0002999345654191567, 'epoch': 3.25}
{'eval_loss': 0.6893802285194397, 'eval_runtime': 43.1393, 'eval_samples_per_second': 101.276, 'eval_steps_per_second': 3.176, 'epoch': 3.25}
{'loss': 0.5382, 'grad_norm': 3.7961838245391846, 'learning_rate': 0.0002964209259081431, 'epoch': 4.88}
{'eval_loss': 0.4915749132633209, 'eval_runtime': 42.9802, 'eval_samples_per_second': 101.651, 'eval_steps_per_second': 3.188, 'epoch': 4.88}
{'loss': 0.5037, 'grad_norm': 4.624629497528076, 'learning_rate': 0.00028767328744415817, 'epoch': 6.51}
{'eval_loss': 0.48207682371139526, 'eval_runtime': 43.0485, 'eval_samples_per_second': 101.49, 'eval_steps_per_second': 3.182, 'epoch': 6.51}
{'loss': 0.4838, 'grad_norm': 4.7530059814453125, 'learning_rate': 0.0002740043452944766, 'epoch': 8.14}
{'eval_loss': 0.4585612714290619, 'eval_runtime': 43.0832, 'eval_samples_per_second': 101.408, 'eval_steps_per_second': 3.18, 'epoch': 8.14}
{'loss': 0.4742, 'grad_norm': 19.05258560180664, 'learning_rate': 0.000255902712875903, 'epoch': 9.76}
{'eval_loss': 0.49510884284973145, 'eval_runtime': 43.0736, 'eval_samples_per_second': 101.431, 'eval_steps_per_second': 3.181, 'epoch': 9.76}
{'loss': 0.4683, 'grad_norm': 7.248906135559082, 'learning_rate': 0.00023401545565765396, 'epoch': 11.39}
{'eval_loss': 0.46134087443351746, 'eval_runtime': 43.0121, 'eval_samples_per_second': 101.576, 'eval_steps_per_second': 3.185, 'epoch': 11.39}
{'loss': 0.4625, 'grad_norm': 17.352853775024414, 'learning_rate': 0.00020912496099763763, 'epoch': 13.02}
{'eval_loss': 0.46035873889923096, 'eval_runtime': 43.0486, 'eval_samples_per_second': 101.49, 'eval_steps_per_second': 3.182, 'epoch': 13.02}
{'loss': 0.4591, 'grad_norm': 4.163768768310547, 'learning_rate': 0.0001821209707287337, 'epoch': 14.65}
{'eval_loss': 0.4502081274986267, 'eval_runtime': 42.988, 'eval_samples_per_second': 101.633, 'eval_steps_per_second': 3.187, 'epoch': 14.65}
{'loss': 0.4563, 'grad_norm': 0.7753087282180786, 'learning_rate': 0.0001539687762252241, 'epoch': 16.27}
{'eval_loss': 0.4482862949371338, 'eval_runtime': 43.0902, 'eval_samples_per_second': 101.392, 'eval_steps_per_second': 3.179, 'epoch': 16.27}
{'loss': 0.4541, 'grad_norm': 4.7123870849609375, 'learning_rate': 0.00012567471285646482, 'epoch': 17.9}
{'eval_loss': 0.4479893445968628, 'eval_runtime': 43.1278, 'eval_samples_per_second': 101.304, 'eval_steps_per_second': 3.177, 'epoch': 17.9}
{'loss': 0.453, 'grad_norm': 0.8761468529701233, 'learning_rate': 9.825018727166861e-05, 'epoch': 19.53}
{'eval_loss': 0.4477859437465668, 'eval_runtime': 43.0783, 'eval_samples_per_second': 101.42, 'eval_steps_per_second': 3.18, 'epoch': 19.53}
{'loss': 0.4514, 'grad_norm': 5.381721019744873, 'learning_rate': 7.267552340545266e-05, 'epoch': 21.16}
{'eval_loss': 0.4466138780117035, 'eval_runtime': 42.9699, 'eval_samples_per_second': 101.676, 'eval_steps_per_second': 3.188, 'epoch': 21.16}
{'loss': 0.4502, 'grad_norm': 1.015281319618225, 'learning_rate': 4.986491957385785e-05, 'epoch': 22.78}
{'eval_loss': 0.4467591941356659, 'eval_runtime': 43.0817, 'eval_samples_per_second': 101.412, 'eval_steps_per_second': 3.18, 'epoch': 22.78}
{'loss': 0.4493, 'grad_norm': 1.0095949172973633, 'learning_rate': 3.063376931322956e-05, 'epoch': 24.41}
{'eval_loss': 0.4460778832435608, 'eval_runtime': 43.1118, 'eval_samples_per_second': 101.341, 'eval_steps_per_second': 3.178, 'epoch': 24.41}
{'loss': 0.4491, 'grad_norm': 0.29609137773513794, 'learning_rate': 1.5669514119407845e-05, 'epoch': 26.04}
{'eval_loss': 0.44602394104003906, 'eval_runtime': 43.0972, 'eval_samples_per_second': 101.375, 'eval_steps_per_second': 3.179, 'epoch': 26.04}
{'loss': 0.4482, 'grad_norm': 4.097372055053711, 'learning_rate': 5.507069992483931e-06, 'epoch': 27.66}
{'eval_loss': 0.44599470496177673, 'eval_runtime': 43.0778, 'eval_samples_per_second': 101.421, 'eval_steps_per_second': 3.18, 'epoch': 27.66}
{'loss': 0.4479, 'grad_norm': 3.492995023727417, 'learning_rate': 5.097061959873582e-07, 'epoch': 29.29}
{'eval_loss': 0.44590675830841064, 'eval_runtime': 43.098, 'eval_samples_per_second': 101.374, 'eval_steps_per_second': 3.179, 'epoch': 29.29}
{'train_runtime': 32601.2503, 'train_samples_per_second': 36.176, 'train_steps_per_second': 1.131, 'train_loss': 0.678889388769081, 'epoch': 30.0}
Evaluating (Mean Loss)...
Calculating per-sequence surprisals...
Fold 2 Evaluation per token: 0.4459
Fold 2 Entropy per sequence: 16.9186

--- Starting Fold 3/10 ---
Fold 3 sizes: Train=39314, Eval=4368
Loading tokenizer...
Found 68 POS tags: ['-LRB-', '-RRB-', 'ADD', 'ADJP', 'ADVP', 'AFX', 'CC', 'CD', 'CONJP', 'DT', 'EX', 'FRAG', 'FW', 'HYPH', 'IN', 'INTJ', 'JJ', 'JJR', 'JJS', 'LS', 'LST', 'MD', 'NFP', 'NML', 'NN', 'NNP', 'NNPS', 'NNS', 'NP', 'PDT', 'POS', 'PP', 'PRN', 'PRP', 'PRP$', 'PRT', 'QP', 'RB', 'RBR', 'RBS', 'ROOT', 'RP', 'RRC', 'S', 'SBAR', 'SBARQ', 'SINV', 'SQ', 'SYM', 'TO', 'UCP', 'UH', 'VB', 'VBD', 'VBG', 'VBN', 'VBP', 'VBZ', 'VP', 'WDT', 'WHADJP', 'WHADVP', 'WHNP', 'WHPP', 'WP', 'WP$', 'WRB', 'X']
Found 0 phrase labels: []
Adding manual additions: ( ) # $ . , ''
Preprocessing...
Token length per parse sequence: 37.2367
Initializing DualEncoder model...
Loading  weights...
Missing keys: ['prosody_encoder.pos_table', 'prosody_encoder.mag_table', 'prosody_encoder.transformer.layers.0.self_attn.in_proj_weight', 'prosody_encoder.transformer.layers.0.self_attn.in_proj_bias', 'prosody_encoder.transformer.layers.0.self_attn.out_proj.weight', 'prosody_encoder.transformer.layers.0.self_attn.out_proj.bias', 'prosody_encoder.transformer.layers.0.linear1.weight', 'prosody_encoder.transformer.layers.0.linear1.bias', 'prosody_encoder.transformer.layers.0.linear2.weight', 'prosody_encoder.transformer.layers.0.linear2.bias', 'prosody_encoder.transformer.layers.0.norm1.weight', 'prosody_encoder.transformer.layers.0.norm1.bias', 'prosody_encoder.transformer.layers.0.norm2.weight', 'prosody_encoder.transformer.layers.0.norm2.bias', 'prosody_encoder.transformer.layers.1.self_attn.in_proj_weight', 'prosody_encoder.transformer.layers.1.self_attn.in_proj_bias', 'prosody_encoder.transformer.layers.1.self_attn.out_proj.weight', 'prosody_encoder.transformer.layers.1.self_attn.out_proj.bias', 'prosody_encoder.transformer.layers.1.linear1.weight', 'prosody_encoder.transformer.layers.1.linear1.bias', 'prosody_encoder.transformer.layers.1.linear2.weight', 'prosody_encoder.transformer.layers.1.linear2.bias', 'prosody_encoder.transformer.layers.1.norm1.weight', 'prosody_encoder.transformer.layers.1.norm1.bias', 'prosody_encoder.transformer.layers.1.norm2.weight', 'prosody_encoder.transformer.layers.1.norm2.bias', 'prosody_encoder.up_proj.weight', 'prosody_encoder.up_proj.bias', 'prosody_up.weight', 'prosody_up.bias', 'cross_attn.in_proj_weight', 'cross_attn.in_proj_bias', 'cross_attn.out_proj.weight', 'cross_attn.out_proj.bias', 'fusion_layer_norm.weight', 'fusion_layer_norm.bias']
Unexpected keys: []
Re-initializing decoder layer, to be trained from scratch
Training...
{'loss': 4.1891, 'grad_norm': 13.949947357177734, 'learning_rate': 0.00016265256305939788, 'epoch': 1.63}
{'eval_loss': 0.5011351704597473, 'eval_runtime': 43.0437, 'eval_samples_per_second': 101.478, 'eval_steps_per_second': 3.183, 'epoch': 1.63}
{'loss': 0.6376, 'grad_norm': 19.150148391723633, 'learning_rate': 0.0002999345654191567, 'epoch': 3.25}
{'eval_loss': 0.4988883435726166, 'eval_runtime': 43.0439, 'eval_samples_per_second': 101.478, 'eval_steps_per_second': 3.183, 'epoch': 3.25}
{'loss': 0.5338, 'grad_norm': 12.192127227783203, 'learning_rate': 0.0002964209259081431, 'epoch': 4.88}
{'eval_loss': 0.46481794118881226, 'eval_runtime': 43.0986, 'eval_samples_per_second': 101.349, 'eval_steps_per_second': 3.179, 'epoch': 4.88}
{'loss': 0.5017, 'grad_norm': 5.02470064163208, 'learning_rate': 0.00028767328744415817, 'epoch': 6.51}
{'eval_loss': 0.4769049286842346, 'eval_runtime': 43.0833, 'eval_samples_per_second': 101.385, 'eval_steps_per_second': 3.18, 'epoch': 6.51}
{'loss': 0.4869, 'grad_norm': 0.9614138007164001, 'learning_rate': 0.0002740043452944766, 'epoch': 8.14}
{'eval_loss': 0.4554494619369507, 'eval_runtime': 43.0068, 'eval_samples_per_second': 101.565, 'eval_steps_per_second': 3.186, 'epoch': 8.14}
{'loss': 0.4741, 'grad_norm': 9.958555221557617, 'learning_rate': 0.000255902712875903, 'epoch': 9.76}
{'eval_loss': 0.48376092314720154, 'eval_runtime': 43.0666, 'eval_samples_per_second': 101.424, 'eval_steps_per_second': 3.181, 'epoch': 9.76}
{'loss': 0.4688, 'grad_norm': 5.7595086097717285, 'learning_rate': 0.00023401545565765396, 'epoch': 11.39}
{'eval_loss': 0.4679694175720215, 'eval_runtime': 43.0672, 'eval_samples_per_second': 101.423, 'eval_steps_per_second': 3.181, 'epoch': 11.39}
{'loss': 0.4655, 'grad_norm': 3.817920684814453, 'learning_rate': 0.00020912496099763763, 'epoch': 13.02}
{'eval_loss': 0.4524092674255371, 'eval_runtime': 42.9949, 'eval_samples_per_second': 101.593, 'eval_steps_per_second': 3.186, 'epoch': 13.02}
{'loss': 0.4607, 'grad_norm': 15.588316917419434, 'learning_rate': 0.0001821209707287337, 'epoch': 14.65}
{'eval_loss': 0.4509401023387909, 'eval_runtime': 43.0643, 'eval_samples_per_second': 101.43, 'eval_steps_per_second': 3.181, 'epoch': 14.65}
{'loss': 0.4567, 'grad_norm': 4.97509241104126, 'learning_rate': 0.0001539687762252241, 'epoch': 16.27}
{'eval_loss': 0.44889822602272034, 'eval_runtime': 43.0508, 'eval_samples_per_second': 101.462, 'eval_steps_per_second': 3.182, 'epoch': 16.27}
{'loss': 0.4553, 'grad_norm': 4.18756628036499, 'learning_rate': 0.00012567471285646482, 'epoch': 17.9}
{'eval_loss': 0.4479449689388275, 'eval_runtime': 43.0412, 'eval_samples_per_second': 101.484, 'eval_steps_per_second': 3.183, 'epoch': 17.9}
{'loss': 0.4529, 'grad_norm': 1.8145241737365723, 'learning_rate': 9.825018727166861e-05, 'epoch': 19.53}
{'eval_loss': 0.4468827247619629, 'eval_runtime': 43.0661, 'eval_samples_per_second': 101.425, 'eval_steps_per_second': 3.181, 'epoch': 19.53}
{'loss': 0.452, 'grad_norm': 4.817447662353516, 'learning_rate': 7.267552340545266e-05, 'epoch': 21.16}
{'eval_loss': 0.4465603828430176, 'eval_runtime': 42.9795, 'eval_samples_per_second': 101.63, 'eval_steps_per_second': 3.188, 'epoch': 21.16}
{'loss': 0.4506, 'grad_norm': 5.066140174865723, 'learning_rate': 4.986491957385785e-05, 'epoch': 22.78}
{'eval_loss': 0.44725024700164795, 'eval_runtime': 42.9788, 'eval_samples_per_second': 101.631, 'eval_steps_per_second': 3.188, 'epoch': 22.78}
{'loss': 0.4498, 'grad_norm': 3.784128189086914, 'learning_rate': 3.063376931322956e-05, 'epoch': 24.41}
{'eval_loss': 0.44533026218414307, 'eval_runtime': 43.1086, 'eval_samples_per_second': 101.326, 'eval_steps_per_second': 3.178, 'epoch': 24.41}
{'loss': 0.4495, 'grad_norm': 1.273705005645752, 'learning_rate': 1.5669514119407845e-05, 'epoch': 26.04}
{'eval_loss': 0.4456860423088074, 'eval_runtime': 43.0922, 'eval_samples_per_second': 101.364, 'eval_steps_per_second': 3.179, 'epoch': 26.04}
{'loss': 0.4486, 'grad_norm': 1.001544713973999, 'learning_rate': 5.507069992483931e-06, 'epoch': 27.66}
{'eval_loss': 0.4452371299266815, 'eval_runtime': 43.0564, 'eval_samples_per_second': 101.448, 'eval_steps_per_second': 3.182, 'epoch': 27.66}
{'loss': 0.4489, 'grad_norm': 7.595582962036133, 'learning_rate': 5.097061959873582e-07, 'epoch': 29.29}
{'eval_loss': 0.44531238079071045, 'eval_runtime': 43.0852, 'eval_samples_per_second': 101.381, 'eval_steps_per_second': 3.18, 'epoch': 29.29}
{'train_runtime': 32604.5467, 'train_samples_per_second': 36.173, 'train_steps_per_second': 1.131, 'train_loss': 0.6768408373632759, 'epoch': 30.0}
Evaluating (Mean Loss)...
Calculating per-sequence surprisals...
Fold 3 Evaluation per token: 0.4452
Fold 3 Entropy per sequence: 16.5792

--- Starting Fold 4/10 ---
Fold 4 sizes: Train=39314, Eval=4368
Loading tokenizer...
Found 68 POS tags: ['-LRB-', '-RRB-', 'ADD', 'ADJP', 'ADVP', 'AFX', 'CC', 'CD', 'CONJP', 'DT', 'EX', 'FRAG', 'FW', 'HYPH', 'IN', 'INTJ', 'JJ', 'JJR', 'JJS', 'LS', 'LST', 'MD', 'NFP', 'NML', 'NN', 'NNP', 'NNPS', 'NNS', 'NP', 'PDT', 'POS', 'PP', 'PRN', 'PRP', 'PRP$', 'PRT', 'QP', 'RB', 'RBR', 'RBS', 'ROOT', 'RP', 'RRC', 'S', 'SBAR', 'SBARQ', 'SINV', 'SQ', 'SYM', 'TO', 'UCP', 'UH', 'VB', 'VBD', 'VBG', 'VBN', 'VBP', 'VBZ', 'VP', 'WDT', 'WHADJP', 'WHADVP', 'WHNP', 'WHPP', 'WP', 'WP$', 'WRB', 'X']
Found 0 phrase labels: []
Adding manual additions: ( ) # $ . , ''
Preprocessing...
Token length per parse sequence: 38.0055
Initializing DualEncoder model...
Loading  weights...
Missing keys: ['prosody_encoder.pos_table', 'prosody_encoder.mag_table', 'prosody_encoder.transformer.layers.0.self_attn.in_proj_weight', 'prosody_encoder.transformer.layers.0.self_attn.in_proj_bias', 'prosody_encoder.transformer.layers.0.self_attn.out_proj.weight', 'prosody_encoder.transformer.layers.0.self_attn.out_proj.bias', 'prosody_encoder.transformer.layers.0.linear1.weight', 'prosody_encoder.transformer.layers.0.linear1.bias', 'prosody_encoder.transformer.layers.0.linear2.weight', 'prosody_encoder.transformer.layers.0.linear2.bias', 'prosody_encoder.transformer.layers.0.norm1.weight', 'prosody_encoder.transformer.layers.0.norm1.bias', 'prosody_encoder.transformer.layers.0.norm2.weight', 'prosody_encoder.transformer.layers.0.norm2.bias', 'prosody_encoder.transformer.layers.1.self_attn.in_proj_weight', 'prosody_encoder.transformer.layers.1.self_attn.in_proj_bias', 'prosody_encoder.transformer.layers.1.self_attn.out_proj.weight', 'prosody_encoder.transformer.layers.1.self_attn.out_proj.bias', 'prosody_encoder.transformer.layers.1.linear1.weight', 'prosody_encoder.transformer.layers.1.linear1.bias', 'prosody_encoder.transformer.layers.1.linear2.weight', 'prosody_encoder.transformer.layers.1.linear2.bias', 'prosody_encoder.transformer.layers.1.norm1.weight', 'prosody_encoder.transformer.layers.1.norm1.bias', 'prosody_encoder.transformer.layers.1.norm2.weight', 'prosody_encoder.transformer.layers.1.norm2.bias', 'prosody_encoder.up_proj.weight', 'prosody_encoder.up_proj.bias', 'prosody_up.weight', 'prosody_up.bias', 'cross_attn.in_proj_weight', 'cross_attn.in_proj_bias', 'cross_attn.out_proj.weight', 'cross_attn.out_proj.bias', 'fusion_layer_norm.weight', 'fusion_layer_norm.bias']
Unexpected keys: []
Re-initializing decoder layer, to be trained from scratch
Training...
{'loss': 4.2085, 'grad_norm': 50.41007995605469, 'learning_rate': 0.00016265256305939788, 'epoch': 1.63}
{'eval_loss': 0.6465318202972412, 'eval_runtime': 43.0611, 'eval_samples_per_second': 101.437, 'eval_steps_per_second': 3.182, 'epoch': 1.63}
{'loss': 0.6358, 'grad_norm': 22.303346633911133, 'learning_rate': 0.0002999345654191567, 'epoch': 3.25}
{'eval_loss': 0.4892577528953552, 'eval_runtime': 43.0601, 'eval_samples_per_second': 101.44, 'eval_steps_per_second': 3.182, 'epoch': 3.25}
{'loss': 0.5344, 'grad_norm': 1.5205034017562866, 'learning_rate': 0.0002964209259081431, 'epoch': 4.88}
{'eval_loss': 0.4719635844230652, 'eval_runtime': 43.1784, 'eval_samples_per_second': 101.162, 'eval_steps_per_second': 3.173, 'epoch': 4.88}
{'loss': 0.5039, 'grad_norm': 21.483354568481445, 'learning_rate': 0.00028767328744415817, 'epoch': 6.51}
{'eval_loss': 0.49212390184402466, 'eval_runtime': 43.1518, 'eval_samples_per_second': 101.224, 'eval_steps_per_second': 3.175, 'epoch': 6.51}
{'loss': 0.4857, 'grad_norm': 13.348180770874023, 'learning_rate': 0.0002740043452944766, 'epoch': 8.14}
{'eval_loss': 0.45877107977867126, 'eval_runtime': 43.1486, 'eval_samples_per_second': 101.232, 'eval_steps_per_second': 3.175, 'epoch': 8.14}
{'loss': 0.4766, 'grad_norm': 2.767603635787964, 'learning_rate': 0.000255902712875903, 'epoch': 9.76}
{'eval_loss': 0.46441593766212463, 'eval_runtime': 43.0694, 'eval_samples_per_second': 101.418, 'eval_steps_per_second': 3.181, 'epoch': 9.76}
{'loss': 0.4677, 'grad_norm': 5.326918601989746, 'learning_rate': 0.00023401545565765396, 'epoch': 11.39}
{'eval_loss': 0.4516638219356537, 'eval_runtime': 43.074, 'eval_samples_per_second': 101.407, 'eval_steps_per_second': 3.181, 'epoch': 11.39}
{'loss': 0.4634, 'grad_norm': 12.316306114196777, 'learning_rate': 0.00020912496099763763, 'epoch': 13.02}
{'eval_loss': 0.45177125930786133, 'eval_runtime': 43.1573, 'eval_samples_per_second': 101.211, 'eval_steps_per_second': 3.174, 'epoch': 13.02}
{'loss': 0.4588, 'grad_norm': 2.520087957382202, 'learning_rate': 0.0001821209707287337, 'epoch': 14.65}
{'eval_loss': 0.44943147897720337, 'eval_runtime': 43.0418, 'eval_samples_per_second': 101.483, 'eval_steps_per_second': 3.183, 'epoch': 14.65}
{'loss': 0.4578, 'grad_norm': 6.003811359405518, 'learning_rate': 0.0001539687762252241, 'epoch': 16.27}
{'eval_loss': 0.44963303208351135, 'eval_runtime': 43.0811, 'eval_samples_per_second': 101.39, 'eval_steps_per_second': 3.18, 'epoch': 16.27}
{'loss': 0.4545, 'grad_norm': 7.969954013824463, 'learning_rate': 0.00012567471285646482, 'epoch': 17.9}
{'eval_loss': 0.44949740171432495, 'eval_runtime': 43.1072, 'eval_samples_per_second': 101.329, 'eval_steps_per_second': 3.178, 'epoch': 17.9}
{'loss': 0.453, 'grad_norm': 0.8974192142486572, 'learning_rate': 9.825018727166861e-05, 'epoch': 19.53}
{'eval_loss': 0.4491853713989258, 'eval_runtime': 43.1219, 'eval_samples_per_second': 101.294, 'eval_steps_per_second': 3.177, 'epoch': 19.53}
{'loss': 0.452, 'grad_norm': 7.676130771636963, 'learning_rate': 7.267552340545266e-05, 'epoch': 21.16}
{'eval_loss': 0.44675254821777344, 'eval_runtime': 43.0703, 'eval_samples_per_second': 101.416, 'eval_steps_per_second': 3.181, 'epoch': 21.16}
{'loss': 0.4509, 'grad_norm': 3.882537364959717, 'learning_rate': 4.986491957385785e-05, 'epoch': 22.78}
{'eval_loss': 0.4466537833213806, 'eval_runtime': 43.122, 'eval_samples_per_second': 101.294, 'eval_steps_per_second': 3.177, 'epoch': 22.78}
{'loss': 0.4496, 'grad_norm': 0.5240209102630615, 'learning_rate': 3.063376931322956e-05, 'epoch': 24.41}
{'eval_loss': 0.446256160736084, 'eval_runtime': 43.1804, 'eval_samples_per_second': 101.157, 'eval_steps_per_second': 3.173, 'epoch': 24.41}
{'loss': 0.4494, 'grad_norm': 2.117558002471924, 'learning_rate': 1.5669514119407845e-05, 'epoch': 26.04}
{'eval_loss': 0.44591784477233887, 'eval_runtime': 43.2285, 'eval_samples_per_second': 101.044, 'eval_steps_per_second': 3.169, 'epoch': 26.04}
{'loss': 0.4488, 'grad_norm': 1.6231074333190918, 'learning_rate': 5.507069992483931e-06, 'epoch': 27.66}
{'eval_loss': 0.4459589421749115, 'eval_runtime': 43.1076, 'eval_samples_per_second': 101.328, 'eval_steps_per_second': 3.178, 'epoch': 27.66}
{'loss': 0.4486, 'grad_norm': 2.419792413711548, 'learning_rate': 5.097061959873582e-07, 'epoch': 29.29}
{'eval_loss': 0.4459789991378784, 'eval_runtime': 43.1616, 'eval_samples_per_second': 101.201, 'eval_steps_per_second': 3.174, 'epoch': 29.29}
{'train_runtime': 32596.3932, 'train_samples_per_second': 36.183, 'train_steps_per_second': 1.131, 'train_loss': 0.6777378315068144, 'epoch': 30.0}
Evaluating (Mean Loss)...
Calculating per-sequence surprisals...
Fold 4 Evaluation per token: 0.4459
Fold 4 Entropy per sequence: 16.9473

--- Starting Fold 5/10 ---
Fold 5 sizes: Train=39314, Eval=4368
Loading tokenizer...
Found 68 POS tags: ['-LRB-', '-RRB-', 'ADD', 'ADJP', 'ADVP', 'AFX', 'CC', 'CD', 'CONJP', 'DT', 'EX', 'FRAG', 'FW', 'HYPH', 'IN', 'INTJ', 'JJ', 'JJR', 'JJS', 'LS', 'LST', 'MD', 'NFP', 'NML', 'NN', 'NNP', 'NNPS', 'NNS', 'NP', 'PDT', 'POS', 'PP', 'PRN', 'PRP', 'PRP$', 'PRT', 'QP', 'RB', 'RBR', 'RBS', 'ROOT', 'RP', 'RRC', 'S', 'SBAR', 'SBARQ', 'SINV', 'SQ', 'SYM', 'TO', 'UCP', 'UH', 'VB', 'VBD', 'VBG', 'VBN', 'VBP', 'VBZ', 'VP', 'WDT', 'WHADJP', 'WHADVP', 'WHNP', 'WHPP', 'WP', 'WP$', 'WRB', 'X']
Found 0 phrase labels: []
Adding manual additions: ( ) # $ . , ''
Preprocessing...
Token length per parse sequence: 38.1392
Initializing DualEncoder model...
Loading  weights...
Missing keys: ['prosody_encoder.pos_table', 'prosody_encoder.mag_table', 'prosody_encoder.transformer.layers.0.self_attn.in_proj_weight', 'prosody_encoder.transformer.layers.0.self_attn.in_proj_bias', 'prosody_encoder.transformer.layers.0.self_attn.out_proj.weight', 'prosody_encoder.transformer.layers.0.self_attn.out_proj.bias', 'prosody_encoder.transformer.layers.0.linear1.weight', 'prosody_encoder.transformer.layers.0.linear1.bias', 'prosody_encoder.transformer.layers.0.linear2.weight', 'prosody_encoder.transformer.layers.0.linear2.bias', 'prosody_encoder.transformer.layers.0.norm1.weight', 'prosody_encoder.transformer.layers.0.norm1.bias', 'prosody_encoder.transformer.layers.0.norm2.weight', 'prosody_encoder.transformer.layers.0.norm2.bias', 'prosody_encoder.transformer.layers.1.self_attn.in_proj_weight', 'prosody_encoder.transformer.layers.1.self_attn.in_proj_bias', 'prosody_encoder.transformer.layers.1.self_attn.out_proj.weight', 'prosody_encoder.transformer.layers.1.self_attn.out_proj.bias', 'prosody_encoder.transformer.layers.1.linear1.weight', 'prosody_encoder.transformer.layers.1.linear1.bias', 'prosody_encoder.transformer.layers.1.linear2.weight', 'prosody_encoder.transformer.layers.1.linear2.bias', 'prosody_encoder.transformer.layers.1.norm1.weight', 'prosody_encoder.transformer.layers.1.norm1.bias', 'prosody_encoder.transformer.layers.1.norm2.weight', 'prosody_encoder.transformer.layers.1.norm2.bias', 'prosody_encoder.up_proj.weight', 'prosody_encoder.up_proj.bias', 'prosody_up.weight', 'prosody_up.bias', 'cross_attn.in_proj_weight', 'cross_attn.in_proj_bias', 'cross_attn.out_proj.weight', 'cross_attn.out_proj.bias', 'fusion_layer_norm.weight', 'fusion_layer_norm.bias']
Unexpected keys: []
Re-initializing decoder layer, to be trained from scratch
Training...
{'loss': 4.1515, 'grad_norm': 15.631293296813965, 'learning_rate': 0.00016265256305939788, 'epoch': 1.63}
{'eval_loss': 0.533146858215332, 'eval_runtime': 43.1091, 'eval_samples_per_second': 101.324, 'eval_steps_per_second': 3.178, 'epoch': 1.63}
{'loss': 0.6424, 'grad_norm': 11.695738792419434, 'learning_rate': 0.0002999345654191567, 'epoch': 3.25}
{'eval_loss': 0.5006370544433594, 'eval_runtime': 43.1259, 'eval_samples_per_second': 101.285, 'eval_steps_per_second': 3.177, 'epoch': 3.25}
{'loss': 0.5314, 'grad_norm': 26.182979583740234, 'learning_rate': 0.0002964209259081431, 'epoch': 4.88}
{'eval_loss': 0.5178799033164978, 'eval_runtime': 43.148, 'eval_samples_per_second': 101.233, 'eval_steps_per_second': 3.175, 'epoch': 4.88}
{'loss': 0.5029, 'grad_norm': 1.840301752090454, 'learning_rate': 0.00028767328744415817, 'epoch': 6.51}
{'eval_loss': 0.46689486503601074, 'eval_runtime': 43.161, 'eval_samples_per_second': 101.202, 'eval_steps_per_second': 3.174, 'epoch': 6.51}
{'loss': 0.4846, 'grad_norm': 4.09210205078125, 'learning_rate': 0.0002740043452944766, 'epoch': 8.14}
{'eval_loss': 0.4781569838523865, 'eval_runtime': 43.1662, 'eval_samples_per_second': 101.19, 'eval_steps_per_second': 3.174, 'epoch': 8.14}
{'loss': 0.4756, 'grad_norm': 3.5928409099578857, 'learning_rate': 0.000255902712875903, 'epoch': 9.76}
{'eval_loss': 0.48923513293266296, 'eval_runtime': 43.3256, 'eval_samples_per_second': 100.818, 'eval_steps_per_second': 3.162, 'epoch': 9.76}
{'loss': 0.4692, 'grad_norm': 2.336491584777832, 'learning_rate': 0.00023401545565765396, 'epoch': 11.39}
{'eval_loss': 0.45612090826034546, 'eval_runtime': 43.1796, 'eval_samples_per_second': 101.159, 'eval_steps_per_second': 3.173, 'epoch': 11.39}
{'loss': 0.4631, 'grad_norm': 11.277751922607422, 'learning_rate': 0.00020912496099763763, 'epoch': 13.02}
{'eval_loss': 0.465070903301239, 'eval_runtime': 43.1727, 'eval_samples_per_second': 101.175, 'eval_steps_per_second': 3.173, 'epoch': 13.02}
{'loss': 0.4583, 'grad_norm': 8.817593574523926, 'learning_rate': 0.0001821209707287337, 'epoch': 14.65}
{'eval_loss': 0.4569486975669861, 'eval_runtime': 43.1989, 'eval_samples_per_second': 101.114, 'eval_steps_per_second': 3.171, 'epoch': 14.65}
{'loss': 0.4568, 'grad_norm': 6.675669193267822, 'learning_rate': 0.0001539687762252241, 'epoch': 16.27}
{'eval_loss': 0.45084887742996216, 'eval_runtime': 43.1621, 'eval_samples_per_second': 101.2, 'eval_steps_per_second': 3.174, 'epoch': 16.27}
{'loss': 0.4544, 'grad_norm': 11.192105293273926, 'learning_rate': 0.00012567471285646482, 'epoch': 17.9}
{'eval_loss': 0.4521213173866272, 'eval_runtime': 43.1816, 'eval_samples_per_second': 101.154, 'eval_steps_per_second': 3.173, 'epoch': 17.9}
{'loss': 0.4523, 'grad_norm': 7.233709335327148, 'learning_rate': 9.825018727166861e-05, 'epoch': 19.53}
{'eval_loss': 0.45046085119247437, 'eval_runtime': 43.2153, 'eval_samples_per_second': 101.075, 'eval_steps_per_second': 3.17, 'epoch': 19.53}
{'loss': 0.4517, 'grad_norm': 1.6324355602264404, 'learning_rate': 7.267552340545266e-05, 'epoch': 21.16}
{'eval_loss': 0.4490531086921692, 'eval_runtime': 43.1683, 'eval_samples_per_second': 101.185, 'eval_steps_per_second': 3.174, 'epoch': 21.16}
{'loss': 0.45, 'grad_norm': 1.8279187679290771, 'learning_rate': 4.986491957385785e-05, 'epoch': 22.78}
{'eval_loss': 0.44914987683296204, 'eval_runtime': 43.1764, 'eval_samples_per_second': 101.166, 'eval_steps_per_second': 3.173, 'epoch': 22.78}
{'loss': 0.4496, 'grad_norm': 2.7233259677886963, 'learning_rate': 3.063376931322956e-05, 'epoch': 24.41}
{'eval_loss': 0.44869470596313477, 'eval_runtime': 43.1046, 'eval_samples_per_second': 101.335, 'eval_steps_per_second': 3.178, 'epoch': 24.41}
{'loss': 0.4487, 'grad_norm': 4.88399600982666, 'learning_rate': 1.5669514119407845e-05, 'epoch': 26.04}
{'eval_loss': 0.44849133491516113, 'eval_runtime': 43.1359, 'eval_samples_per_second': 101.261, 'eval_steps_per_second': 3.176, 'epoch': 26.04}
{'loss': 0.4482, 'grad_norm': 4.36102819442749, 'learning_rate': 5.507069992483931e-06, 'epoch': 27.66}
{'eval_loss': 0.44888198375701904, 'eval_runtime': 43.1832, 'eval_samples_per_second': 101.151, 'eval_steps_per_second': 3.173, 'epoch': 27.66}
{'loss': 0.4481, 'grad_norm': 2.554171562194824, 'learning_rate': 5.097061959873582e-07, 'epoch': 29.29}
{'eval_loss': 0.4486008882522583, 'eval_runtime': 43.1215, 'eval_samples_per_second': 101.295, 'eval_steps_per_second': 3.177, 'epoch': 29.29}
{'train_runtime': 32595.6794, 'train_samples_per_second': 36.183, 'train_steps_per_second': 1.131, 'train_loss': 0.6744658438856116, 'epoch': 30.0}
Evaluating (Mean Loss)...
Calculating per-sequence surprisals...
Fold 5 Evaluation per token: 0.4485
Fold 5 Entropy per sequence: 17.1051

--- Starting Fold 6/10 ---
Fold 6 sizes: Train=39314, Eval=4368
Loading tokenizer...
Found 68 POS tags: ['-LRB-', '-RRB-', 'ADD', 'ADJP', 'ADVP', 'AFX', 'CC', 'CD', 'CONJP', 'DT', 'EX', 'FRAG', 'FW', 'HYPH', 'IN', 'INTJ', 'JJ', 'JJR', 'JJS', 'LS', 'LST', 'MD', 'NFP', 'NML', 'NN', 'NNP', 'NNPS', 'NNS', 'NP', 'PDT', 'POS', 'PP', 'PRN', 'PRP', 'PRP$', 'PRT', 'QP', 'RB', 'RBR', 'RBS', 'ROOT', 'RP', 'RRC', 'S', 'SBAR', 'SBARQ', 'SINV', 'SQ', 'SYM', 'TO', 'UCP', 'UH', 'VB', 'VBD', 'VBG', 'VBN', 'VBP', 'VBZ', 'VP', 'WDT', 'WHADJP', 'WHADVP', 'WHNP', 'WHPP', 'WP', 'WP$', 'WRB', 'X']
Found 0 phrase labels: []
Adding manual additions: ( ) # $ . , ''
Preprocessing...
Token length per parse sequence: 38.0298
Initializing DualEncoder model...
Loading  weights...
Missing keys: ['prosody_encoder.pos_table', 'prosody_encoder.mag_table', 'prosody_encoder.transformer.layers.0.self_attn.in_proj_weight', 'prosody_encoder.transformer.layers.0.self_attn.in_proj_bias', 'prosody_encoder.transformer.layers.0.self_attn.out_proj.weight', 'prosody_encoder.transformer.layers.0.self_attn.out_proj.bias', 'prosody_encoder.transformer.layers.0.linear1.weight', 'prosody_encoder.transformer.layers.0.linear1.bias', 'prosody_encoder.transformer.layers.0.linear2.weight', 'prosody_encoder.transformer.layers.0.linear2.bias', 'prosody_encoder.transformer.layers.0.norm1.weight', 'prosody_encoder.transformer.layers.0.norm1.bias', 'prosody_encoder.transformer.layers.0.norm2.weight', 'prosody_encoder.transformer.layers.0.norm2.bias', 'prosody_encoder.transformer.layers.1.self_attn.in_proj_weight', 'prosody_encoder.transformer.layers.1.self_attn.in_proj_bias', 'prosody_encoder.transformer.layers.1.self_attn.out_proj.weight', 'prosody_encoder.transformer.layers.1.self_attn.out_proj.bias', 'prosody_encoder.transformer.layers.1.linear1.weight', 'prosody_encoder.transformer.layers.1.linear1.bias', 'prosody_encoder.transformer.layers.1.linear2.weight', 'prosody_encoder.transformer.layers.1.linear2.bias', 'prosody_encoder.transformer.layers.1.norm1.weight', 'prosody_encoder.transformer.layers.1.norm1.bias', 'prosody_encoder.transformer.layers.1.norm2.weight', 'prosody_encoder.transformer.layers.1.norm2.bias', 'prosody_encoder.up_proj.weight', 'prosody_encoder.up_proj.bias', 'prosody_up.weight', 'prosody_up.bias', 'cross_attn.in_proj_weight', 'cross_attn.in_proj_bias', 'cross_attn.out_proj.weight', 'cross_attn.out_proj.bias', 'fusion_layer_norm.weight', 'fusion_layer_norm.bias']
Unexpected keys: []
Re-initializing decoder layer, to be trained from scratch
Training...
{'loss': 4.187, 'grad_norm': 3.5125977993011475, 'learning_rate': 0.00016265256305939788, 'epoch': 1.63}
{'eval_loss': 0.5244889259338379, 'eval_runtime': 43.0867, 'eval_samples_per_second': 101.377, 'eval_steps_per_second': 3.18, 'epoch': 1.63}
{'loss': 0.6399, 'grad_norm': 15.80444622039795, 'learning_rate': 0.0002999345654191567, 'epoch': 3.25}
{'eval_loss': 0.48236191272735596, 'eval_runtime': 43.207, 'eval_samples_per_second': 101.095, 'eval_steps_per_second': 3.171, 'epoch': 3.25}
{'loss': 0.533, 'grad_norm': 25.77869415283203, 'learning_rate': 0.0002964209259081431, 'epoch': 4.88}
{'eval_loss': 0.5040558576583862, 'eval_runtime': 43.0884, 'eval_samples_per_second': 101.373, 'eval_steps_per_second': 3.18, 'epoch': 4.88}
{'loss': 0.5019, 'grad_norm': 13.464472770690918, 'learning_rate': 0.00028767328744415817, 'epoch': 6.51}
{'eval_loss': 0.5074905157089233, 'eval_runtime': 43.2908, 'eval_samples_per_second': 100.899, 'eval_steps_per_second': 3.165, 'epoch': 6.51}
{'loss': 0.4858, 'grad_norm': 5.584721088409424, 'learning_rate': 0.0002740043452944766, 'epoch': 8.14}
{'eval_loss': 0.4573129117488861, 'eval_runtime': 43.0742, 'eval_samples_per_second': 101.406, 'eval_steps_per_second': 3.181, 'epoch': 8.14}
{'loss': 0.4743, 'grad_norm': 10.187975883483887, 'learning_rate': 0.000255902712875903, 'epoch': 9.76}
{'eval_loss': 0.47342437505722046, 'eval_runtime': 43.0466, 'eval_samples_per_second': 101.471, 'eval_steps_per_second': 3.183, 'epoch': 9.76}
{'loss': 0.4673, 'grad_norm': 1.3118451833724976, 'learning_rate': 0.00023401545565765396, 'epoch': 11.39}
{'eval_loss': 0.475471168756485, 'eval_runtime': 42.9384, 'eval_samples_per_second': 101.727, 'eval_steps_per_second': 3.191, 'epoch': 11.39}
{'loss': 0.4623, 'grad_norm': 14.06969165802002, 'learning_rate': 0.00020912496099763763, 'epoch': 13.02}
{'eval_loss': 0.452581524848938, 'eval_runtime': 43.1063, 'eval_samples_per_second': 101.331, 'eval_steps_per_second': 3.178, 'epoch': 13.02}
{'loss': 0.4588, 'grad_norm': 10.944890022277832, 'learning_rate': 0.0001821209707287337, 'epoch': 14.65}
{'eval_loss': 0.4665769636631012, 'eval_runtime': 43.1821, 'eval_samples_per_second': 101.153, 'eval_steps_per_second': 3.173, 'epoch': 14.65}
{'loss': 0.457, 'grad_norm': 0.9517393112182617, 'learning_rate': 0.0001539687762252241, 'epoch': 16.27}
{'eval_loss': 0.4514346718788147, 'eval_runtime': 43.1463, 'eval_samples_per_second': 101.237, 'eval_steps_per_second': 3.175, 'epoch': 16.27}
{'loss': 0.4546, 'grad_norm': 2.3249876499176025, 'learning_rate': 0.00012567471285646482, 'epoch': 17.9}
{'eval_loss': 0.44968265295028687, 'eval_runtime': 43.1976, 'eval_samples_per_second': 101.117, 'eval_steps_per_second': 3.171, 'epoch': 17.9}
{'loss': 0.4531, 'grad_norm': 5.5029616355896, 'learning_rate': 9.825018727166861e-05, 'epoch': 19.53}
{'eval_loss': 0.4494234621524811, 'eval_runtime': 43.1663, 'eval_samples_per_second': 101.19, 'eval_steps_per_second': 3.174, 'epoch': 19.53}
{'loss': 0.4515, 'grad_norm': 2.9182026386260986, 'learning_rate': 7.267552340545266e-05, 'epoch': 21.16}
{'eval_loss': 0.44852331280708313, 'eval_runtime': 43.103, 'eval_samples_per_second': 101.339, 'eval_steps_per_second': 3.178, 'epoch': 21.16}
{'loss': 0.4504, 'grad_norm': 5.166145324707031, 'learning_rate': 4.986491957385785e-05, 'epoch': 22.78}
{'eval_loss': 0.4481089115142822, 'eval_runtime': 43.0712, 'eval_samples_per_second': 101.413, 'eval_steps_per_second': 3.181, 'epoch': 22.78}
{'loss': 0.4491, 'grad_norm': 1.0867093801498413, 'learning_rate': 3.063376931322956e-05, 'epoch': 24.41}
{'eval_loss': 0.4481995403766632, 'eval_runtime': 43.1086, 'eval_samples_per_second': 101.325, 'eval_steps_per_second': 3.178, 'epoch': 24.41}
{'loss': 0.4491, 'grad_norm': 1.112524390220642, 'learning_rate': 1.5669514119407845e-05, 'epoch': 26.04}
{'eval_loss': 0.44761568307876587, 'eval_runtime': 43.1629, 'eval_samples_per_second': 101.198, 'eval_steps_per_second': 3.174, 'epoch': 26.04}
{'loss': 0.4485, 'grad_norm': 0.7039421200752258, 'learning_rate': 5.507069992483931e-06, 'epoch': 27.66}
{'eval_loss': 0.4475862383842468, 'eval_runtime': 43.2165, 'eval_samples_per_second': 101.072, 'eval_steps_per_second': 3.17, 'epoch': 27.66}
{'loss': 0.4482, 'grad_norm': 3.127591609954834, 'learning_rate': 5.097061959873582e-07, 'epoch': 29.29}
{'eval_loss': 0.44748732447624207, 'eval_runtime': 43.1107, 'eval_samples_per_second': 101.32, 'eval_steps_per_second': 3.178, 'epoch': 29.29}
{'train_runtime': 32599.863, 'train_samples_per_second': 36.179, 'train_steps_per_second': 1.131, 'train_loss': 0.6762653869181944, 'epoch': 30.0}
Evaluating (Mean Loss)...
Calculating per-sequence surprisals...
Fold 6 Evaluation per token: 0.4475
Fold 6 Entropy per sequence: 17.0178

--- Starting Fold 7/10 ---
Fold 7 sizes: Train=39314, Eval=4368
Loading tokenizer...
Found 68 POS tags: ['-LRB-', '-RRB-', 'ADD', 'ADJP', 'ADVP', 'AFX', 'CC', 'CD', 'CONJP', 'DT', 'EX', 'FRAG', 'FW', 'HYPH', 'IN', 'INTJ', 'JJ', 'JJR', 'JJS', 'LS', 'LST', 'MD', 'NFP', 'NML', 'NN', 'NNP', 'NNPS', 'NNS', 'NP', 'PDT', 'POS', 'PP', 'PRN', 'PRP', 'PRP$', 'PRT', 'QP', 'RB', 'RBR', 'RBS', 'ROOT', 'RP', 'RRC', 'S', 'SBAR', 'SBARQ', 'SINV', 'SQ', 'SYM', 'TO', 'UCP', 'UH', 'VB', 'VBD', 'VBG', 'VBN', 'VBP', 'VBZ', 'VP', 'WDT', 'WHADJP', 'WHADVP', 'WHNP', 'WHPP', 'WP', 'WP$', 'WRB', 'X']
Found 0 phrase labels: []
Adding manual additions: ( ) # $ . , ''
Preprocessing...
Token length per parse sequence: 37.9185
Initializing DualEncoder model...
Loading  weights...
Missing keys: ['prosody_encoder.pos_table', 'prosody_encoder.mag_table', 'prosody_encoder.transformer.layers.0.self_attn.in_proj_weight', 'prosody_encoder.transformer.layers.0.self_attn.in_proj_bias', 'prosody_encoder.transformer.layers.0.self_attn.out_proj.weight', 'prosody_encoder.transformer.layers.0.self_attn.out_proj.bias', 'prosody_encoder.transformer.layers.0.linear1.weight', 'prosody_encoder.transformer.layers.0.linear1.bias', 'prosody_encoder.transformer.layers.0.linear2.weight', 'prosody_encoder.transformer.layers.0.linear2.bias', 'prosody_encoder.transformer.layers.0.norm1.weight', 'prosody_encoder.transformer.layers.0.norm1.bias', 'prosody_encoder.transformer.layers.0.norm2.weight', 'prosody_encoder.transformer.layers.0.norm2.bias', 'prosody_encoder.transformer.layers.1.self_attn.in_proj_weight', 'prosody_encoder.transformer.layers.1.self_attn.in_proj_bias', 'prosody_encoder.transformer.layers.1.self_attn.out_proj.weight', 'prosody_encoder.transformer.layers.1.self_attn.out_proj.bias', 'prosody_encoder.transformer.layers.1.linear1.weight', 'prosody_encoder.transformer.layers.1.linear1.bias', 'prosody_encoder.transformer.layers.1.linear2.weight', 'prosody_encoder.transformer.layers.1.linear2.bias', 'prosody_encoder.transformer.layers.1.norm1.weight', 'prosody_encoder.transformer.layers.1.norm1.bias', 'prosody_encoder.transformer.layers.1.norm2.weight', 'prosody_encoder.transformer.layers.1.norm2.bias', 'prosody_encoder.up_proj.weight', 'prosody_encoder.up_proj.bias', 'prosody_up.weight', 'prosody_up.bias', 'cross_attn.in_proj_weight', 'cross_attn.in_proj_bias', 'cross_attn.out_proj.weight', 'cross_attn.out_proj.bias', 'fusion_layer_norm.weight', 'fusion_layer_norm.bias']
Unexpected keys: []
Re-initializing decoder layer, to be trained from scratch
Training...
{'loss': 4.1609, 'grad_norm': 4.222533702850342, 'learning_rate': 0.00016265256305939788, 'epoch': 1.63}
{'eval_loss': 0.5565710663795471, 'eval_runtime': 42.9328, 'eval_samples_per_second': 101.74, 'eval_steps_per_second': 3.191, 'epoch': 1.63}
{'loss': 0.6347, 'grad_norm': 8.895669937133789, 'learning_rate': 0.0002999345654191567, 'epoch': 3.25}
{'eval_loss': 0.5100010633468628, 'eval_runtime': 43.0528, 'eval_samples_per_second': 101.457, 'eval_steps_per_second': 3.182, 'epoch': 3.25}
{'loss': 0.5378, 'grad_norm': 8.119173049926758, 'learning_rate': 0.0002964209259081431, 'epoch': 4.88}
{'eval_loss': 0.4851246774196625, 'eval_runtime': 43.1664, 'eval_samples_per_second': 101.19, 'eval_steps_per_second': 3.174, 'epoch': 4.88}
{'loss': 0.4992, 'grad_norm': 8.908533096313477, 'learning_rate': 0.00028767328744415817, 'epoch': 6.51}
{'eval_loss': 0.4752955734729767, 'eval_runtime': 43.1087, 'eval_samples_per_second': 101.325, 'eval_steps_per_second': 3.178, 'epoch': 6.51}
{'loss': 0.4837, 'grad_norm': 8.855951309204102, 'learning_rate': 0.0002740043452944766, 'epoch': 8.14}
{'eval_loss': 0.4637681543827057, 'eval_runtime': 43.1912, 'eval_samples_per_second': 101.132, 'eval_steps_per_second': 3.172, 'epoch': 8.14}
{'loss': 0.4728, 'grad_norm': 10.43708324432373, 'learning_rate': 0.000255902712875903, 'epoch': 9.76}
{'eval_loss': 0.45374906063079834, 'eval_runtime': 43.1012, 'eval_samples_per_second': 101.343, 'eval_steps_per_second': 3.179, 'epoch': 9.76}
{'loss': 0.4669, 'grad_norm': 4.463298797607422, 'learning_rate': 0.00023401545565765396, 'epoch': 11.39}
{'eval_loss': 0.4615500271320343, 'eval_runtime': 43.1687, 'eval_samples_per_second': 101.184, 'eval_steps_per_second': 3.174, 'epoch': 11.39}
{'loss': 0.461, 'grad_norm': 1.135124683380127, 'learning_rate': 0.00020912496099763763, 'epoch': 13.02}
{'eval_loss': 0.45178356766700745, 'eval_runtime': 43.1362, 'eval_samples_per_second': 101.261, 'eval_steps_per_second': 3.176, 'epoch': 13.02}
{'loss': 0.4588, 'grad_norm': 11.706313133239746, 'learning_rate': 0.0001821209707287337, 'epoch': 14.65}
{'eval_loss': 0.4522785246372223, 'eval_runtime': 43.082, 'eval_samples_per_second': 101.388, 'eval_steps_per_second': 3.18, 'epoch': 14.65}
{'loss': 0.4567, 'grad_norm': 2.7994236946105957, 'learning_rate': 0.0001539687762252241, 'epoch': 16.27}
{'eval_loss': 0.4518303871154785, 'eval_runtime': 43.0461, 'eval_samples_per_second': 101.473, 'eval_steps_per_second': 3.183, 'epoch': 16.27}
{'loss': 0.4541, 'grad_norm': 2.3224036693573, 'learning_rate': 0.00012567471285646482, 'epoch': 17.9}
{'eval_loss': 0.4495474696159363, 'eval_runtime': 43.0666, 'eval_samples_per_second': 101.424, 'eval_steps_per_second': 3.181, 'epoch': 17.9}
{'loss': 0.452, 'grad_norm': 3.798483371734619, 'learning_rate': 9.825018727166861e-05, 'epoch': 19.53}
{'eval_loss': 0.4490121603012085, 'eval_runtime': 43.1113, 'eval_samples_per_second': 101.319, 'eval_steps_per_second': 3.178, 'epoch': 19.53}
{'loss': 0.4512, 'grad_norm': 2.0957119464874268, 'learning_rate': 7.267552340545266e-05, 'epoch': 21.16}
{'eval_loss': 0.4488915205001831, 'eval_runtime': 43.0827, 'eval_samples_per_second': 101.387, 'eval_steps_per_second': 3.18, 'epoch': 21.16}
{'loss': 0.4499, 'grad_norm': 8.03746223449707, 'learning_rate': 4.986491957385785e-05, 'epoch': 22.78}
{'eval_loss': 0.44772690534591675, 'eval_runtime': 43.1087, 'eval_samples_per_second': 101.325, 'eval_steps_per_second': 3.178, 'epoch': 22.78}
{'loss': 0.449, 'grad_norm': 4.182493686676025, 'learning_rate': 3.063376931322956e-05, 'epoch': 24.41}
{'eval_loss': 0.44768673181533813, 'eval_runtime': 43.1234, 'eval_samples_per_second': 101.291, 'eval_steps_per_second': 3.177, 'epoch': 24.41}
{'loss': 0.4487, 'grad_norm': 1.6097056865692139, 'learning_rate': 1.5669514119407845e-05, 'epoch': 26.04}
{'eval_loss': 0.4473338723182678, 'eval_runtime': 43.0441, 'eval_samples_per_second': 101.477, 'eval_steps_per_second': 3.183, 'epoch': 26.04}
{'loss': 0.4481, 'grad_norm': 0.47686195373535156, 'learning_rate': 5.507069992483931e-06, 'epoch': 27.66}
{'eval_loss': 0.4472828209400177, 'eval_runtime': 43.1638, 'eval_samples_per_second': 101.196, 'eval_steps_per_second': 3.174, 'epoch': 27.66}
{'loss': 0.4481, 'grad_norm': 1.2643300294876099, 'learning_rate': 5.097061959873582e-07, 'epoch': 29.29}
{'eval_loss': 0.4472634792327881, 'eval_runtime': 43.0951, 'eval_samples_per_second': 101.357, 'eval_steps_per_second': 3.179, 'epoch': 29.29}
{'train_runtime': 32608.597, 'train_samples_per_second': 36.169, 'train_steps_per_second': 1.131, 'train_loss': 0.6741720532219941, 'epoch': 30.0}
Evaluating (Mean Loss)...
Calculating per-sequence surprisals...
Fold 7 Evaluation per token: 0.4473
Fold 7 Entropy per sequence: 16.9596

--- Starting Fold 8/10 ---
Fold 8 sizes: Train=39314, Eval=4368
Loading tokenizer...
Found 68 POS tags: ['-LRB-', '-RRB-', 'ADD', 'ADJP', 'ADVP', 'AFX', 'CC', 'CD', 'CONJP', 'DT', 'EX', 'FRAG', 'FW', 'HYPH', 'IN', 'INTJ', 'JJ', 'JJR', 'JJS', 'LS', 'LST', 'MD', 'NFP', 'NML', 'NN', 'NNP', 'NNPS', 'NNS', 'NP', 'PDT', 'POS', 'PP', 'PRN', 'PRP', 'PRP$', 'PRT', 'QP', 'RB', 'RBR', 'RBS', 'ROOT', 'RP', 'RRC', 'S', 'SBAR', 'SBARQ', 'SINV', 'SQ', 'SYM', 'TO', 'UCP', 'UH', 'VB', 'VBD', 'VBG', 'VBN', 'VBP', 'VBZ', 'VP', 'WDT', 'WHADJP', 'WHADVP', 'WHNP', 'WHPP', 'WP', 'WP$', 'WRB', 'X']
Found 0 phrase labels: []
Adding manual additions: ( ) # $ . , ''
Preprocessing...
Token length per parse sequence: 37.2166
Initializing DualEncoder model...
Loading  weights...
Missing keys: ['prosody_encoder.pos_table', 'prosody_encoder.mag_table', 'prosody_encoder.transformer.layers.0.self_attn.in_proj_weight', 'prosody_encoder.transformer.layers.0.self_attn.in_proj_bias', 'prosody_encoder.transformer.layers.0.self_attn.out_proj.weight', 'prosody_encoder.transformer.layers.0.self_attn.out_proj.bias', 'prosody_encoder.transformer.layers.0.linear1.weight', 'prosody_encoder.transformer.layers.0.linear1.bias', 'prosody_encoder.transformer.layers.0.linear2.weight', 'prosody_encoder.transformer.layers.0.linear2.bias', 'prosody_encoder.transformer.layers.0.norm1.weight', 'prosody_encoder.transformer.layers.0.norm1.bias', 'prosody_encoder.transformer.layers.0.norm2.weight', 'prosody_encoder.transformer.layers.0.norm2.bias', 'prosody_encoder.transformer.layers.1.self_attn.in_proj_weight', 'prosody_encoder.transformer.layers.1.self_attn.in_proj_bias', 'prosody_encoder.transformer.layers.1.self_attn.out_proj.weight', 'prosody_encoder.transformer.layers.1.self_attn.out_proj.bias', 'prosody_encoder.transformer.layers.1.linear1.weight', 'prosody_encoder.transformer.layers.1.linear1.bias', 'prosody_encoder.transformer.layers.1.linear2.weight', 'prosody_encoder.transformer.layers.1.linear2.bias', 'prosody_encoder.transformer.layers.1.norm1.weight', 'prosody_encoder.transformer.layers.1.norm1.bias', 'prosody_encoder.transformer.layers.1.norm2.weight', 'prosody_encoder.transformer.layers.1.norm2.bias', 'prosody_encoder.up_proj.weight', 'prosody_encoder.up_proj.bias', 'prosody_up.weight', 'prosody_up.bias', 'cross_attn.in_proj_weight', 'cross_attn.in_proj_bias', 'cross_attn.out_proj.weight', 'cross_attn.out_proj.bias', 'fusion_layer_norm.weight', 'fusion_layer_norm.bias']
Unexpected keys: []
Re-initializing decoder layer, to be trained from scratch
Training...
{'loss': 4.1938, 'grad_norm': 25.653919219970703, 'learning_rate': 0.00016265256305939788, 'epoch': 1.63}
{'eval_loss': 0.5085395574569702, 'eval_runtime': 43.122, 'eval_samples_per_second': 101.294, 'eval_steps_per_second': 3.177, 'epoch': 1.63}
{'loss': 0.6388, 'grad_norm': 10.623547554016113, 'learning_rate': 0.0002999345654191567, 'epoch': 3.25}
{'eval_loss': 0.5184972286224365, 'eval_runtime': 43.164, 'eval_samples_per_second': 101.195, 'eval_steps_per_second': 3.174, 'epoch': 3.25}
{'loss': 0.5346, 'grad_norm': 7.263026237487793, 'learning_rate': 0.0002964209259081431, 'epoch': 4.88}
{'eval_loss': 0.4676608443260193, 'eval_runtime': 43.1826, 'eval_samples_per_second': 101.152, 'eval_steps_per_second': 3.173, 'epoch': 4.88}
{'loss': 0.5007, 'grad_norm': 5.2811279296875, 'learning_rate': 0.00028767328744415817, 'epoch': 6.51}
{'eval_loss': 0.4780859351158142, 'eval_runtime': 43.2109, 'eval_samples_per_second': 101.086, 'eval_steps_per_second': 3.17, 'epoch': 6.51}
{'loss': 0.4828, 'grad_norm': 9.422341346740723, 'learning_rate': 0.0002740043452944766, 'epoch': 8.14}
{'eval_loss': 0.45521488785743713, 'eval_runtime': 43.1026, 'eval_samples_per_second': 101.34, 'eval_steps_per_second': 3.178, 'epoch': 8.14}
{'loss': 0.4734, 'grad_norm': 2.8861820697784424, 'learning_rate': 0.000255902712875903, 'epoch': 9.76}
{'eval_loss': 0.45452168583869934, 'eval_runtime': 43.1861, 'eval_samples_per_second': 101.144, 'eval_steps_per_second': 3.172, 'epoch': 9.76}
{'loss': 0.4696, 'grad_norm': 1.874272346496582, 'learning_rate': 0.00023401545565765396, 'epoch': 11.39}
{'eval_loss': 0.4535655975341797, 'eval_runtime': 43.0671, 'eval_samples_per_second': 101.423, 'eval_steps_per_second': 3.181, 'epoch': 11.39}
{'loss': 0.4637, 'grad_norm': 2.5585341453552246, 'learning_rate': 0.00020912496099763763, 'epoch': 13.02}
{'eval_loss': 0.4555731415748596, 'eval_runtime': 43.1222, 'eval_samples_per_second': 101.294, 'eval_steps_per_second': 3.177, 'epoch': 13.02}
{'loss': 0.4601, 'grad_norm': 10.40108871459961, 'learning_rate': 0.0001821209707287337, 'epoch': 14.65}
{'eval_loss': 0.4529983103275299, 'eval_runtime': 43.1464, 'eval_samples_per_second': 101.237, 'eval_steps_per_second': 3.175, 'epoch': 14.65}
{'loss': 0.4572, 'grad_norm': 14.350746154785156, 'learning_rate': 0.0001539687762252241, 'epoch': 16.27}
{'eval_loss': 0.44852107763290405, 'eval_runtime': 43.1032, 'eval_samples_per_second': 101.338, 'eval_steps_per_second': 3.178, 'epoch': 16.27}
{'loss': 0.4549, 'grad_norm': 1.3480907678604126, 'learning_rate': 0.00012567471285646482, 'epoch': 17.9}
{'eval_loss': 0.45117756724357605, 'eval_runtime': 43.116, 'eval_samples_per_second': 101.308, 'eval_steps_per_second': 3.177, 'epoch': 17.9}
{'loss': 0.4531, 'grad_norm': 2.182097911834717, 'learning_rate': 9.825018727166861e-05, 'epoch': 19.53}
Loading data...
Loaded 43682 examples.

--- Starting Fold 1/10 ---
Fold 1 sizes: Train=39313, Eval=4369
Loading tokenizer...
Found 68 POS tags: ['-LRB-', '-RRB-', 'ADD', 'ADJP', 'ADVP', 'AFX', 'CC', 'CD', 'CONJP', 'DT', 'EX', 'FRAG', 'FW', 'HYPH', 'IN', 'INTJ', 'JJ', 'JJR', 'JJS', 'LS', 'LST', 'MD', 'NFP', 'NML', 'NN', 'NNP', 'NNPS', 'NNS', 'NP', 'PDT', 'POS', 'PP', 'PRN', 'PRP', 'PRP$', 'PRT', 'QP', 'RB', 'RBR', 'RBS', 'ROOT', 'RP', 'RRC', 'S', 'SBAR', 'SBARQ', 'SINV', 'SQ', 'SYM', 'TO', 'UCP', 'UH', 'VB', 'VBD', 'VBG', 'VBN', 'VBP', 'VBZ', 'VP', 'WDT', 'WHADJP', 'WHADVP', 'WHNP', 'WHPP', 'WP', 'WP$', 'WRB', 'X']
Found 0 phrase labels: []
Adding manual additions: ( ) # $ . , ''
Preprocessing...
Token length per parse sequence: 37.6812
Initializing DualEncoder model...
Loading  weights...
Missing keys: ['prosody_encoder.pos_table', 'prosody_encoder.mag_table', 'prosody_encoder.transformer.layers.0.self_attn.in_proj_weight', 'prosody_encoder.transformer.layers.0.self_attn.in_proj_bias', 'prosody_encoder.transformer.layers.0.self_attn.out_proj.weight', 'prosody_encoder.transformer.layers.0.self_attn.out_proj.bias', 'prosody_encoder.transformer.layers.0.linear1.weight', 'prosody_encoder.transformer.layers.0.linear1.bias', 'prosody_encoder.transformer.layers.0.linear2.weight', 'prosody_encoder.transformer.layers.0.linear2.bias', 'prosody_encoder.transformer.layers.0.norm1.weight', 'prosody_encoder.transformer.layers.0.norm1.bias', 'prosody_encoder.transformer.layers.0.norm2.weight', 'prosody_encoder.transformer.layers.0.norm2.bias', 'prosody_encoder.transformer.layers.1.self_attn.in_proj_weight', 'prosody_encoder.transformer.layers.1.self_attn.in_proj_bias', 'prosody_encoder.transformer.layers.1.self_attn.out_proj.weight', 'prosody_encoder.transformer.layers.1.self_attn.out_proj.bias', 'prosody_encoder.transformer.layers.1.linear1.weight', 'prosody_encoder.transformer.layers.1.linear1.bias', 'prosody_encoder.transformer.layers.1.linear2.weight', 'prosody_encoder.transformer.layers.1.linear2.bias', 'prosody_encoder.transformer.layers.1.norm1.weight', 'prosody_encoder.transformer.layers.1.norm1.bias', 'prosody_encoder.transformer.layers.1.norm2.weight', 'prosody_encoder.transformer.layers.1.norm2.bias', 'prosody_encoder.up_proj.weight', 'prosody_encoder.up_proj.bias', 'prosody_up.weight', 'prosody_up.bias', 'cross_attn.in_proj_weight', 'cross_attn.in_proj_bias', 'cross_attn.out_proj.weight', 'cross_attn.out_proj.bias', 'fusion_layer_norm.weight', 'fusion_layer_norm.bias']
Unexpected keys: []
Re-initializing decoder layer, to be trained from scratch
Training...
{'loss': 4.2371, 'grad_norm': 44.637062072753906, 'learning_rate': 0.00016265256305939788, 'epoch': 1.63}
{'eval_loss': 0.6796854734420776, 'eval_runtime': 41.8689, 'eval_samples_per_second': 104.35, 'eval_steps_per_second': 3.272, 'epoch': 1.63}
{'loss': 0.6447, 'grad_norm': 9.788993835449219, 'learning_rate': 0.0002999345654191567, 'epoch': 3.25}
{'eval_loss': 0.488569051027298, 'eval_runtime': 41.803, 'eval_samples_per_second': 104.514, 'eval_steps_per_second': 3.277, 'epoch': 3.25}
{'loss': 0.533, 'grad_norm': 11.163886070251465, 'learning_rate': 0.0002964209259081431, 'epoch': 4.88}
{'eval_loss': 0.5075147151947021, 'eval_runtime': 41.8102, 'eval_samples_per_second': 104.496, 'eval_steps_per_second': 3.277, 'epoch': 4.88}
{'loss': 0.4981, 'grad_norm': 7.816824913024902, 'learning_rate': 0.00028767328744415817, 'epoch': 6.51}
{'eval_loss': 0.4627011716365814, 'eval_runtime': 41.9061, 'eval_samples_per_second': 104.257, 'eval_steps_per_second': 3.269, 'epoch': 6.51}
{'loss': 0.4868, 'grad_norm': 2.6247122287750244, 'learning_rate': 0.0002740043452944766, 'epoch': 8.14}
{'eval_loss': 0.4601925313472748, 'eval_runtime': 41.7175, 'eval_samples_per_second': 104.728, 'eval_steps_per_second': 3.284, 'epoch': 8.14}
{'loss': 0.4746, 'grad_norm': 4.071820259094238, 'learning_rate': 0.000255902712875903, 'epoch': 9.76}
{'eval_loss': 0.4625217020511627, 'eval_runtime': 41.8914, 'eval_samples_per_second': 104.293, 'eval_steps_per_second': 3.27, 'epoch': 9.76}
{'loss': 0.4686, 'grad_norm': 20.75558853149414, 'learning_rate': 0.00023401545565765396, 'epoch': 11.39}
{'eval_loss': 0.4975039064884186, 'eval_runtime': 41.7779, 'eval_samples_per_second': 104.577, 'eval_steps_per_second': 3.279, 'epoch': 11.39}
{'loss': 0.4633, 'grad_norm': 0.6883628368377686, 'learning_rate': 0.00020912496099763763, 'epoch': 13.02}
{'eval_loss': 0.45133838057518005, 'eval_runtime': 41.9413, 'eval_samples_per_second': 104.169, 'eval_steps_per_second': 3.266, 'epoch': 13.02}
{'loss': 0.4592, 'grad_norm': 1.8132940530776978, 'learning_rate': 0.0001821209707287337, 'epoch': 14.65}
{'eval_loss': 0.4559836983680725, 'eval_runtime': 41.8867, 'eval_samples_per_second': 104.305, 'eval_steps_per_second': 3.271, 'epoch': 14.65}
{'loss': 0.4564, 'grad_norm': 7.517482757568359, 'learning_rate': 0.0001539687762252241, 'epoch': 16.27}
{'eval_loss': 0.4500124752521515, 'eval_runtime': 41.8371, 'eval_samples_per_second': 104.429, 'eval_steps_per_second': 3.275, 'epoch': 16.27}
{'loss': 0.4545, 'grad_norm': 0.8519473075866699, 'learning_rate': 0.00012567471285646482, 'epoch': 17.9}
{'eval_loss': 0.4500933587551117, 'eval_runtime': 41.8788, 'eval_samples_per_second': 104.325, 'eval_steps_per_second': 3.271, 'epoch': 17.9}
{'loss': 0.4531, 'grad_norm': 5.228299140930176, 'learning_rate': 9.825018727166861e-05, 'epoch': 19.53}
{'eval_loss': 0.44834044575691223, 'eval_runtime': 41.9031, 'eval_samples_per_second': 104.264, 'eval_steps_per_second': 3.269, 'epoch': 19.53}
{'loss': 0.4516, 'grad_norm': 0.5951144695281982, 'learning_rate': 7.267552340545266e-05, 'epoch': 21.16}
{'eval_loss': 0.4482732117176056, 'eval_runtime': 41.8508, 'eval_samples_per_second': 104.395, 'eval_steps_per_second': 3.274, 'epoch': 21.16}
{'loss': 0.4508, 'grad_norm': 1.003050684928894, 'learning_rate': 4.986491957385785e-05, 'epoch': 22.78}
{'eval_loss': 0.44766682386398315, 'eval_runtime': 41.7163, 'eval_samples_per_second': 104.731, 'eval_steps_per_second': 3.284, 'epoch': 22.78}
{'loss': 0.4494, 'grad_norm': 6.196888446807861, 'learning_rate': 3.063376931322956e-05, 'epoch': 24.41}
{'eval_loss': 0.4475710093975067, 'eval_runtime': 41.9029, 'eval_samples_per_second': 104.265, 'eval_steps_per_second': 3.269, 'epoch': 24.41}
{'loss': 0.4489, 'grad_norm': 3.1430728435516357, 'learning_rate': 1.5669514119407845e-05, 'epoch': 26.04}
{'eval_loss': 0.44702425599098206, 'eval_runtime': 41.8766, 'eval_samples_per_second': 104.33, 'eval_steps_per_second': 3.272, 'epoch': 26.04}
{'loss': 0.4484, 'grad_norm': 5.095956325531006, 'learning_rate': 5.507069992483931e-06, 'epoch': 27.66}
{'eval_loss': 0.4469759166240692, 'eval_runtime': 41.8246, 'eval_samples_per_second': 104.46, 'eval_steps_per_second': 3.276, 'epoch': 27.66}
{'loss': 0.4483, 'grad_norm': 5.551197528839111, 'learning_rate': 5.097061959873582e-07, 'epoch': 29.29}
{'eval_loss': 0.4468882083892822, 'eval_runtime': 41.8773, 'eval_samples_per_second': 104.329, 'eval_steps_per_second': 3.271, 'epoch': 29.29}
{'train_runtime': 32335.1413, 'train_samples_per_second': 36.474, 'train_steps_per_second': 1.14, 'train_loss': 0.679225170693166, 'epoch': 30.0}
Evaluating (Mean Loss)...
Calculating per-sequence surprisals...
Fold 1 Evaluation per token: 0.4469
Fold 1 Entropy per sequence: 16.8393

--- Starting Fold 2/10 ---
Fold 2 sizes: Train=39313, Eval=4369
Loading tokenizer...
Found 68 POS tags: ['-LRB-', '-RRB-', 'ADD', 'ADJP', 'ADVP', 'AFX', 'CC', 'CD', 'CONJP', 'DT', 'EX', 'FRAG', 'FW', 'HYPH', 'IN', 'INTJ', 'JJ', 'JJR', 'JJS', 'LS', 'LST', 'MD', 'NFP', 'NML', 'NN', 'NNP', 'NNPS', 'NNS', 'NP', 'PDT', 'POS', 'PP', 'PRN', 'PRP', 'PRP$', 'PRT', 'QP', 'RB', 'RBR', 'RBS', 'ROOT', 'RP', 'RRC', 'S', 'SBAR', 'SBARQ', 'SINV', 'SQ', 'SYM', 'TO', 'UCP', 'UH', 'VB', 'VBD', 'VBG', 'VBN', 'VBP', 'VBZ', 'VP', 'WDT', 'WHADJP', 'WHADVP', 'WHNP', 'WHPP', 'WP', 'WP$', 'WRB', 'X']
Found 0 phrase labels: []
Adding manual additions: ( ) # $ . , ''
Preprocessing...
Token length per parse sequence: 37.9421
Initializing DualEncoder model...
Loading  weights...
Missing keys: ['prosody_encoder.pos_table', 'prosody_encoder.mag_table', 'prosody_encoder.transformer.layers.0.self_attn.in_proj_weight', 'prosody_encoder.transformer.layers.0.self_attn.in_proj_bias', 'prosody_encoder.transformer.layers.0.self_attn.out_proj.weight', 'prosody_encoder.transformer.layers.0.self_attn.out_proj.bias', 'prosody_encoder.transformer.layers.0.linear1.weight', 'prosody_encoder.transformer.layers.0.linear1.bias', 'prosody_encoder.transformer.layers.0.linear2.weight', 'prosody_encoder.transformer.layers.0.linear2.bias', 'prosody_encoder.transformer.layers.0.norm1.weight', 'prosody_encoder.transformer.layers.0.norm1.bias', 'prosody_encoder.transformer.layers.0.norm2.weight', 'prosody_encoder.transformer.layers.0.norm2.bias', 'prosody_encoder.transformer.layers.1.self_attn.in_proj_weight', 'prosody_encoder.transformer.layers.1.self_attn.in_proj_bias', 'prosody_encoder.transformer.layers.1.self_attn.out_proj.weight', 'prosody_encoder.transformer.layers.1.self_attn.out_proj.bias', 'prosody_encoder.transformer.layers.1.linear1.weight', 'prosody_encoder.transformer.layers.1.linear1.bias', 'prosody_encoder.transformer.layers.1.linear2.weight', 'prosody_encoder.transformer.layers.1.linear2.bias', 'prosody_encoder.transformer.layers.1.norm1.weight', 'prosody_encoder.transformer.layers.1.norm1.bias', 'prosody_encoder.transformer.layers.1.norm2.weight', 'prosody_encoder.transformer.layers.1.norm2.bias', 'prosody_encoder.up_proj.weight', 'prosody_encoder.up_proj.bias', 'prosody_up.weight', 'prosody_up.bias', 'cross_attn.in_proj_weight', 'cross_attn.in_proj_bias', 'cross_attn.out_proj.weight', 'cross_attn.out_proj.bias', 'fusion_layer_norm.weight', 'fusion_layer_norm.bias']
Unexpected keys: []
Re-initializing decoder layer, to be trained from scratch
Training...
{'loss': 4.2289, 'grad_norm': 5.967540264129639, 'learning_rate': 0.00016265256305939788, 'epoch': 1.63}
{'eval_loss': 0.5246396064758301, 'eval_runtime': 41.8053, 'eval_samples_per_second': 104.508, 'eval_steps_per_second': 3.277, 'epoch': 1.63}
{'loss': 0.6421, 'grad_norm': 12.061474800109863, 'learning_rate': 0.0002999345654191567, 'epoch': 3.25}
{'eval_loss': 0.6893802285194397, 'eval_runtime': 41.841, 'eval_samples_per_second': 104.419, 'eval_steps_per_second': 3.274, 'epoch': 3.25}
{'loss': 0.5382, 'grad_norm': 3.7961838245391846, 'learning_rate': 0.0002964209259081431, 'epoch': 4.88}
{'eval_loss': 0.4915749132633209, 'eval_runtime': 41.8323, 'eval_samples_per_second': 104.441, 'eval_steps_per_second': 3.275, 'epoch': 4.88}
{'loss': 0.5037, 'grad_norm': 4.624629497528076, 'learning_rate': 0.00028767328744415817, 'epoch': 6.51}
{'eval_loss': 0.48207682371139526, 'eval_runtime': 41.8529, 'eval_samples_per_second': 104.39, 'eval_steps_per_second': 3.273, 'epoch': 6.51}
{'loss': 0.4838, 'grad_norm': 4.7530059814453125, 'learning_rate': 0.0002740043452944766, 'epoch': 8.14}
{'eval_loss': 0.4585612714290619, 'eval_runtime': 41.8533, 'eval_samples_per_second': 104.388, 'eval_steps_per_second': 3.273, 'epoch': 8.14}
{'loss': 0.4742, 'grad_norm': 19.05258560180664, 'learning_rate': 0.000255902712875903, 'epoch': 9.76}
{'eval_loss': 0.49510884284973145, 'eval_runtime': 41.8801, 'eval_samples_per_second': 104.322, 'eval_steps_per_second': 3.271, 'epoch': 9.76}
{'loss': 0.4683, 'grad_norm': 7.248906135559082, 'learning_rate': 0.00023401545565765396, 'epoch': 11.39}
{'eval_loss': 0.46134087443351746, 'eval_runtime': 41.8213, 'eval_samples_per_second': 104.468, 'eval_steps_per_second': 3.276, 'epoch': 11.39}
{'loss': 0.4625, 'grad_norm': 17.352853775024414, 'learning_rate': 0.00020912496099763763, 'epoch': 13.02}
{'eval_loss': 0.46035873889923096, 'eval_runtime': 41.8664, 'eval_samples_per_second': 104.356, 'eval_steps_per_second': 3.272, 'epoch': 13.02}
{'loss': 0.4591, 'grad_norm': 4.163768768310547, 'learning_rate': 0.0001821209707287337, 'epoch': 14.65}
{'eval_loss': 0.4502081274986267, 'eval_runtime': 41.8241, 'eval_samples_per_second': 104.461, 'eval_steps_per_second': 3.276, 'epoch': 14.65}
{'loss': 0.4563, 'grad_norm': 0.7753087282180786, 'learning_rate': 0.0001539687762252241, 'epoch': 16.27}
{'eval_loss': 0.4482862949371338, 'eval_runtime': 41.8544, 'eval_samples_per_second': 104.386, 'eval_steps_per_second': 3.273, 'epoch': 16.27}
{'loss': 0.4541, 'grad_norm': 4.7123870849609375, 'learning_rate': 0.00012567471285646482, 'epoch': 17.9}
{'eval_loss': 0.4479893445968628, 'eval_runtime': 41.915, 'eval_samples_per_second': 104.235, 'eval_steps_per_second': 3.269, 'epoch': 17.9}
{'loss': 0.453, 'grad_norm': 0.8761468529701233, 'learning_rate': 9.825018727166861e-05, 'epoch': 19.53}
{'eval_loss': 0.4477859437465668, 'eval_runtime': 41.8931, 'eval_samples_per_second': 104.289, 'eval_steps_per_second': 3.27, 'epoch': 19.53}
{'loss': 0.4514, 'grad_norm': 5.381721019744873, 'learning_rate': 7.267552340545266e-05, 'epoch': 21.16}
{'eval_loss': 0.4466138780117035, 'eval_runtime': 41.9188, 'eval_samples_per_second': 104.225, 'eval_steps_per_second': 3.268, 'epoch': 21.16}
{'loss': 0.4502, 'grad_norm': 1.015281319618225, 'learning_rate': 4.986491957385785e-05, 'epoch': 22.78}
{'eval_loss': 0.4467591941356659, 'eval_runtime': 41.9864, 'eval_samples_per_second': 104.058, 'eval_steps_per_second': 3.263, 'epoch': 22.78}
{'loss': 0.4493, 'grad_norm': 1.0095949172973633, 'learning_rate': 3.063376931322956e-05, 'epoch': 24.41}
{'eval_loss': 0.4460778832435608, 'eval_runtime': 41.8617, 'eval_samples_per_second': 104.367, 'eval_steps_per_second': 3.273, 'epoch': 24.41}
{'loss': 0.4491, 'grad_norm': 0.29609137773513794, 'learning_rate': 1.5669514119407845e-05, 'epoch': 26.04}
{'eval_loss': 0.44602394104003906, 'eval_runtime': 41.808, 'eval_samples_per_second': 104.501, 'eval_steps_per_second': 3.277, 'epoch': 26.04}
{'loss': 0.4482, 'grad_norm': 4.097372055053711, 'learning_rate': 5.507069992483931e-06, 'epoch': 27.66}
{'eval_loss': 0.44599470496177673, 'eval_runtime': 41.8798, 'eval_samples_per_second': 104.322, 'eval_steps_per_second': 3.271, 'epoch': 27.66}
{'loss': 0.4479, 'grad_norm': 3.492995023727417, 'learning_rate': 5.097061959873582e-07, 'epoch': 29.29}
{'eval_loss': 0.44590675830841064, 'eval_runtime': 41.9331, 'eval_samples_per_second': 104.19, 'eval_steps_per_second': 3.267, 'epoch': 29.29}
{'train_runtime': 32355.2152, 'train_samples_per_second': 36.451, 'train_steps_per_second': 1.14, 'train_loss': 0.678889388769081, 'epoch': 30.0}
Evaluating (Mean Loss)...
Calculating per-sequence surprisals...
Fold 2 Evaluation per token: 0.4459
Fold 2 Entropy per sequence: 16.9186

--- Starting Fold 3/10 ---
Fold 3 sizes: Train=39314, Eval=4368
Loading tokenizer...
Found 68 POS tags: ['-LRB-', '-RRB-', 'ADD', 'ADJP', 'ADVP', 'AFX', 'CC', 'CD', 'CONJP', 'DT', 'EX', 'FRAG', 'FW', 'HYPH', 'IN', 'INTJ', 'JJ', 'JJR', 'JJS', 'LS', 'LST', 'MD', 'NFP', 'NML', 'NN', 'NNP', 'NNPS', 'NNS', 'NP', 'PDT', 'POS', 'PP', 'PRN', 'PRP', 'PRP$', 'PRT', 'QP', 'RB', 'RBR', 'RBS', 'ROOT', 'RP', 'RRC', 'S', 'SBAR', 'SBARQ', 'SINV', 'SQ', 'SYM', 'TO', 'UCP', 'UH', 'VB', 'VBD', 'VBG', 'VBN', 'VBP', 'VBZ', 'VP', 'WDT', 'WHADJP', 'WHADVP', 'WHNP', 'WHPP', 'WP', 'WP$', 'WRB', 'X']
Found 0 phrase labels: []
Adding manual additions: ( ) # $ . , ''
Preprocessing...
Token length per parse sequence: 37.2367
Initializing DualEncoder model...
Loading  weights...
Missing keys: ['prosody_encoder.pos_table', 'prosody_encoder.mag_table', 'prosody_encoder.transformer.layers.0.self_attn.in_proj_weight', 'prosody_encoder.transformer.layers.0.self_attn.in_proj_bias', 'prosody_encoder.transformer.layers.0.self_attn.out_proj.weight', 'prosody_encoder.transformer.layers.0.self_attn.out_proj.bias', 'prosody_encoder.transformer.layers.0.linear1.weight', 'prosody_encoder.transformer.layers.0.linear1.bias', 'prosody_encoder.transformer.layers.0.linear2.weight', 'prosody_encoder.transformer.layers.0.linear2.bias', 'prosody_encoder.transformer.layers.0.norm1.weight', 'prosody_encoder.transformer.layers.0.norm1.bias', 'prosody_encoder.transformer.layers.0.norm2.weight', 'prosody_encoder.transformer.layers.0.norm2.bias', 'prosody_encoder.transformer.layers.1.self_attn.in_proj_weight', 'prosody_encoder.transformer.layers.1.self_attn.in_proj_bias', 'prosody_encoder.transformer.layers.1.self_attn.out_proj.weight', 'prosody_encoder.transformer.layers.1.self_attn.out_proj.bias', 'prosody_encoder.transformer.layers.1.linear1.weight', 'prosody_encoder.transformer.layers.1.linear1.bias', 'prosody_encoder.transformer.layers.1.linear2.weight', 'prosody_encoder.transformer.layers.1.linear2.bias', 'prosody_encoder.transformer.layers.1.norm1.weight', 'prosody_encoder.transformer.layers.1.norm1.bias', 'prosody_encoder.transformer.layers.1.norm2.weight', 'prosody_encoder.transformer.layers.1.norm2.bias', 'prosody_encoder.up_proj.weight', 'prosody_encoder.up_proj.bias', 'prosody_up.weight', 'prosody_up.bias', 'cross_attn.in_proj_weight', 'cross_attn.in_proj_bias', 'cross_attn.out_proj.weight', 'cross_attn.out_proj.bias', 'fusion_layer_norm.weight', 'fusion_layer_norm.bias']
Unexpected keys: []
Re-initializing decoder layer, to be trained from scratch
Training...
{'loss': 4.1891, 'grad_norm': 13.949947357177734, 'learning_rate': 0.00016265256305939788, 'epoch': 1.63}
{'eval_loss': 0.5011351704597473, 'eval_runtime': 41.8586, 'eval_samples_per_second': 104.351, 'eval_steps_per_second': 3.273, 'epoch': 1.63}
{'loss': 0.6376, 'grad_norm': 19.150148391723633, 'learning_rate': 0.0002999345654191567, 'epoch': 3.25}
{'eval_loss': 0.4988883435726166, 'eval_runtime': 41.8033, 'eval_samples_per_second': 104.489, 'eval_steps_per_second': 3.277, 'epoch': 3.25}
{'loss': 0.5338, 'grad_norm': 12.192127227783203, 'learning_rate': 0.0002964209259081431, 'epoch': 4.88}
{'eval_loss': 0.46481794118881226, 'eval_runtime': 42.0402, 'eval_samples_per_second': 103.901, 'eval_steps_per_second': 3.259, 'epoch': 4.88}
{'loss': 0.5017, 'grad_norm': 5.02470064163208, 'learning_rate': 0.00028767328744415817, 'epoch': 6.51}
{'eval_loss': 0.4769049286842346, 'eval_runtime': 41.8476, 'eval_samples_per_second': 104.379, 'eval_steps_per_second': 3.274, 'epoch': 6.51}
{'loss': 0.4869, 'grad_norm': 0.9614138007164001, 'learning_rate': 0.0002740043452944766, 'epoch': 8.14}
{'eval_loss': 0.4554494619369507, 'eval_runtime': 41.8622, 'eval_samples_per_second': 104.342, 'eval_steps_per_second': 3.273, 'epoch': 8.14}
{'loss': 0.4741, 'grad_norm': 9.958555221557617, 'learning_rate': 0.000255902712875903, 'epoch': 9.76}
{'eval_loss': 0.48376092314720154, 'eval_runtime': 41.8787, 'eval_samples_per_second': 104.301, 'eval_steps_per_second': 3.271, 'epoch': 9.76}
{'loss': 0.4688, 'grad_norm': 5.7595086097717285, 'learning_rate': 0.00023401545565765396, 'epoch': 11.39}
{'eval_loss': 0.4679694175720215, 'eval_runtime': 41.8137, 'eval_samples_per_second': 104.463, 'eval_steps_per_second': 3.276, 'epoch': 11.39}
{'loss': 0.4655, 'grad_norm': 3.817920684814453, 'learning_rate': 0.00020912496099763763, 'epoch': 13.02}
{'eval_loss': 0.4524092674255371, 'eval_runtime': 41.8429, 'eval_samples_per_second': 104.391, 'eval_steps_per_second': 3.274, 'epoch': 13.02}
{'loss': 0.4607, 'grad_norm': 15.588316917419434, 'learning_rate': 0.0001821209707287337, 'epoch': 14.65}
{'eval_loss': 0.4509401023387909, 'eval_runtime': 41.9056, 'eval_samples_per_second': 104.234, 'eval_steps_per_second': 3.269, 'epoch': 14.65}
{'loss': 0.4567, 'grad_norm': 4.97509241104126, 'learning_rate': 0.0001539687762252241, 'epoch': 16.27}
{'eval_loss': 0.44889822602272034, 'eval_runtime': 41.9068, 'eval_samples_per_second': 104.231, 'eval_steps_per_second': 3.269, 'epoch': 16.27}
{'loss': 0.4553, 'grad_norm': 4.18756628036499, 'learning_rate': 0.00012567471285646482, 'epoch': 17.9}
{'eval_loss': 0.4479449689388275, 'eval_runtime': 41.8772, 'eval_samples_per_second': 104.305, 'eval_steps_per_second': 3.271, 'epoch': 17.9}
{'loss': 0.4529, 'grad_norm': 1.8145241737365723, 'learning_rate': 9.825018727166861e-05, 'epoch': 19.53}
{'eval_loss': 0.4468827247619629, 'eval_runtime': 41.8657, 'eval_samples_per_second': 104.334, 'eval_steps_per_second': 3.272, 'epoch': 19.53}
{'loss': 0.452, 'grad_norm': 4.817447662353516, 'learning_rate': 7.267552340545266e-05, 'epoch': 21.16}
{'eval_loss': 0.4465603828430176, 'eval_runtime': 41.8551, 'eval_samples_per_second': 104.36, 'eval_steps_per_second': 3.273, 'epoch': 21.16}
{'loss': 0.4506, 'grad_norm': 5.066140174865723, 'learning_rate': 4.986491957385785e-05, 'epoch': 22.78}
{'eval_loss': 0.44725024700164795, 'eval_runtime': 41.923, 'eval_samples_per_second': 104.191, 'eval_steps_per_second': 3.268, 'epoch': 22.78}
{'loss': 0.4498, 'grad_norm': 3.784128189086914, 'learning_rate': 3.063376931322956e-05, 'epoch': 24.41}
{'eval_loss': 0.44533026218414307, 'eval_runtime': 41.8766, 'eval_samples_per_second': 104.306, 'eval_steps_per_second': 3.272, 'epoch': 24.41}
{'loss': 0.4495, 'grad_norm': 1.273705005645752, 'learning_rate': 1.5669514119407845e-05, 'epoch': 26.04}
{'eval_loss': 0.4456860423088074, 'eval_runtime': 41.8778, 'eval_samples_per_second': 104.304, 'eval_steps_per_second': 3.271, 'epoch': 26.04}
{'loss': 0.4486, 'grad_norm': 1.001544713973999, 'learning_rate': 5.507069992483931e-06, 'epoch': 27.66}
{'eval_loss': 0.4452371299266815, 'eval_runtime': 41.8798, 'eval_samples_per_second': 104.298, 'eval_steps_per_second': 3.271, 'epoch': 27.66}
{'loss': 0.4489, 'grad_norm': 7.595582962036133, 'learning_rate': 5.097061959873582e-07, 'epoch': 29.29}
{'eval_loss': 0.44531238079071045, 'eval_runtime': 41.8223, 'eval_samples_per_second': 104.442, 'eval_steps_per_second': 3.276, 'epoch': 29.29}
{'train_runtime': 32353.2374, 'train_samples_per_second': 36.454, 'train_steps_per_second': 1.14, 'train_loss': 0.6768408373632759, 'epoch': 30.0}
Evaluating (Mean Loss)...
Calculating per-sequence surprisals...
Fold 3 Evaluation per token: 0.4452
Fold 3 Entropy per sequence: 16.5792

--- Starting Fold 4/10 ---
Fold 4 sizes: Train=39314, Eval=4368
Loading tokenizer...
Found 68 POS tags: ['-LRB-', '-RRB-', 'ADD', 'ADJP', 'ADVP', 'AFX', 'CC', 'CD', 'CONJP', 'DT', 'EX', 'FRAG', 'FW', 'HYPH', 'IN', 'INTJ', 'JJ', 'JJR', 'JJS', 'LS', 'LST', 'MD', 'NFP', 'NML', 'NN', 'NNP', 'NNPS', 'NNS', 'NP', 'PDT', 'POS', 'PP', 'PRN', 'PRP', 'PRP$', 'PRT', 'QP', 'RB', 'RBR', 'RBS', 'ROOT', 'RP', 'RRC', 'S', 'SBAR', 'SBARQ', 'SINV', 'SQ', 'SYM', 'TO', 'UCP', 'UH', 'VB', 'VBD', 'VBG', 'VBN', 'VBP', 'VBZ', 'VP', 'WDT', 'WHADJP', 'WHADVP', 'WHNP', 'WHPP', 'WP', 'WP$', 'WRB', 'X']
Found 0 phrase labels: []
Adding manual additions: ( ) # $ . , ''
Preprocessing...
Token length per parse sequence: 38.0055
Initializing DualEncoder model...
Loading  weights...
Missing keys: ['prosody_encoder.pos_table', 'prosody_encoder.mag_table', 'prosody_encoder.transformer.layers.0.self_attn.in_proj_weight', 'prosody_encoder.transformer.layers.0.self_attn.in_proj_bias', 'prosody_encoder.transformer.layers.0.self_attn.out_proj.weight', 'prosody_encoder.transformer.layers.0.self_attn.out_proj.bias', 'prosody_encoder.transformer.layers.0.linear1.weight', 'prosody_encoder.transformer.layers.0.linear1.bias', 'prosody_encoder.transformer.layers.0.linear2.weight', 'prosody_encoder.transformer.layers.0.linear2.bias', 'prosody_encoder.transformer.layers.0.norm1.weight', 'prosody_encoder.transformer.layers.0.norm1.bias', 'prosody_encoder.transformer.layers.0.norm2.weight', 'prosody_encoder.transformer.layers.0.norm2.bias', 'prosody_encoder.transformer.layers.1.self_attn.in_proj_weight', 'prosody_encoder.transformer.layers.1.self_attn.in_proj_bias', 'prosody_encoder.transformer.layers.1.self_attn.out_proj.weight', 'prosody_encoder.transformer.layers.1.self_attn.out_proj.bias', 'prosody_encoder.transformer.layers.1.linear1.weight', 'prosody_encoder.transformer.layers.1.linear1.bias', 'prosody_encoder.transformer.layers.1.linear2.weight', 'prosody_encoder.transformer.layers.1.linear2.bias', 'prosody_encoder.transformer.layers.1.norm1.weight', 'prosody_encoder.transformer.layers.1.norm1.bias', 'prosody_encoder.transformer.layers.1.norm2.weight', 'prosody_encoder.transformer.layers.1.norm2.bias', 'prosody_encoder.up_proj.weight', 'prosody_encoder.up_proj.bias', 'prosody_up.weight', 'prosody_up.bias', 'cross_attn.in_proj_weight', 'cross_attn.in_proj_bias', 'cross_attn.out_proj.weight', 'cross_attn.out_proj.bias', 'fusion_layer_norm.weight', 'fusion_layer_norm.bias']
Unexpected keys: []
Re-initializing decoder layer, to be trained from scratch
Training...
{'loss': 4.2085, 'grad_norm': 50.41007995605469, 'learning_rate': 0.00016265256305939788, 'epoch': 1.63}
{'eval_loss': 0.6465318202972412, 'eval_runtime': 41.8004, 'eval_samples_per_second': 104.496, 'eval_steps_per_second': 3.277, 'epoch': 1.63}
{'loss': 0.6358, 'grad_norm': 22.303346633911133, 'learning_rate': 0.0002999345654191567, 'epoch': 3.25}
{'eval_loss': 0.4892577528953552, 'eval_runtime': 41.9818, 'eval_samples_per_second': 104.045, 'eval_steps_per_second': 3.263, 'epoch': 3.25}
{'loss': 0.5344, 'grad_norm': 1.5205034017562866, 'learning_rate': 0.0002964209259081431, 'epoch': 4.88}
{'eval_loss': 0.4719635844230652, 'eval_runtime': 41.8558, 'eval_samples_per_second': 104.358, 'eval_steps_per_second': 3.273, 'epoch': 4.88}
{'loss': 0.5039, 'grad_norm': 21.483354568481445, 'learning_rate': 0.00028767328744415817, 'epoch': 6.51}
{'eval_loss': 0.49212390184402466, 'eval_runtime': 42.0465, 'eval_samples_per_second': 103.885, 'eval_steps_per_second': 3.258, 'epoch': 6.51}
{'loss': 0.4857, 'grad_norm': 13.348180770874023, 'learning_rate': 0.0002740043452944766, 'epoch': 8.14}
{'eval_loss': 0.45877107977867126, 'eval_runtime': 41.9329, 'eval_samples_per_second': 104.167, 'eval_steps_per_second': 3.267, 'epoch': 8.14}
{'loss': 0.4766, 'grad_norm': 2.767603635787964, 'learning_rate': 0.000255902712875903, 'epoch': 9.76}
{'eval_loss': 0.46441593766212463, 'eval_runtime': 41.9208, 'eval_samples_per_second': 104.196, 'eval_steps_per_second': 3.268, 'epoch': 9.76}
{'loss': 0.4677, 'grad_norm': 5.326918601989746, 'learning_rate': 0.00023401545565765396, 'epoch': 11.39}
{'eval_loss': 0.4516638219356537, 'eval_runtime': 41.8397, 'eval_samples_per_second': 104.399, 'eval_steps_per_second': 3.274, 'epoch': 11.39}
{'loss': 0.4634, 'grad_norm': 12.316306114196777, 'learning_rate': 0.00020912496099763763, 'epoch': 13.02}
{'eval_loss': 0.45177125930786133, 'eval_runtime': 41.8732, 'eval_samples_per_second': 104.315, 'eval_steps_per_second': 3.272, 'epoch': 13.02}
{'loss': 0.4588, 'grad_norm': 2.520087957382202, 'learning_rate': 0.0001821209707287337, 'epoch': 14.65}
{'eval_loss': 0.44943147897720337, 'eval_runtime': 41.849, 'eval_samples_per_second': 104.375, 'eval_steps_per_second': 3.274, 'epoch': 14.65}
{'loss': 0.4578, 'grad_norm': 6.003811359405518, 'learning_rate': 0.0001539687762252241, 'epoch': 16.27}
{'eval_loss': 0.44963303208351135, 'eval_runtime': 41.8285, 'eval_samples_per_second': 104.426, 'eval_steps_per_second': 3.275, 'epoch': 16.27}
{'loss': 0.4545, 'grad_norm': 7.969954013824463, 'learning_rate': 0.00012567471285646482, 'epoch': 17.9}
{'eval_loss': 0.44949740171432495, 'eval_runtime': 41.8406, 'eval_samples_per_second': 104.396, 'eval_steps_per_second': 3.274, 'epoch': 17.9}
{'loss': 0.453, 'grad_norm': 0.8974192142486572, 'learning_rate': 9.825018727166861e-05, 'epoch': 19.53}
{'eval_loss': 0.4491853713989258, 'eval_runtime': 41.9568, 'eval_samples_per_second': 104.107, 'eval_steps_per_second': 3.265, 'epoch': 19.53}
{'loss': 0.452, 'grad_norm': 7.676130771636963, 'learning_rate': 7.267552340545266e-05, 'epoch': 21.16}
{'eval_loss': 0.44675254821777344, 'eval_runtime': 41.8993, 'eval_samples_per_second': 104.25, 'eval_steps_per_second': 3.27, 'epoch': 21.16}
{'loss': 0.4509, 'grad_norm': 3.882537364959717, 'learning_rate': 4.986491957385785e-05, 'epoch': 22.78}
{'eval_loss': 0.4466537833213806, 'eval_runtime': 41.9147, 'eval_samples_per_second': 104.212, 'eval_steps_per_second': 3.269, 'epoch': 22.78}
{'loss': 0.4496, 'grad_norm': 0.5240209102630615, 'learning_rate': 3.063376931322956e-05, 'epoch': 24.41}
{'eval_loss': 0.446256160736084, 'eval_runtime': 41.8828, 'eval_samples_per_second': 104.291, 'eval_steps_per_second': 3.271, 'epoch': 24.41}
{'loss': 0.4494, 'grad_norm': 2.117558002471924, 'learning_rate': 1.5669514119407845e-05, 'epoch': 26.04}
{'eval_loss': 0.44591784477233887, 'eval_runtime': 41.8314, 'eval_samples_per_second': 104.419, 'eval_steps_per_second': 3.275, 'epoch': 26.04}
{'loss': 0.4488, 'grad_norm': 1.6231074333190918, 'learning_rate': 5.507069992483931e-06, 'epoch': 27.66}
{'eval_loss': 0.4459589421749115, 'eval_runtime': 41.9349, 'eval_samples_per_second': 104.161, 'eval_steps_per_second': 3.267, 'epoch': 27.66}
{'loss': 0.4486, 'grad_norm': 2.419792413711548, 'learning_rate': 5.097061959873582e-07, 'epoch': 29.29}
{'eval_loss': 0.4459789991378784, 'eval_runtime': 41.7959, 'eval_samples_per_second': 104.508, 'eval_steps_per_second': 3.278, 'epoch': 29.29}
{'train_runtime': 32352.7017, 'train_samples_per_second': 36.455, 'train_steps_per_second': 1.14, 'train_loss': 0.6777378315068144, 'epoch': 30.0}
Evaluating (Mean Loss)...
Calculating per-sequence surprisals...
Fold 4 Evaluation per token: 0.4459
Fold 4 Entropy per sequence: 16.9473

--- Starting Fold 5/10 ---
Fold 5 sizes: Train=39314, Eval=4368
Loading tokenizer...
Found 68 POS tags: ['-LRB-', '-RRB-', 'ADD', 'ADJP', 'ADVP', 'AFX', 'CC', 'CD', 'CONJP', 'DT', 'EX', 'FRAG', 'FW', 'HYPH', 'IN', 'INTJ', 'JJ', 'JJR', 'JJS', 'LS', 'LST', 'MD', 'NFP', 'NML', 'NN', 'NNP', 'NNPS', 'NNS', 'NP', 'PDT', 'POS', 'PP', 'PRN', 'PRP', 'PRP$', 'PRT', 'QP', 'RB', 'RBR', 'RBS', 'ROOT', 'RP', 'RRC', 'S', 'SBAR', 'SBARQ', 'SINV', 'SQ', 'SYM', 'TO', 'UCP', 'UH', 'VB', 'VBD', 'VBG', 'VBN', 'VBP', 'VBZ', 'VP', 'WDT', 'WHADJP', 'WHADVP', 'WHNP', 'WHPP', 'WP', 'WP$', 'WRB', 'X']
Found 0 phrase labels: []
Adding manual additions: ( ) # $ . , ''
Preprocessing...
Token length per parse sequence: 38.1392
Initializing DualEncoder model...
Loading  weights...
Missing keys: ['prosody_encoder.pos_table', 'prosody_encoder.mag_table', 'prosody_encoder.transformer.layers.0.self_attn.in_proj_weight', 'prosody_encoder.transformer.layers.0.self_attn.in_proj_bias', 'prosody_encoder.transformer.layers.0.self_attn.out_proj.weight', 'prosody_encoder.transformer.layers.0.self_attn.out_proj.bias', 'prosody_encoder.transformer.layers.0.linear1.weight', 'prosody_encoder.transformer.layers.0.linear1.bias', 'prosody_encoder.transformer.layers.0.linear2.weight', 'prosody_encoder.transformer.layers.0.linear2.bias', 'prosody_encoder.transformer.layers.0.norm1.weight', 'prosody_encoder.transformer.layers.0.norm1.bias', 'prosody_encoder.transformer.layers.0.norm2.weight', 'prosody_encoder.transformer.layers.0.norm2.bias', 'prosody_encoder.transformer.layers.1.self_attn.in_proj_weight', 'prosody_encoder.transformer.layers.1.self_attn.in_proj_bias', 'prosody_encoder.transformer.layers.1.self_attn.out_proj.weight', 'prosody_encoder.transformer.layers.1.self_attn.out_proj.bias', 'prosody_encoder.transformer.layers.1.linear1.weight', 'prosody_encoder.transformer.layers.1.linear1.bias', 'prosody_encoder.transformer.layers.1.linear2.weight', 'prosody_encoder.transformer.layers.1.linear2.bias', 'prosody_encoder.transformer.layers.1.norm1.weight', 'prosody_encoder.transformer.layers.1.norm1.bias', 'prosody_encoder.transformer.layers.1.norm2.weight', 'prosody_encoder.transformer.layers.1.norm2.bias', 'prosody_encoder.up_proj.weight', 'prosody_encoder.up_proj.bias', 'prosody_up.weight', 'prosody_up.bias', 'cross_attn.in_proj_weight', 'cross_attn.in_proj_bias', 'cross_attn.out_proj.weight', 'cross_attn.out_proj.bias', 'fusion_layer_norm.weight', 'fusion_layer_norm.bias']
Unexpected keys: []
Re-initializing decoder layer, to be trained from scratch
Training...
{'loss': 4.1515, 'grad_norm': 15.631293296813965, 'learning_rate': 0.00016265256305939788, 'epoch': 1.63}
{'eval_loss': 0.533146858215332, 'eval_runtime': 41.7623, 'eval_samples_per_second': 104.592, 'eval_steps_per_second': 3.28, 'epoch': 1.63}
{'loss': 0.6424, 'grad_norm': 11.695738792419434, 'learning_rate': 0.0002999345654191567, 'epoch': 3.25}
{'eval_loss': 0.5006370544433594, 'eval_runtime': 41.9, 'eval_samples_per_second': 104.248, 'eval_steps_per_second': 3.27, 'epoch': 3.25}
{'loss': 0.5314, 'grad_norm': 26.182979583740234, 'learning_rate': 0.0002964209259081431, 'epoch': 4.88}
{'eval_loss': 0.5178799033164978, 'eval_runtime': 41.8811, 'eval_samples_per_second': 104.295, 'eval_steps_per_second': 3.271, 'epoch': 4.88}
{'loss': 0.5029, 'grad_norm': 1.840301752090454, 'learning_rate': 0.00028767328744415817, 'epoch': 6.51}
{'eval_loss': 0.46689486503601074, 'eval_runtime': 41.9233, 'eval_samples_per_second': 104.19, 'eval_steps_per_second': 3.268, 'epoch': 6.51}
{'loss': 0.4846, 'grad_norm': 4.09210205078125, 'learning_rate': 0.0002740043452944766, 'epoch': 8.14}
{'eval_loss': 0.4781569838523865, 'eval_runtime': 41.8571, 'eval_samples_per_second': 104.355, 'eval_steps_per_second': 3.273, 'epoch': 8.14}
{'loss': 0.4756, 'grad_norm': 3.5928409099578857, 'learning_rate': 0.000255902712875903, 'epoch': 9.76}
{'eval_loss': 0.48923513293266296, 'eval_runtime': 41.8384, 'eval_samples_per_second': 104.402, 'eval_steps_per_second': 3.275, 'epoch': 9.76}
{'loss': 0.4692, 'grad_norm': 2.336491584777832, 'learning_rate': 0.00023401545565765396, 'epoch': 11.39}
{'eval_loss': 0.45612090826034546, 'eval_runtime': 41.8938, 'eval_samples_per_second': 104.264, 'eval_steps_per_second': 3.27, 'epoch': 11.39}
{'loss': 0.4631, 'grad_norm': 11.277751922607422, 'learning_rate': 0.00020912496099763763, 'epoch': 13.02}
{'eval_loss': 0.465070903301239, 'eval_runtime': 41.8475, 'eval_samples_per_second': 104.379, 'eval_steps_per_second': 3.274, 'epoch': 13.02}
{'loss': 0.4583, 'grad_norm': 8.817593574523926, 'learning_rate': 0.0001821209707287337, 'epoch': 14.65}
{'eval_loss': 0.4569486975669861, 'eval_runtime': 41.9329, 'eval_samples_per_second': 104.166, 'eval_steps_per_second': 3.267, 'epoch': 14.65}
{'loss': 0.4568, 'grad_norm': 6.675669193267822, 'learning_rate': 0.0001539687762252241, 'epoch': 16.27}
{'eval_loss': 0.45084887742996216, 'eval_runtime': 41.8525, 'eval_samples_per_second': 104.367, 'eval_steps_per_second': 3.273, 'epoch': 16.27}
{'loss': 0.4544, 'grad_norm': 11.192105293273926, 'learning_rate': 0.00012567471285646482, 'epoch': 17.9}
{'eval_loss': 0.4521213173866272, 'eval_runtime': 41.8888, 'eval_samples_per_second': 104.276, 'eval_steps_per_second': 3.271, 'epoch': 17.9}
{'loss': 0.4523, 'grad_norm': 7.233709335327148, 'learning_rate': 9.825018727166861e-05, 'epoch': 19.53}
{'eval_loss': 0.45046085119247437, 'eval_runtime': 41.9345, 'eval_samples_per_second': 104.163, 'eval_steps_per_second': 3.267, 'epoch': 19.53}
{'loss': 0.4517, 'grad_norm': 1.6324355602264404, 'learning_rate': 7.267552340545266e-05, 'epoch': 21.16}
{'eval_loss': 0.4490531086921692, 'eval_runtime': 41.9007, 'eval_samples_per_second': 104.247, 'eval_steps_per_second': 3.27, 'epoch': 21.16}
{'loss': 0.45, 'grad_norm': 1.8279187679290771, 'learning_rate': 4.986491957385785e-05, 'epoch': 22.78}
{'eval_loss': 0.44914987683296204, 'eval_runtime': 41.9071, 'eval_samples_per_second': 104.23, 'eval_steps_per_second': 3.269, 'epoch': 22.78}
{'loss': 0.4496, 'grad_norm': 2.7233259677886963, 'learning_rate': 3.063376931322956e-05, 'epoch': 24.41}
{'eval_loss': 0.44869470596313477, 'eval_runtime': 41.8139, 'eval_samples_per_second': 104.463, 'eval_steps_per_second': 3.276, 'epoch': 24.41}
{'loss': 0.4487, 'grad_norm': 4.88399600982666, 'learning_rate': 1.5669514119407845e-05, 'epoch': 26.04}
{'eval_loss': 0.44849133491516113, 'eval_runtime': 41.8043, 'eval_samples_per_second': 104.487, 'eval_steps_per_second': 3.277, 'epoch': 26.04}
{'loss': 0.4482, 'grad_norm': 4.36102819442749, 'learning_rate': 5.507069992483931e-06, 'epoch': 27.66}
{'eval_loss': 0.44888198375701904, 'eval_runtime': 41.8534, 'eval_samples_per_second': 104.364, 'eval_steps_per_second': 3.273, 'epoch': 27.66}
{'loss': 0.4481, 'grad_norm': 2.554171562194824, 'learning_rate': 5.097061959873582e-07, 'epoch': 29.29}
{'eval_loss': 0.4486008882522583, 'eval_runtime': 41.8878, 'eval_samples_per_second': 104.278, 'eval_steps_per_second': 3.271, 'epoch': 29.29}
{'train_runtime': 32338.9648, 'train_samples_per_second': 36.471, 'train_steps_per_second': 1.14, 'train_loss': 0.6744658438856116, 'epoch': 30.0}
Evaluating (Mean Loss)...
Calculating per-sequence surprisals...
Fold 5 Evaluation per token: 0.4485
Fold 5 Entropy per sequence: 17.1051

--- Starting Fold 6/10 ---
Fold 6 sizes: Train=39314, Eval=4368
Loading tokenizer...
Found 68 POS tags: ['-LRB-', '-RRB-', 'ADD', 'ADJP', 'ADVP', 'AFX', 'CC', 'CD', 'CONJP', 'DT', 'EX', 'FRAG', 'FW', 'HYPH', 'IN', 'INTJ', 'JJ', 'JJR', 'JJS', 'LS', 'LST', 'MD', 'NFP', 'NML', 'NN', 'NNP', 'NNPS', 'NNS', 'NP', 'PDT', 'POS', 'PP', 'PRN', 'PRP', 'PRP$', 'PRT', 'QP', 'RB', 'RBR', 'RBS', 'ROOT', 'RP', 'RRC', 'S', 'SBAR', 'SBARQ', 'SINV', 'SQ', 'SYM', 'TO', 'UCP', 'UH', 'VB', 'VBD', 'VBG', 'VBN', 'VBP', 'VBZ', 'VP', 'WDT', 'WHADJP', 'WHADVP', 'WHNP', 'WHPP', 'WP', 'WP$', 'WRB', 'X']
Found 0 phrase labels: []
Adding manual additions: ( ) # $ . , ''
Preprocessing...
Token length per parse sequence: 38.0298
Initializing DualEncoder model...
Loading  weights...
Missing keys: ['prosody_encoder.pos_table', 'prosody_encoder.mag_table', 'prosody_encoder.transformer.layers.0.self_attn.in_proj_weight', 'prosody_encoder.transformer.layers.0.self_attn.in_proj_bias', 'prosody_encoder.transformer.layers.0.self_attn.out_proj.weight', 'prosody_encoder.transformer.layers.0.self_attn.out_proj.bias', 'prosody_encoder.transformer.layers.0.linear1.weight', 'prosody_encoder.transformer.layers.0.linear1.bias', 'prosody_encoder.transformer.layers.0.linear2.weight', 'prosody_encoder.transformer.layers.0.linear2.bias', 'prosody_encoder.transformer.layers.0.norm1.weight', 'prosody_encoder.transformer.layers.0.norm1.bias', 'prosody_encoder.transformer.layers.0.norm2.weight', 'prosody_encoder.transformer.layers.0.norm2.bias', 'prosody_encoder.transformer.layers.1.self_attn.in_proj_weight', 'prosody_encoder.transformer.layers.1.self_attn.in_proj_bias', 'prosody_encoder.transformer.layers.1.self_attn.out_proj.weight', 'prosody_encoder.transformer.layers.1.self_attn.out_proj.bias', 'prosody_encoder.transformer.layers.1.linear1.weight', 'prosody_encoder.transformer.layers.1.linear1.bias', 'prosody_encoder.transformer.layers.1.linear2.weight', 'prosody_encoder.transformer.layers.1.linear2.bias', 'prosody_encoder.transformer.layers.1.norm1.weight', 'prosody_encoder.transformer.layers.1.norm1.bias', 'prosody_encoder.transformer.layers.1.norm2.weight', 'prosody_encoder.transformer.layers.1.norm2.bias', 'prosody_encoder.up_proj.weight', 'prosody_encoder.up_proj.bias', 'prosody_up.weight', 'prosody_up.bias', 'cross_attn.in_proj_weight', 'cross_attn.in_proj_bias', 'cross_attn.out_proj.weight', 'cross_attn.out_proj.bias', 'fusion_layer_norm.weight', 'fusion_layer_norm.bias']
Unexpected keys: []
Re-initializing decoder layer, to be trained from scratch
Training...
{'loss': 4.187, 'grad_norm': 3.5125977993011475, 'learning_rate': 0.00016265256305939788, 'epoch': 1.63}
{'eval_loss': 0.5244889259338379, 'eval_runtime': 41.9417, 'eval_samples_per_second': 104.144, 'eval_steps_per_second': 3.266, 'epoch': 1.63}
{'loss': 0.6399, 'grad_norm': 15.80444622039795, 'learning_rate': 0.0002999345654191567, 'epoch': 3.25}
{'eval_loss': 0.48236191272735596, 'eval_runtime': 41.8413, 'eval_samples_per_second': 104.394, 'eval_steps_per_second': 3.274, 'epoch': 3.25}
{'loss': 0.533, 'grad_norm': 25.77869415283203, 'learning_rate': 0.0002964209259081431, 'epoch': 4.88}
{'eval_loss': 0.5040558576583862, 'eval_runtime': 41.7929, 'eval_samples_per_second': 104.515, 'eval_steps_per_second': 3.278, 'epoch': 4.88}
{'loss': 0.5019, 'grad_norm': 13.464472770690918, 'learning_rate': 0.00028767328744415817, 'epoch': 6.51}
{'eval_loss': 0.5074905157089233, 'eval_runtime': 41.9259, 'eval_samples_per_second': 104.184, 'eval_steps_per_second': 3.268, 'epoch': 6.51}
{'loss': 0.4858, 'grad_norm': 5.584721088409424, 'learning_rate': 0.0002740043452944766, 'epoch': 8.14}
{'eval_loss': 0.4573129117488861, 'eval_runtime': 41.863, 'eval_samples_per_second': 104.34, 'eval_steps_per_second': 3.273, 'epoch': 8.14}
{'loss': 0.4743, 'grad_norm': 10.187975883483887, 'learning_rate': 0.000255902712875903, 'epoch': 9.76}
{'eval_loss': 0.47342437505722046, 'eval_runtime': 41.8811, 'eval_samples_per_second': 104.295, 'eval_steps_per_second': 3.271, 'epoch': 9.76}
{'loss': 0.4673, 'grad_norm': 1.3118451833724976, 'learning_rate': 0.00023401545565765396, 'epoch': 11.39}
{'eval_loss': 0.475471168756485, 'eval_runtime': 41.9729, 'eval_samples_per_second': 104.067, 'eval_steps_per_second': 3.264, 'epoch': 11.39}
{'loss': 0.4623, 'grad_norm': 14.06969165802002, 'learning_rate': 0.00020912496099763763, 'epoch': 13.02}
{'eval_loss': 0.452581524848938, 'eval_runtime': 41.8538, 'eval_samples_per_second': 104.363, 'eval_steps_per_second': 3.273, 'epoch': 13.02}
{'loss': 0.4588, 'grad_norm': 10.944890022277832, 'learning_rate': 0.0001821209707287337, 'epoch': 14.65}
{'eval_loss': 0.4665769636631012, 'eval_runtime': 41.8507, 'eval_samples_per_second': 104.371, 'eval_steps_per_second': 3.274, 'epoch': 14.65}
{'loss': 0.457, 'grad_norm': 0.9517393112182617, 'learning_rate': 0.0001539687762252241, 'epoch': 16.27}
{'eval_loss': 0.4514346718788147, 'eval_runtime': 41.8043, 'eval_samples_per_second': 104.487, 'eval_steps_per_second': 3.277, 'epoch': 16.27}
{'loss': 0.4546, 'grad_norm': 2.3249876499176025, 'learning_rate': 0.00012567471285646482, 'epoch': 17.9}
{'eval_loss': 0.44968265295028687, 'eval_runtime': 41.7965, 'eval_samples_per_second': 104.506, 'eval_steps_per_second': 3.278, 'epoch': 17.9}
{'loss': 0.4531, 'grad_norm': 5.5029616355896, 'learning_rate': 9.825018727166861e-05, 'epoch': 19.53}
{'eval_loss': 0.4494234621524811, 'eval_runtime': 41.9104, 'eval_samples_per_second': 104.222, 'eval_steps_per_second': 3.269, 'epoch': 19.53}
{'loss': 0.4515, 'grad_norm': 2.9182026386260986, 'learning_rate': 7.267552340545266e-05, 'epoch': 21.16}
{'eval_loss': 0.44852331280708313, 'eval_runtime': 41.7788, 'eval_samples_per_second': 104.551, 'eval_steps_per_second': 3.279, 'epoch': 21.16}
{'loss': 0.4504, 'grad_norm': 5.166145324707031, 'learning_rate': 4.986491957385785e-05, 'epoch': 22.78}
{'eval_loss': 0.4481089115142822, 'eval_runtime': 41.6657, 'eval_samples_per_second': 104.834, 'eval_steps_per_second': 3.288, 'epoch': 22.78}
{'loss': 0.4491, 'grad_norm': 1.0867093801498413, 'learning_rate': 3.063376931322956e-05, 'epoch': 24.41}
{'eval_loss': 0.4481995403766632, 'eval_runtime': 41.8984, 'eval_samples_per_second': 104.252, 'eval_steps_per_second': 3.27, 'epoch': 24.41}
{'loss': 0.4491, 'grad_norm': 1.112524390220642, 'learning_rate': 1.5669514119407845e-05, 'epoch': 26.04}
{'eval_loss': 0.44761568307876587, 'eval_runtime': 41.8589, 'eval_samples_per_second': 104.351, 'eval_steps_per_second': 3.273, 'epoch': 26.04}
{'loss': 0.4485, 'grad_norm': 0.7039421200752258, 'learning_rate': 5.507069992483931e-06, 'epoch': 27.66}
{'eval_loss': 0.4475862383842468, 'eval_runtime': 41.8137, 'eval_samples_per_second': 104.463, 'eval_steps_per_second': 3.276, 'epoch': 27.66}
{'loss': 0.4482, 'grad_norm': 3.127591609954834, 'learning_rate': 5.097061959873582e-07, 'epoch': 29.29}
{'eval_loss': 0.44748732447624207, 'eval_runtime': 41.8337, 'eval_samples_per_second': 104.414, 'eval_steps_per_second': 3.275, 'epoch': 29.29}
{'train_runtime': 32324.0195, 'train_samples_per_second': 36.487, 'train_steps_per_second': 1.141, 'train_loss': 0.6762653869181944, 'epoch': 30.0}
Evaluating (Mean Loss)...
Calculating per-sequence surprisals...
Fold 6 Evaluation per token: 0.4475
Fold 6 Entropy per sequence: 17.0178

--- Starting Fold 7/10 ---
Fold 7 sizes: Train=39314, Eval=4368
Loading tokenizer...
Found 68 POS tags: ['-LRB-', '-RRB-', 'ADD', 'ADJP', 'ADVP', 'AFX', 'CC', 'CD', 'CONJP', 'DT', 'EX', 'FRAG', 'FW', 'HYPH', 'IN', 'INTJ', 'JJ', 'JJR', 'JJS', 'LS', 'LST', 'MD', 'NFP', 'NML', 'NN', 'NNP', 'NNPS', 'NNS', 'NP', 'PDT', 'POS', 'PP', 'PRN', 'PRP', 'PRP$', 'PRT', 'QP', 'RB', 'RBR', 'RBS', 'ROOT', 'RP', 'RRC', 'S', 'SBAR', 'SBARQ', 'SINV', 'SQ', 'SYM', 'TO', 'UCP', 'UH', 'VB', 'VBD', 'VBG', 'VBN', 'VBP', 'VBZ', 'VP', 'WDT', 'WHADJP', 'WHADVP', 'WHNP', 'WHPP', 'WP', 'WP$', 'WRB', 'X']
Found 0 phrase labels: []
Adding manual additions: ( ) # $ . , ''
Preprocessing...
Token length per parse sequence: 37.9185
Initializing DualEncoder model...
Loading  weights...
Missing keys: ['prosody_encoder.pos_table', 'prosody_encoder.mag_table', 'prosody_encoder.transformer.layers.0.self_attn.in_proj_weight', 'prosody_encoder.transformer.layers.0.self_attn.in_proj_bias', 'prosody_encoder.transformer.layers.0.self_attn.out_proj.weight', 'prosody_encoder.transformer.layers.0.self_attn.out_proj.bias', 'prosody_encoder.transformer.layers.0.linear1.weight', 'prosody_encoder.transformer.layers.0.linear1.bias', 'prosody_encoder.transformer.layers.0.linear2.weight', 'prosody_encoder.transformer.layers.0.linear2.bias', 'prosody_encoder.transformer.layers.0.norm1.weight', 'prosody_encoder.transformer.layers.0.norm1.bias', 'prosody_encoder.transformer.layers.0.norm2.weight', 'prosody_encoder.transformer.layers.0.norm2.bias', 'prosody_encoder.transformer.layers.1.self_attn.in_proj_weight', 'prosody_encoder.transformer.layers.1.self_attn.in_proj_bias', 'prosody_encoder.transformer.layers.1.self_attn.out_proj.weight', 'prosody_encoder.transformer.layers.1.self_attn.out_proj.bias', 'prosody_encoder.transformer.layers.1.linear1.weight', 'prosody_encoder.transformer.layers.1.linear1.bias', 'prosody_encoder.transformer.layers.1.linear2.weight', 'prosody_encoder.transformer.layers.1.linear2.bias', 'prosody_encoder.transformer.layers.1.norm1.weight', 'prosody_encoder.transformer.layers.1.norm1.bias', 'prosody_encoder.transformer.layers.1.norm2.weight', 'prosody_encoder.transformer.layers.1.norm2.bias', 'prosody_encoder.up_proj.weight', 'prosody_encoder.up_proj.bias', 'prosody_up.weight', 'prosody_up.bias', 'cross_attn.in_proj_weight', 'cross_attn.in_proj_bias', 'cross_attn.out_proj.weight', 'cross_attn.out_proj.bias', 'fusion_layer_norm.weight', 'fusion_layer_norm.bias']
Unexpected keys: []
Re-initializing decoder layer, to be trained from scratch
Training...
{'loss': 4.1609, 'grad_norm': 4.222533702850342, 'learning_rate': 0.00016265256305939788, 'epoch': 1.63}
{'eval_loss': 0.5565710663795471, 'eval_runtime': 41.8019, 'eval_samples_per_second': 104.493, 'eval_steps_per_second': 3.277, 'epoch': 1.63}
{'loss': 0.6347, 'grad_norm': 8.895669937133789, 'learning_rate': 0.0002999345654191567, 'epoch': 3.25}
{'eval_loss': 0.5100010633468628, 'eval_runtime': 41.974, 'eval_samples_per_second': 104.065, 'eval_steps_per_second': 3.264, 'epoch': 3.25}
{'loss': 0.5378, 'grad_norm': 8.119173049926758, 'learning_rate': 0.0002964209259081431, 'epoch': 4.88}
{'eval_loss': 0.4851246774196625, 'eval_runtime': 41.6866, 'eval_samples_per_second': 104.782, 'eval_steps_per_second': 3.286, 'epoch': 4.88}
{'loss': 0.4992, 'grad_norm': 8.908533096313477, 'learning_rate': 0.00028767328744415817, 'epoch': 6.51}
{'eval_loss': 0.4752955734729767, 'eval_runtime': 41.9047, 'eval_samples_per_second': 104.237, 'eval_steps_per_second': 3.269, 'epoch': 6.51}
{'loss': 0.4837, 'grad_norm': 8.855951309204102, 'learning_rate': 0.0002740043452944766, 'epoch': 8.14}
{'eval_loss': 0.4637681543827057, 'eval_runtime': 41.8003, 'eval_samples_per_second': 104.497, 'eval_steps_per_second': 3.277, 'epoch': 8.14}
{'loss': 0.4728, 'grad_norm': 10.43708324432373, 'learning_rate': 0.000255902712875903, 'epoch': 9.76}
{'eval_loss': 0.45374906063079834, 'eval_runtime': 41.8748, 'eval_samples_per_second': 104.311, 'eval_steps_per_second': 3.272, 'epoch': 9.76}
{'loss': 0.4669, 'grad_norm': 4.463298797607422, 'learning_rate': 0.00023401545565765396, 'epoch': 11.39}
{'eval_loss': 0.4615500271320343, 'eval_runtime': 41.8619, 'eval_samples_per_second': 104.343, 'eval_steps_per_second': 3.273, 'epoch': 11.39}
{'loss': 0.461, 'grad_norm': 1.135124683380127, 'learning_rate': 0.00020912496099763763, 'epoch': 13.02}
{'eval_loss': 0.45178356766700745, 'eval_runtime': 41.8257, 'eval_samples_per_second': 104.433, 'eval_steps_per_second': 3.275, 'epoch': 13.02}
{'loss': 0.4588, 'grad_norm': 11.706313133239746, 'learning_rate': 0.0001821209707287337, 'epoch': 14.65}
{'eval_loss': 0.4522785246372223, 'eval_runtime': 41.7869, 'eval_samples_per_second': 104.53, 'eval_steps_per_second': 3.279, 'epoch': 14.65}
{'loss': 0.4567, 'grad_norm': 2.7994236946105957, 'learning_rate': 0.0001539687762252241, 'epoch': 16.27}
{'eval_loss': 0.4518303871154785, 'eval_runtime': 41.8098, 'eval_samples_per_second': 104.473, 'eval_steps_per_second': 3.277, 'epoch': 16.27}
{'loss': 0.4541, 'grad_norm': 2.3224036693573, 'learning_rate': 0.00012567471285646482, 'epoch': 17.9}
{'eval_loss': 0.4495474696159363, 'eval_runtime': 41.8263, 'eval_samples_per_second': 104.432, 'eval_steps_per_second': 3.275, 'epoch': 17.9}
{'loss': 0.452, 'grad_norm': 3.798483371734619, 'learning_rate': 9.825018727166861e-05, 'epoch': 19.53}
{'eval_loss': 0.4490121603012085, 'eval_runtime': 41.8429, 'eval_samples_per_second': 104.391, 'eval_steps_per_second': 3.274, 'epoch': 19.53}
{'loss': 0.4512, 'grad_norm': 2.0957119464874268, 'learning_rate': 7.267552340545266e-05, 'epoch': 21.16}
{'eval_loss': 0.4488915205001831, 'eval_runtime': 41.8147, 'eval_samples_per_second': 104.461, 'eval_steps_per_second': 3.276, 'epoch': 21.16}
{'loss': 0.4499, 'grad_norm': 8.03746223449707, 'learning_rate': 4.986491957385785e-05, 'epoch': 22.78}
{'eval_loss': 0.44772690534591675, 'eval_runtime': 41.9024, 'eval_samples_per_second': 104.242, 'eval_steps_per_second': 3.27, 'epoch': 22.78}
{'loss': 0.449, 'grad_norm': 4.182493686676025, 'learning_rate': 3.063376931322956e-05, 'epoch': 24.41}
{'eval_loss': 0.44768673181533813, 'eval_runtime': 41.8391, 'eval_samples_per_second': 104.4, 'eval_steps_per_second': 3.274, 'epoch': 24.41}
{'loss': 0.4487, 'grad_norm': 1.6097056865692139, 'learning_rate': 1.5669514119407845e-05, 'epoch': 26.04}
{'eval_loss': 0.4473338723182678, 'eval_runtime': 41.919, 'eval_samples_per_second': 104.201, 'eval_steps_per_second': 3.268, 'epoch': 26.04}
{'loss': 0.4481, 'grad_norm': 0.47686195373535156, 'learning_rate': 5.507069992483931e-06, 'epoch': 27.66}
{'eval_loss': 0.4472828209400177, 'eval_runtime': 41.8497, 'eval_samples_per_second': 104.373, 'eval_steps_per_second': 3.274, 'epoch': 27.66}
{'loss': 0.4481, 'grad_norm': 1.2643300294876099, 'learning_rate': 5.097061959873582e-07, 'epoch': 29.29}
{'eval_loss': 0.4472634792327881, 'eval_runtime': 41.8245, 'eval_samples_per_second': 104.436, 'eval_steps_per_second': 3.276, 'epoch': 29.29}
{'train_runtime': 32325.0716, 'train_samples_per_second': 36.486, 'train_steps_per_second': 1.141, 'train_loss': 0.6741720532219941, 'epoch': 30.0}
Evaluating (Mean Loss)...
Calculating per-sequence surprisals...
Fold 7 Evaluation per token: 0.4473
Fold 7 Entropy per sequence: 16.9596

--- Starting Fold 8/10 ---
Fold 8 sizes: Train=39314, Eval=4368
Loading tokenizer...
Found 68 POS tags: ['-LRB-', '-RRB-', 'ADD', 'ADJP', 'ADVP', 'AFX', 'CC', 'CD', 'CONJP', 'DT', 'EX', 'FRAG', 'FW', 'HYPH', 'IN', 'INTJ', 'JJ', 'JJR', 'JJS', 'LS', 'LST', 'MD', 'NFP', 'NML', 'NN', 'NNP', 'NNPS', 'NNS', 'NP', 'PDT', 'POS', 'PP', 'PRN', 'PRP', 'PRP$', 'PRT', 'QP', 'RB', 'RBR', 'RBS', 'ROOT', 'RP', 'RRC', 'S', 'SBAR', 'SBARQ', 'SINV', 'SQ', 'SYM', 'TO', 'UCP', 'UH', 'VB', 'VBD', 'VBG', 'VBN', 'VBP', 'VBZ', 'VP', 'WDT', 'WHADJP', 'WHADVP', 'WHNP', 'WHPP', 'WP', 'WP$', 'WRB', 'X']
Found 0 phrase labels: []
Adding manual additions: ( ) # $ . , ''
Preprocessing...
Token length per parse sequence: 37.2166
Initializing DualEncoder model...
Loading  weights...
Missing keys: ['prosody_encoder.pos_table', 'prosody_encoder.mag_table', 'prosody_encoder.transformer.layers.0.self_attn.in_proj_weight', 'prosody_encoder.transformer.layers.0.self_attn.in_proj_bias', 'prosody_encoder.transformer.layers.0.self_attn.out_proj.weight', 'prosody_encoder.transformer.layers.0.self_attn.out_proj.bias', 'prosody_encoder.transformer.layers.0.linear1.weight', 'prosody_encoder.transformer.layers.0.linear1.bias', 'prosody_encoder.transformer.layers.0.linear2.weight', 'prosody_encoder.transformer.layers.0.linear2.bias', 'prosody_encoder.transformer.layers.0.norm1.weight', 'prosody_encoder.transformer.layers.0.norm1.bias', 'prosody_encoder.transformer.layers.0.norm2.weight', 'prosody_encoder.transformer.layers.0.norm2.bias', 'prosody_encoder.transformer.layers.1.self_attn.in_proj_weight', 'prosody_encoder.transformer.layers.1.self_attn.in_proj_bias', 'prosody_encoder.transformer.layers.1.self_attn.out_proj.weight', 'prosody_encoder.transformer.layers.1.self_attn.out_proj.bias', 'prosody_encoder.transformer.layers.1.linear1.weight', 'prosody_encoder.transformer.layers.1.linear1.bias', 'prosody_encoder.transformer.layers.1.linear2.weight', 'prosody_encoder.transformer.layers.1.linear2.bias', 'prosody_encoder.transformer.layers.1.norm1.weight', 'prosody_encoder.transformer.layers.1.norm1.bias', 'prosody_encoder.transformer.layers.1.norm2.weight', 'prosody_encoder.transformer.layers.1.norm2.bias', 'prosody_encoder.up_proj.weight', 'prosody_encoder.up_proj.bias', 'prosody_up.weight', 'prosody_up.bias', 'cross_attn.in_proj_weight', 'cross_attn.in_proj_bias', 'cross_attn.out_proj.weight', 'cross_attn.out_proj.bias', 'fusion_layer_norm.weight', 'fusion_layer_norm.bias']
Unexpected keys: []
Re-initializing decoder layer, to be trained from scratch
Training...
{'loss': 4.1938, 'grad_norm': 25.653919219970703, 'learning_rate': 0.00016265256305939788, 'epoch': 1.63}
{'eval_loss': 0.5085395574569702, 'eval_runtime': 41.7868, 'eval_samples_per_second': 104.531, 'eval_steps_per_second': 3.279, 'epoch': 1.63}
{'loss': 0.6388, 'grad_norm': 10.623547554016113, 'learning_rate': 0.0002999345654191567, 'epoch': 3.25}
{'eval_loss': 0.5184972286224365, 'eval_runtime': 41.947, 'eval_samples_per_second': 104.132, 'eval_steps_per_second': 3.266, 'epoch': 3.25}
{'loss': 0.5346, 'grad_norm': 7.263026237487793, 'learning_rate': 0.0002964209259081431, 'epoch': 4.88}
{'eval_loss': 0.4676608443260193, 'eval_runtime': 41.902, 'eval_samples_per_second': 104.243, 'eval_steps_per_second': 3.27, 'epoch': 4.88}
{'loss': 0.5007, 'grad_norm': 5.2811279296875, 'learning_rate': 0.00028767328744415817, 'epoch': 6.51}
{'eval_loss': 0.4780859351158142, 'eval_runtime': 41.7999, 'eval_samples_per_second': 104.498, 'eval_steps_per_second': 3.278, 'epoch': 6.51}
{'loss': 0.4828, 'grad_norm': 9.422341346740723, 'learning_rate': 0.0002740043452944766, 'epoch': 8.14}
{'eval_loss': 0.45521488785743713, 'eval_runtime': 41.8554, 'eval_samples_per_second': 104.359, 'eval_steps_per_second': 3.273, 'epoch': 8.14}
{'loss': 0.4734, 'grad_norm': 2.8861820697784424, 'learning_rate': 0.000255902712875903, 'epoch': 9.76}
{'eval_loss': 0.45452168583869934, 'eval_runtime': 41.814, 'eval_samples_per_second': 104.463, 'eval_steps_per_second': 3.276, 'epoch': 9.76}
{'loss': 0.4696, 'grad_norm': 1.874272346496582, 'learning_rate': 0.00023401545565765396, 'epoch': 11.39}
{'eval_loss': 0.4535655975341797, 'eval_runtime': 41.8447, 'eval_samples_per_second': 104.386, 'eval_steps_per_second': 3.274, 'epoch': 11.39}
{'loss': 0.4637, 'grad_norm': 2.5585341453552246, 'learning_rate': 0.00020912496099763763, 'epoch': 13.02}
{'eval_loss': 0.4555731415748596, 'eval_runtime': 41.9021, 'eval_samples_per_second': 104.243, 'eval_steps_per_second': 3.27, 'epoch': 13.02}
{'loss': 0.4601, 'grad_norm': 10.40108871459961, 'learning_rate': 0.0001821209707287337, 'epoch': 14.65}
{'eval_loss': 0.4529983103275299, 'eval_runtime': 41.9884, 'eval_samples_per_second': 104.029, 'eval_steps_per_second': 3.263, 'epoch': 14.65}
{'loss': 0.4572, 'grad_norm': 14.350746154785156, 'learning_rate': 0.0001539687762252241, 'epoch': 16.27}
{'eval_loss': 0.44852107763290405, 'eval_runtime': 41.936, 'eval_samples_per_second': 104.159, 'eval_steps_per_second': 3.267, 'epoch': 16.27}
{'loss': 0.4549, 'grad_norm': 1.3480907678604126, 'learning_rate': 0.00012567471285646482, 'epoch': 17.9}
{'eval_loss': 0.45117756724357605, 'eval_runtime': 41.8479, 'eval_samples_per_second': 104.378, 'eval_steps_per_second': 3.274, 'epoch': 17.9}
{'loss': 0.4531, 'grad_norm': 2.182097911834717, 'learning_rate': 9.825018727166861e-05, 'epoch': 19.53}
{'eval_loss': 0.4483139216899872, 'eval_runtime': 41.8036, 'eval_samples_per_second': 104.489, 'eval_steps_per_second': 3.277, 'epoch': 19.53}
{'loss': 0.4517, 'grad_norm': 2.5570831298828125, 'learning_rate': 7.267552340545266e-05, 'epoch': 21.16}
{'eval_loss': 0.4474364221096039, 'eval_runtime': 41.7831, 'eval_samples_per_second': 104.54, 'eval_steps_per_second': 3.279, 'epoch': 21.16}
{'loss': 0.4506, 'grad_norm': 2.6299259662628174, 'learning_rate': 4.986491957385785e-05, 'epoch': 22.78}
{'eval_loss': 0.44632959365844727, 'eval_runtime': 41.8674, 'eval_samples_per_second': 104.329, 'eval_steps_per_second': 3.272, 'epoch': 22.78}
{'loss': 0.4498, 'grad_norm': 1.6357027292251587, 'learning_rate': 3.063376931322956e-05, 'epoch': 24.41}
{'eval_loss': 0.4468344449996948, 'eval_runtime': 41.8493, 'eval_samples_per_second': 104.375, 'eval_steps_per_second': 3.274, 'epoch': 24.41}
{'loss': 0.4492, 'grad_norm': 5.466429233551025, 'learning_rate': 1.5669514119407845e-05, 'epoch': 26.04}
{'eval_loss': 0.44612690806388855, 'eval_runtime': 41.8308, 'eval_samples_per_second': 104.421, 'eval_steps_per_second': 3.275, 'epoch': 26.04}
{'loss': 0.4487, 'grad_norm': 1.987735629081726, 'learning_rate': 5.507069992483931e-06, 'epoch': 27.66}
{'eval_loss': 0.44609177112579346, 'eval_runtime': 41.8203, 'eval_samples_per_second': 104.447, 'eval_steps_per_second': 3.276, 'epoch': 27.66}
{'loss': 0.4482, 'grad_norm': 0.6649081707000732, 'learning_rate': 5.097061959873582e-07, 'epoch': 29.29}
{'eval_loss': 0.44613203406333923, 'eval_runtime': 41.6948, 'eval_samples_per_second': 104.761, 'eval_steps_per_second': 3.286, 'epoch': 29.29}
{'train_runtime': 32341.8216, 'train_samples_per_second': 36.467, 'train_steps_per_second': 1.14, 'train_loss': 0.6767544188989609, 'epoch': 30.0}
Evaluating (Mean Loss)...
Calculating per-sequence surprisals...
Fold 8 Evaluation per token: 0.4461
Fold 8 Entropy per sequence: 16.6020

--- Starting Fold 9/10 ---
Fold 9 sizes: Train=39314, Eval=4368
Loading tokenizer...
Found 68 POS tags: ['-LRB-', '-RRB-', 'ADD', 'ADJP', 'ADVP', 'AFX', 'CC', 'CD', 'CONJP', 'DT', 'EX', 'FRAG', 'FW', 'HYPH', 'IN', 'INTJ', 'JJ', 'JJR', 'JJS', 'LS', 'LST', 'MD', 'NFP', 'NML', 'NN', 'NNP', 'NNPS', 'NNS', 'NP', 'PDT', 'POS', 'PP', 'PRN', 'PRP', 'PRP$', 'PRT', 'QP', 'RB', 'RBR', 'RBS', 'ROOT', 'RP', 'RRC', 'S', 'SBAR', 'SBARQ', 'SINV', 'SQ', 'SYM', 'TO', 'UCP', 'UH', 'VB', 'VBD', 'VBG', 'VBN', 'VBP', 'VBZ', 'VP', 'WDT', 'WHADJP', 'WHADVP', 'WHNP', 'WHPP', 'WP', 'WP$', 'WRB', 'X']
Found 0 phrase labels: []
Adding manual additions: ( ) # $ . , ''
Preprocessing...
Token length per parse sequence: 37.8191
Initializing DualEncoder model...
Loading  weights...
Missing keys: ['prosody_encoder.pos_table', 'prosody_encoder.mag_table', 'prosody_encoder.transformer.layers.0.self_attn.in_proj_weight', 'prosody_encoder.transformer.layers.0.self_attn.in_proj_bias', 'prosody_encoder.transformer.layers.0.self_attn.out_proj.weight', 'prosody_encoder.transformer.layers.0.self_attn.out_proj.bias', 'prosody_encoder.transformer.layers.0.linear1.weight', 'prosody_encoder.transformer.layers.0.linear1.bias', 'prosody_encoder.transformer.layers.0.linear2.weight', 'prosody_encoder.transformer.layers.0.linear2.bias', 'prosody_encoder.transformer.layers.0.norm1.weight', 'prosody_encoder.transformer.layers.0.norm1.bias', 'prosody_encoder.transformer.layers.0.norm2.weight', 'prosody_encoder.transformer.layers.0.norm2.bias', 'prosody_encoder.transformer.layers.1.self_attn.in_proj_weight', 'prosody_encoder.transformer.layers.1.self_attn.in_proj_bias', 'prosody_encoder.transformer.layers.1.self_attn.out_proj.weight', 'prosody_encoder.transformer.layers.1.self_attn.out_proj.bias', 'prosody_encoder.transformer.layers.1.linear1.weight', 'prosody_encoder.transformer.layers.1.linear1.bias', 'prosody_encoder.transformer.layers.1.linear2.weight', 'prosody_encoder.transformer.layers.1.linear2.bias', 'prosody_encoder.transformer.layers.1.norm1.weight', 'prosody_encoder.transformer.layers.1.norm1.bias', 'prosody_encoder.transformer.layers.1.norm2.weight', 'prosody_encoder.transformer.layers.1.norm2.bias', 'prosody_encoder.up_proj.weight', 'prosody_encoder.up_proj.bias', 'prosody_up.weight', 'prosody_up.bias', 'cross_attn.in_proj_weight', 'cross_attn.in_proj_bias', 'cross_attn.out_proj.weight', 'cross_attn.out_proj.bias', 'fusion_layer_norm.weight', 'fusion_layer_norm.bias']
Unexpected keys: []
Re-initializing decoder layer, to be trained from scratch
Training...
{'loss': 4.2309, 'grad_norm': 8.343033790588379, 'learning_rate': 0.00016265256305939788, 'epoch': 1.63}
{'eval_loss': 0.7104686498641968, 'eval_runtime': 41.7846, 'eval_samples_per_second': 104.536, 'eval_steps_per_second': 3.279, 'epoch': 1.63}
{'loss': 0.6349, 'grad_norm': 7.102883338928223, 'learning_rate': 0.0002999345654191567, 'epoch': 3.25}
{'eval_loss': 0.48644283413887024, 'eval_runtime': 41.8501, 'eval_samples_per_second': 104.373, 'eval_steps_per_second': 3.274, 'epoch': 3.25}
{'loss': 0.5352, 'grad_norm': 12.675514221191406, 'learning_rate': 0.0002964209259081431, 'epoch': 4.88}
{'eval_loss': 0.4767882525920868, 'eval_runtime': 41.8844, 'eval_samples_per_second': 104.287, 'eval_steps_per_second': 3.271, 'epoch': 4.88}
{'loss': 0.4973, 'grad_norm': 3.9770820140838623, 'learning_rate': 0.00028767328744415817, 'epoch': 6.51}
{'eval_loss': 0.4643039107322693, 'eval_runtime': 41.9126, 'eval_samples_per_second': 104.217, 'eval_steps_per_second': 3.269, 'epoch': 6.51}
{'loss': 0.4845, 'grad_norm': 9.183356285095215, 'learning_rate': 0.0002740043452944766, 'epoch': 8.14}
{'eval_loss': 0.47185710072517395, 'eval_runtime': 41.8369, 'eval_samples_per_second': 104.405, 'eval_steps_per_second': 3.275, 'epoch': 8.14}
{'loss': 0.4762, 'grad_norm': 6.041244029998779, 'learning_rate': 0.000255902712875903, 'epoch': 9.76}
{'eval_loss': 0.4565057158470154, 'eval_runtime': 41.9115, 'eval_samples_per_second': 104.22, 'eval_steps_per_second': 3.269, 'epoch': 9.76}
{'loss': 0.4693, 'grad_norm': 5.198798656463623, 'learning_rate': 0.00023401545565765396, 'epoch': 11.39}
{'eval_loss': 0.4535403251647949, 'eval_runtime': 41.8433, 'eval_samples_per_second': 104.39, 'eval_steps_per_second': 3.274, 'epoch': 11.39}
{'loss': 0.4627, 'grad_norm': 3.5157887935638428, 'learning_rate': 0.00020912496099763763, 'epoch': 13.02}
{'eval_loss': 0.4646589756011963, 'eval_runtime': 41.8604, 'eval_samples_per_second': 104.347, 'eval_steps_per_second': 3.273, 'epoch': 13.02}
{'loss': 0.4584, 'grad_norm': 5.204476356506348, 'learning_rate': 0.0001821209707287337, 'epoch': 14.65}
{'eval_loss': 0.45495912432670593, 'eval_runtime': 41.9606, 'eval_samples_per_second': 104.098, 'eval_steps_per_second': 3.265, 'epoch': 14.65}
{'loss': 0.4575, 'grad_norm': 8.035013198852539, 'learning_rate': 0.0001539687762252241, 'epoch': 16.27}
{'eval_loss': 0.45045900344848633, 'eval_runtime': 41.8239, 'eval_samples_per_second': 104.438, 'eval_steps_per_second': 3.276, 'epoch': 16.27}
{'loss': 0.4547, 'grad_norm': 4.47610330581665, 'learning_rate': 0.00012567471285646482, 'epoch': 17.9}
{'eval_loss': 0.45130622386932373, 'eval_runtime': 41.8397, 'eval_samples_per_second': 104.398, 'eval_steps_per_second': 3.274, 'epoch': 17.9}
{'loss': 0.4526, 'grad_norm': 2.5303471088409424, 'learning_rate': 9.825018727166861e-05, 'epoch': 19.53}
{'eval_loss': 0.44796350598335266, 'eval_runtime': 41.9128, 'eval_samples_per_second': 104.216, 'eval_steps_per_second': 3.269, 'epoch': 19.53}
{'loss': 0.4517, 'grad_norm': 2.0945563316345215, 'learning_rate': 7.267552340545266e-05, 'epoch': 21.16}
{'eval_loss': 0.44836124777793884, 'eval_runtime': 41.9367, 'eval_samples_per_second': 104.157, 'eval_steps_per_second': 3.267, 'epoch': 21.16}
{'loss': 0.4504, 'grad_norm': 1.7076828479766846, 'learning_rate': 4.986491957385785e-05, 'epoch': 22.78}
{'eval_loss': 0.44726526737213135, 'eval_runtime': 41.9002, 'eval_samples_per_second': 104.248, 'eval_steps_per_second': 3.27, 'epoch': 22.78}
{'loss': 0.4494, 'grad_norm': 0.7114471197128296, 'learning_rate': 3.063376931322956e-05, 'epoch': 24.41}
{'eval_loss': 0.44762247800827026, 'eval_runtime': 41.9887, 'eval_samples_per_second': 104.028, 'eval_steps_per_second': 3.263, 'epoch': 24.41}
{'loss': 0.4492, 'grad_norm': 1.5547535419464111, 'learning_rate': 1.5669514119407845e-05, 'epoch': 26.04}
{'eval_loss': 0.4465715289115906, 'eval_runtime': 41.8826, 'eval_samples_per_second': 104.291, 'eval_steps_per_second': 3.271, 'epoch': 26.04}
{'loss': 0.4482, 'grad_norm': 2.071854829788208, 'learning_rate': 5.507069992483931e-06, 'epoch': 27.66}
{'eval_loss': 0.4465269148349762, 'eval_runtime': 41.868, 'eval_samples_per_second': 104.328, 'eval_steps_per_second': 3.272, 'epoch': 27.66}
{'loss': 0.4483, 'grad_norm': 6.8323655128479, 'learning_rate': 5.097061959873582e-07, 'epoch': 29.29}
{'eval_loss': 0.44658857583999634, 'eval_runtime': 41.8133, 'eval_samples_per_second': 104.464, 'eval_steps_per_second': 3.276, 'epoch': 29.29}
{'train_runtime': 32343.9692, 'train_samples_per_second': 36.465, 'train_steps_per_second': 1.14, 'train_loss': 0.6784069618947273, 'epoch': 30.0}
Evaluating (Mean Loss)...
Calculating per-sequence surprisals...
Fold 9 Evaluation per token: 0.4465
Fold 9 Entropy per sequence: 16.8873

--- Starting Fold 10/10 ---
Fold 10 sizes: Train=39314, Eval=4368
Loading tokenizer...
Found 68 POS tags: ['-LRB-', '-RRB-', 'ADD', 'ADJP', 'ADVP', 'AFX', 'CC', 'CD', 'CONJP', 'DT', 'EX', 'FRAG', 'FW', 'HYPH', 'IN', 'INTJ', 'JJ', 'JJR', 'JJS', 'LS', 'LST', 'MD', 'NFP', 'NML', 'NN', 'NNP', 'NNPS', 'NNS', 'NP', 'PDT', 'POS', 'PP', 'PRN', 'PRP', 'PRP$', 'PRT', 'QP', 'RB', 'RBR', 'RBS', 'ROOT', 'RP', 'RRC', 'S', 'SBAR', 'SBARQ', 'SINV', 'SQ', 'SYM', 'TO', 'UCP', 'UH', 'VB', 'VBD', 'VBG', 'VBN', 'VBP', 'VBZ', 'VP', 'WDT', 'WHADJP', 'WHADVP', 'WHNP', 'WHPP', 'WP', 'WP$', 'WRB', 'X']
Found 0 phrase labels: []
Adding manual additions: ( ) # $ . , ''
Preprocessing...
Token length per parse sequence: 37.8658
Initializing DualEncoder model...
Loading  weights...
Missing keys: ['prosody_encoder.pos_table', 'prosody_encoder.mag_table', 'prosody_encoder.transformer.layers.0.self_attn.in_proj_weight', 'prosody_encoder.transformer.layers.0.self_attn.in_proj_bias', 'prosody_encoder.transformer.layers.0.self_attn.out_proj.weight', 'prosody_encoder.transformer.layers.0.self_attn.out_proj.bias', 'prosody_encoder.transformer.layers.0.linear1.weight', 'prosody_encoder.transformer.layers.0.linear1.bias', 'prosody_encoder.transformer.layers.0.linear2.weight', 'prosody_encoder.transformer.layers.0.linear2.bias', 'prosody_encoder.transformer.layers.0.norm1.weight', 'prosody_encoder.transformer.layers.0.norm1.bias', 'prosody_encoder.transformer.layers.0.norm2.weight', 'prosody_encoder.transformer.layers.0.norm2.bias', 'prosody_encoder.transformer.layers.1.self_attn.in_proj_weight', 'prosody_encoder.transformer.layers.1.self_attn.in_proj_bias', 'prosody_encoder.transformer.layers.1.self_attn.out_proj.weight', 'prosody_encoder.transformer.layers.1.self_attn.out_proj.bias', 'prosody_encoder.transformer.layers.1.linear1.weight', 'prosody_encoder.transformer.layers.1.linear1.bias', 'prosody_encoder.transformer.layers.1.linear2.weight', 'prosody_encoder.transformer.layers.1.linear2.bias', 'prosody_encoder.transformer.layers.1.norm1.weight', 'prosody_encoder.transformer.layers.1.norm1.bias', 'prosody_encoder.transformer.layers.1.norm2.weight', 'prosody_encoder.transformer.layers.1.norm2.bias', 'prosody_encoder.up_proj.weight', 'prosody_encoder.up_proj.bias', 'prosody_up.weight', 'prosody_up.bias', 'cross_attn.in_proj_weight', 'cross_attn.in_proj_bias', 'cross_attn.out_proj.weight', 'cross_attn.out_proj.bias', 'fusion_layer_norm.weight', 'fusion_layer_norm.bias']
Unexpected keys: []
Re-initializing decoder layer, to be trained from scratch
Training...
{'loss': 4.1718, 'grad_norm': 31.960371017456055, 'learning_rate': 0.00016265256305939788, 'epoch': 1.63}
{'eval_loss': 0.6140580773353577, 'eval_runtime': 41.8611, 'eval_samples_per_second': 104.345, 'eval_steps_per_second': 3.273, 'epoch': 1.63}
{'loss': 0.6329, 'grad_norm': 26.895252227783203, 'learning_rate': 0.0002999345654191567, 'epoch': 3.25}
{'eval_loss': 0.5848742723464966, 'eval_runtime': 41.8641, 'eval_samples_per_second': 104.338, 'eval_steps_per_second': 3.272, 'epoch': 3.25}
{'loss': 0.5278, 'grad_norm': 12.956128120422363, 'learning_rate': 0.0002964209259081431, 'epoch': 4.88}
{'eval_loss': 0.4795759320259094, 'eval_runtime': 41.8313, 'eval_samples_per_second': 104.419, 'eval_steps_per_second': 3.275, 'epoch': 4.88}
{'loss': 0.5016, 'grad_norm': 1.557875394821167, 'learning_rate': 0.00028767328744415817, 'epoch': 6.51}
{'eval_loss': 0.4737280309200287, 'eval_runtime': 41.9121, 'eval_samples_per_second': 104.218, 'eval_steps_per_second': 3.269, 'epoch': 6.51}
{'loss': 0.4844, 'grad_norm': 9.229528427124023, 'learning_rate': 0.0002740043452944766, 'epoch': 8.14}
{'eval_loss': 0.4613543748855591, 'eval_runtime': 41.8837, 'eval_samples_per_second': 104.289, 'eval_steps_per_second': 3.271, 'epoch': 8.14}
{'loss': 0.4746, 'grad_norm': 9.369223594665527, 'learning_rate': 0.000255902712875903, 'epoch': 9.76}
{'eval_loss': 0.4574871063232422, 'eval_runtime': 41.8063, 'eval_samples_per_second': 104.482, 'eval_steps_per_second': 3.277, 'epoch': 9.76}
{'loss': 0.4675, 'grad_norm': 1.3643338680267334, 'learning_rate': 0.00023401545565765396, 'epoch': 11.39}
{'eval_loss': 0.4536934792995453, 'eval_runtime': 42.0268, 'eval_samples_per_second': 103.934, 'eval_steps_per_second': 3.26, 'epoch': 11.39}
{'loss': 0.4642, 'grad_norm': 3.4959678649902344, 'learning_rate': 0.00020912496099763763, 'epoch': 13.02}
{'eval_loss': 0.4543057680130005, 'eval_runtime': 41.8714, 'eval_samples_per_second': 104.319, 'eval_steps_per_second': 3.272, 'epoch': 13.02}
{'loss': 0.4597, 'grad_norm': 7.45894193649292, 'learning_rate': 0.0001821209707287337, 'epoch': 14.65}
{'eval_loss': 0.4673592746257782, 'eval_runtime': 41.9447, 'eval_samples_per_second': 104.137, 'eval_steps_per_second': 3.266, 'epoch': 14.65}
{'loss': 0.4565, 'grad_norm': 9.26724624633789, 'learning_rate': 0.0001539687762252241, 'epoch': 16.27}
{'eval_loss': 0.45891454815864563, 'eval_runtime': 41.8544, 'eval_samples_per_second': 104.362, 'eval_steps_per_second': 3.273, 'epoch': 16.27}
{'loss': 0.4545, 'grad_norm': 0.49681687355041504, 'learning_rate': 0.00012567471285646482, 'epoch': 17.9}
{'eval_loss': 0.4505203068256378, 'eval_runtime': 41.8336, 'eval_samples_per_second': 104.414, 'eval_steps_per_second': 3.275, 'epoch': 17.9}
{'loss': 0.4528, 'grad_norm': 1.4622880220413208, 'learning_rate': 9.825018727166861e-05, 'epoch': 19.53}
{'eval_loss': 0.4502650201320648, 'eval_runtime': 41.8116, 'eval_samples_per_second': 104.469, 'eval_steps_per_second': 3.277, 'epoch': 19.53}
{'loss': 0.4513, 'grad_norm': 1.4899598360061646, 'learning_rate': 7.267552340545266e-05, 'epoch': 21.16}
{'eval_loss': 0.44958773255348206, 'eval_runtime': 41.828, 'eval_samples_per_second': 104.428, 'eval_steps_per_second': 3.275, 'epoch': 21.16}
{'loss': 0.4507, 'grad_norm': 3.8898253440856934, 'learning_rate': 4.986491957385785e-05, 'epoch': 22.78}
{'eval_loss': 0.4482114911079407, 'eval_runtime': 41.8638, 'eval_samples_per_second': 104.338, 'eval_steps_per_second': 3.273, 'epoch': 22.78}
{'loss': 0.4492, 'grad_norm': 1.8354437351226807, 'learning_rate': 3.063376931322956e-05, 'epoch': 24.41}
{'eval_loss': 0.44763973355293274, 'eval_runtime': 41.9178, 'eval_samples_per_second': 104.204, 'eval_steps_per_second': 3.268, 'epoch': 24.41}
{'loss': 0.449, 'grad_norm': 2.470905303955078, 'learning_rate': 1.5669514119407845e-05, 'epoch': 26.04}
{'eval_loss': 0.447798490524292, 'eval_runtime': 41.8844, 'eval_samples_per_second': 104.287, 'eval_steps_per_second': 3.271, 'epoch': 26.04}
{'loss': 0.4484, 'grad_norm': 2.0765492916107178, 'learning_rate': 5.507069992483931e-06, 'epoch': 27.66}
{'eval_loss': 0.44749516248703003, 'eval_runtime': 41.8474, 'eval_samples_per_second': 104.379, 'eval_steps_per_second': 3.274, 'epoch': 27.66}
{'loss': 0.448, 'grad_norm': 1.305114507675171, 'learning_rate': 5.097061959873582e-07, 'epoch': 29.29}
{'eval_loss': 0.4475552439689636, 'eval_runtime': 41.933, 'eval_samples_per_second': 104.166, 'eval_steps_per_second': 3.267, 'epoch': 29.29}
{'train_runtime': 32354.9501, 'train_samples_per_second': 36.453, 'train_steps_per_second': 1.14, 'train_loss': 0.6748071855214478, 'epoch': 30.0}
Evaluating (Mean Loss)...
Calculating per-sequence surprisals...
Fold 10 Evaluation per token: 0.4475
Fold 10 Entropy per sequence: 16.9448
Saving detailed results...
Saved per-sequence surprisals to /home/jm3743/prosody-syntax-interface/outputs/libri_dyck/cross_validation_results.csv
Global Mean Surprisal: 16.9370

--- Cross-Validation Results ---
Individual Fold Metrics: [16.839267305772292, 16.91863525246668, 16.579171058281766, 16.947328199397077, 17.105098092075668, 17.01783640523042, 16.959559418124595, 16.602007897836824, 16.887263546073502, 16.944781338147845]
Mean Metric (Entropy/Loss): 16.8801
Standard Deviation: 0.1599
Variance: 0.0256
