GPU Verified: NVIDIA H100 80GB HBM3 (Allocated: 1 device(s))
Loading data...
Loaded 43682 examples.

--- Starting Fold 1/10 ---
Fold 1 sizes: Train=39313, Eval=4369
Loading tokenizer...
Found 68 POS tags: ['-LRB-', '-RRB-', 'ADD', 'ADJP', 'ADVP', 'AFX', 'CC', 'CD', 'CONJP', 'DT', 'EX', 'FRAG', 'FW', 'HYPH', 'IN', 'INTJ', 'JJ', 'JJR', 'JJS', 'LS', 'LST', 'MD', 'NFP', 'NML', 'NN', 'NNP', 'NNPS', 'NNS', 'NP', 'PDT', 'POS', 'PP', 'PRN', 'PRP', 'PRP$', 'PRT', 'QP', 'RB', 'RBR', 'RBS', 'ROOT', 'RP', 'RRC', 'S', 'SBAR', 'SBARQ', 'SINV', 'SQ', 'SYM', 'TO', 'UCP', 'UH', 'VB', 'VBD', 'VBG', 'VBN', 'VBP', 'VBZ', 'VP', 'WDT', 'WHADJP', 'WHADVP', 'WHNP', 'WHPP', 'WP', 'WP$', 'WRB', 'X']
Found 0 phrase labels: []
Adding manual additions: ( ) # $ . , ''
Preprocessing...
Token length per parse sequence: 37.6812
Initializing DualEncoder model...
Loading  weights...
Missing keys: ['prosody_encoder.pos_table', 'prosody_encoder.mag_table', 'prosody_encoder.transformer.layers.0.self_attn.in_proj_weight', 'prosody_encoder.transformer.layers.0.self_attn.in_proj_bias', 'prosody_encoder.transformer.layers.0.self_attn.out_proj.weight', 'prosody_encoder.transformer.layers.0.self_attn.out_proj.bias', 'prosody_encoder.transformer.layers.0.linear1.weight', 'prosody_encoder.transformer.layers.0.linear1.bias', 'prosody_encoder.transformer.layers.0.linear2.weight', 'prosody_encoder.transformer.layers.0.linear2.bias', 'prosody_encoder.transformer.layers.0.norm1.weight', 'prosody_encoder.transformer.layers.0.norm1.bias', 'prosody_encoder.transformer.layers.0.norm2.weight', 'prosody_encoder.transformer.layers.0.norm2.bias', 'prosody_encoder.transformer.layers.1.self_attn.in_proj_weight', 'prosody_encoder.transformer.layers.1.self_attn.in_proj_bias', 'prosody_encoder.transformer.layers.1.self_attn.out_proj.weight', 'prosody_encoder.transformer.layers.1.self_attn.out_proj.bias', 'prosody_encoder.transformer.layers.1.linear1.weight', 'prosody_encoder.transformer.layers.1.linear1.bias', 'prosody_encoder.transformer.layers.1.linear2.weight', 'prosody_encoder.transformer.layers.1.linear2.bias', 'prosody_encoder.transformer.layers.1.norm1.weight', 'prosody_encoder.transformer.layers.1.norm1.bias', 'prosody_encoder.transformer.layers.1.norm2.weight', 'prosody_encoder.transformer.layers.1.norm2.bias', 'prosody_encoder.up_proj.weight', 'prosody_encoder.up_proj.bias', 'prosody_up.weight', 'prosody_up.bias', 'cross_attn.in_proj_weight', 'cross_attn.in_proj_bias', 'cross_attn.out_proj.weight', 'cross_attn.out_proj.bias', 'fusion_layer_norm.weight', 'fusion_layer_norm.bias']
Unexpected keys: []
Re-initializing decoder layer, to be trained from scratch
Training...
{'loss': '15.34', 'grad_norm': '90.01', 'learning_rate': '9.732e-05', 'epoch': '0.9756'}
{'eval_loss': '2.166', 'eval_runtime': '16.1', 'eval_samples_per_second': '271.4', 'eval_steps_per_second': '2.858', 'epoch': '0.9756'}
{'loss': '1.654', 'grad_norm': '24.94', 'learning_rate': '0.0001949', 'epoch': '1.951'}
{'eval_loss': '0.8531', 'eval_runtime': '15.96', 'eval_samples_per_second': '273.8', 'eval_steps_per_second': '2.883', 'epoch': '1.951'}
{'loss': '1.235', 'grad_norm': '79.92', 'learning_rate': '0.0002924', 'epoch': '2.927'}
{'eval_loss': '0.8835', 'eval_runtime': '15.95', 'eval_samples_per_second': '274', 'eval_steps_per_second': '2.885', 'epoch': '2.927'}
{'loss': '0.9387', 'grad_norm': '58.46', 'learning_rate': '0.0002992', 'epoch': '3.902'}
{'eval_loss': '0.8505', 'eval_runtime': '15.95', 'eval_samples_per_second': '274', 'eval_steps_per_second': '2.885', 'epoch': '3.902'}
{'loss': '0.7022', 'grad_norm': '51.28', 'learning_rate': '0.0002964', 'epoch': '4.878'}
{'eval_loss': '0.6437', 'eval_runtime': '16.16', 'eval_samples_per_second': '270.4', 'eval_steps_per_second': '2.847', 'epoch': '4.878'}
{'loss': '0.639', 'grad_norm': '15.54', 'learning_rate': '0.0002918', 'epoch': '5.854'}
{'eval_loss': '0.5939', 'eval_runtime': '15.94', 'eval_samples_per_second': '274.1', 'eval_steps_per_second': '2.886', 'epoch': '5.854'}
{'loss': '0.6078', 'grad_norm': '11.24', 'learning_rate': '0.0002854', 'epoch': '6.829'}
{'eval_loss': '0.4919', 'eval_runtime': '15.96', 'eval_samples_per_second': '273.8', 'eval_steps_per_second': '2.883', 'epoch': '6.829'}
{'loss': '0.5651', 'grad_norm': '1.486', 'learning_rate': '0.0002772', 'epoch': '7.805'}
{'eval_loss': '0.4916', 'eval_runtime': '15.95', 'eval_samples_per_second': '274', 'eval_steps_per_second': '2.885', 'epoch': '7.805'}
{'loss': '0.5314', 'grad_norm': '17.22', 'learning_rate': '0.0002674', 'epoch': '8.78'}
{'eval_loss': '0.5109', 'eval_runtime': '15.95', 'eval_samples_per_second': '274', 'eval_steps_per_second': '2.884', 'epoch': '8.78'}
{'loss': '0.5236', 'grad_norm': '6.028', 'learning_rate': '0.000256', 'epoch': '9.756'}
{'eval_loss': '0.4618', 'eval_runtime': '15.95', 'eval_samples_per_second': '274', 'eval_steps_per_second': '2.885', 'epoch': '9.756'}
{'loss': '0.498', 'grad_norm': '13.88', 'learning_rate': '0.0002433', 'epoch': '10.73'}
{'eval_loss': '0.4605', 'eval_runtime': '15.94', 'eval_samples_per_second': '274.1', 'eval_steps_per_second': '2.886', 'epoch': '10.73'}
{'loss': '0.4989', 'grad_norm': '0.8045', 'learning_rate': '0.0002294', 'epoch': '11.71'}
{'eval_loss': '0.4526', 'eval_runtime': '15.96', 'eval_samples_per_second': '273.7', 'eval_steps_per_second': '2.882', 'epoch': '11.71'}
{'loss': '0.4911', 'grad_norm': '0.9907', 'learning_rate': '0.0002145', 'epoch': '12.68'}
{'eval_loss': '0.4439', 'eval_runtime': '15.95', 'eval_samples_per_second': '273.9', 'eval_steps_per_second': '2.883', 'epoch': '12.68'}
{'loss': '0.4757', 'grad_norm': '5.168', 'learning_rate': '0.0001987', 'epoch': '13.66'}
{'eval_loss': '0.4421', 'eval_runtime': '15.96', 'eval_samples_per_second': '273.8', 'eval_steps_per_second': '2.883', 'epoch': '13.66'}
{'loss': '0.4625', 'grad_norm': '6.019', 'learning_rate': '0.0001824', 'epoch': '14.63'}
{'eval_loss': '0.4376', 'eval_runtime': '15.95', 'eval_samples_per_second': '273.9', 'eval_steps_per_second': '2.884', 'epoch': '14.63'}
{'loss': '0.4689', 'grad_norm': '3.352', 'learning_rate': '0.0001656', 'epoch': '15.61'}
{'eval_loss': '0.4424', 'eval_runtime': '15.95', 'eval_samples_per_second': '273.9', 'eval_steps_per_second': '2.883', 'epoch': '15.61'}
{'loss': '0.4565', 'grad_norm': '18.37', 'learning_rate': '0.0001486', 'epoch': '16.59'}
{'eval_loss': '0.4413', 'eval_runtime': '15.95', 'eval_samples_per_second': '273.9', 'eval_steps_per_second': '2.883', 'epoch': '16.59'}
{'loss': '0.4467', 'grad_norm': '11.26', 'learning_rate': '0.0001316', 'epoch': '17.56'}
{'eval_loss': '0.4234', 'eval_runtime': '15.95', 'eval_samples_per_second': '273.9', 'eval_steps_per_second': '2.884', 'epoch': '17.56'}
{'loss': '0.4442', 'grad_norm': '3.793', 'learning_rate': '0.0001148', 'epoch': '18.54'}
{'eval_loss': '0.4233', 'eval_runtime': '15.95', 'eval_samples_per_second': '273.9', 'eval_steps_per_second': '2.884', 'epoch': '18.54'}
{'loss': '0.4403', 'grad_norm': '15.88', 'learning_rate': '9.854e-05', 'epoch': '19.51'}
{'eval_loss': '0.525', 'eval_runtime': '15.98', 'eval_samples_per_second': '273.4', 'eval_steps_per_second': '2.878', 'epoch': '19.51'}
{'loss': '0.4341', 'grad_norm': '3.988', 'learning_rate': '8.291e-05', 'epoch': '20.49'}
{'eval_loss': '0.4335', 'eval_runtime': '15.95', 'eval_samples_per_second': '274', 'eval_steps_per_second': '2.885', 'epoch': '20.49'}
{'loss': '0.43', 'grad_norm': '1.825', 'learning_rate': '6.814e-05', 'epoch': '21.46'}
{'eval_loss': '0.4137', 'eval_runtime': '15.96', 'eval_samples_per_second': '273.8', 'eval_steps_per_second': '2.882', 'epoch': '21.46'}
{'loss': '0.4265', 'grad_norm': '4.375', 'learning_rate': '5.443e-05', 'epoch': '22.44'}
{'eval_loss': '0.4133', 'eval_runtime': '15.96', 'eval_samples_per_second': '273.7', 'eval_steps_per_second': '2.882', 'epoch': '22.44'}
{'loss': '0.4229', 'grad_norm': '0.9169', 'learning_rate': '4.195e-05', 'epoch': '23.41'}
{'eval_loss': '0.4118', 'eval_runtime': '15.96', 'eval_samples_per_second': '273.7', 'eval_steps_per_second': '2.882', 'epoch': '23.41'}
{'loss': '0.4171', 'grad_norm': '3.816', 'learning_rate': '3.086e-05', 'epoch': '24.39'}
{'eval_loss': '0.4162', 'eval_runtime': '15.95', 'eval_samples_per_second': '273.9', 'eval_steps_per_second': '2.884', 'epoch': '24.39'}
{'loss': '0.4133', 'grad_norm': '0.56', 'learning_rate': '2.13e-05', 'epoch': '25.37'}
{'eval_loss': '0.4121', 'eval_runtime': '15.96', 'eval_samples_per_second': '273.7', 'eval_steps_per_second': '2.881', 'epoch': '25.37'}
{'loss': '0.4089', 'grad_norm': '1.856', 'learning_rate': '1.34e-05', 'epoch': '26.34'}
{'eval_loss': '0.4052', 'eval_runtime': '15.96', 'eval_samples_per_second': '273.7', 'eval_steps_per_second': '2.882', 'epoch': '26.34'}
{'loss': '0.4089', 'grad_norm': '1.212', 'learning_rate': '7.263e-06', 'epoch': '27.32'}
{'eval_loss': '0.4106', 'eval_runtime': '15.96', 'eval_samples_per_second': '273.8', 'eval_steps_per_second': '2.883', 'epoch': '27.32'}
{'loss': '0.4071', 'grad_norm': '0.7308', 'learning_rate': '2.958e-06', 'epoch': '28.29'}
{'eval_loss': '0.4053', 'eval_runtime': '15.96', 'eval_samples_per_second': '273.8', 'eval_steps_per_second': '2.883', 'epoch': '28.29'}
{'loss': '0.4073', 'grad_norm': '1.175', 'learning_rate': '5.469e-07', 'epoch': '29.27'}
{'eval_loss': '0.4064', 'eval_runtime': '15.95', 'eval_samples_per_second': '273.9', 'eval_steps_per_second': '2.884', 'epoch': '29.27'}
{'eval_loss': '0.4068', 'eval_runtime': '15.96', 'eval_samples_per_second': '273.8', 'eval_steps_per_second': '2.883', 'epoch': '30'}
{'train_runtime': '1.29e+04', 'train_samples_per_second': '91.42', 'train_steps_per_second': '0.953', 'train_loss': '1.038', 'epoch': '30'}
Evaluating (Mean Loss)...
Calculating per-sequence surprisals...
Fold 1 Evaluation per token: 0.4052
Fold 1 Entropy per sequence: 15.2668

--- Starting Fold 2/10 ---
Fold 2 sizes: Train=39313, Eval=4369
Loading tokenizer...
Found 68 POS tags: ['-LRB-', '-RRB-', 'ADD', 'ADJP', 'ADVP', 'AFX', 'CC', 'CD', 'CONJP', 'DT', 'EX', 'FRAG', 'FW', 'HYPH', 'IN', 'INTJ', 'JJ', 'JJR', 'JJS', 'LS', 'LST', 'MD', 'NFP', 'NML', 'NN', 'NNP', 'NNPS', 'NNS', 'NP', 'PDT', 'POS', 'PP', 'PRN', 'PRP', 'PRP$', 'PRT', 'QP', 'RB', 'RBR', 'RBS', 'ROOT', 'RP', 'RRC', 'S', 'SBAR', 'SBARQ', 'SINV', 'SQ', 'SYM', 'TO', 'UCP', 'UH', 'VB', 'VBD', 'VBG', 'VBN', 'VBP', 'VBZ', 'VP', 'WDT', 'WHADJP', 'WHADVP', 'WHNP', 'WHPP', 'WP', 'WP$', 'WRB', 'X']
Found 0 phrase labels: []
Adding manual additions: ( ) # $ . , ''
Preprocessing...
Token length per parse sequence: 37.9421
Initializing DualEncoder model...
Loading  weights...
Missing keys: ['prosody_encoder.pos_table', 'prosody_encoder.mag_table', 'prosody_encoder.transformer.layers.0.self_attn.in_proj_weight', 'prosody_encoder.transformer.layers.0.self_attn.in_proj_bias', 'prosody_encoder.transformer.layers.0.self_attn.out_proj.weight', 'prosody_encoder.transformer.layers.0.self_attn.out_proj.bias', 'prosody_encoder.transformer.layers.0.linear1.weight', 'prosody_encoder.transformer.layers.0.linear1.bias', 'prosody_encoder.transformer.layers.0.linear2.weight', 'prosody_encoder.transformer.layers.0.linear2.bias', 'prosody_encoder.transformer.layers.0.norm1.weight', 'prosody_encoder.transformer.layers.0.norm1.bias', 'prosody_encoder.transformer.layers.0.norm2.weight', 'prosody_encoder.transformer.layers.0.norm2.bias', 'prosody_encoder.transformer.layers.1.self_attn.in_proj_weight', 'prosody_encoder.transformer.layers.1.self_attn.in_proj_bias', 'prosody_encoder.transformer.layers.1.self_attn.out_proj.weight', 'prosody_encoder.transformer.layers.1.self_attn.out_proj.bias', 'prosody_encoder.transformer.layers.1.linear1.weight', 'prosody_encoder.transformer.layers.1.linear1.bias', 'prosody_encoder.transformer.layers.1.linear2.weight', 'prosody_encoder.transformer.layers.1.linear2.bias', 'prosody_encoder.transformer.layers.1.norm1.weight', 'prosody_encoder.transformer.layers.1.norm1.bias', 'prosody_encoder.transformer.layers.1.norm2.weight', 'prosody_encoder.transformer.layers.1.norm2.bias', 'prosody_encoder.up_proj.weight', 'prosody_encoder.up_proj.bias', 'prosody_up.weight', 'prosody_up.bias', 'cross_attn.in_proj_weight', 'cross_attn.in_proj_bias', 'cross_attn.out_proj.weight', 'cross_attn.out_proj.bias', 'fusion_layer_norm.weight', 'fusion_layer_norm.bias']
Unexpected keys: []
Re-initializing decoder layer, to be trained from scratch
Training...
{'loss': '14.61', 'grad_norm': '131.9', 'learning_rate': '9.732e-05', 'epoch': '0.9756'}
{'eval_loss': '2.135', 'eval_runtime': '15.96', 'eval_samples_per_second': '273.8', 'eval_steps_per_second': '2.882', 'epoch': '0.9756'}
{'loss': '1.854', 'grad_norm': '95.33', 'learning_rate': '0.0001949', 'epoch': '1.951'}
{'eval_loss': '2.019', 'eval_runtime': '15.95', 'eval_samples_per_second': '273.9', 'eval_steps_per_second': '2.883', 'epoch': '1.951'}
{'loss': '1.269', 'grad_norm': '4.889', 'learning_rate': '0.0002924', 'epoch': '2.927'}
{'eval_loss': '0.9203', 'eval_runtime': '15.96', 'eval_samples_per_second': '273.7', 'eval_steps_per_second': '2.882', 'epoch': '2.927'}
{'loss': '0.8494', 'grad_norm': '16.93', 'learning_rate': '0.0002992', 'epoch': '3.902'}
{'eval_loss': '0.5297', 'eval_runtime': '15.94', 'eval_samples_per_second': '274.1', 'eval_steps_per_second': '2.886', 'epoch': '3.902'}
{'loss': '0.7697', 'grad_norm': '9.12', 'learning_rate': '0.0002964', 'epoch': '4.878'}
{'eval_loss': '0.5609', 'eval_runtime': '15.94', 'eval_samples_per_second': '274', 'eval_steps_per_second': '2.885', 'epoch': '4.878'}
{'loss': '0.6468', 'grad_norm': '47.47', 'learning_rate': '0.0002918', 'epoch': '5.854'}
{'eval_loss': '0.7384', 'eval_runtime': '15.95', 'eval_samples_per_second': '273.9', 'eval_steps_per_second': '2.883', 'epoch': '5.854'}
{'loss': '0.6094', 'grad_norm': '19.84', 'learning_rate': '0.0002854', 'epoch': '6.829'}
{'eval_loss': '0.4886', 'eval_runtime': '15.95', 'eval_samples_per_second': '274', 'eval_steps_per_second': '2.885', 'epoch': '6.829'}
{'loss': '0.5749', 'grad_norm': '3.088', 'learning_rate': '0.0002772', 'epoch': '7.805'}
{'eval_loss': '0.4807', 'eval_runtime': '15.93', 'eval_samples_per_second': '274.2', 'eval_steps_per_second': '2.887', 'epoch': '7.805'}
{'loss': '0.5544', 'grad_norm': '1.39', 'learning_rate': '0.0002674', 'epoch': '8.78'}
{'eval_loss': '0.4881', 'eval_runtime': '15.95', 'eval_samples_per_second': '274', 'eval_steps_per_second': '2.885', 'epoch': '8.78'}
{'loss': '0.5494', 'grad_norm': '52.43', 'learning_rate': '0.000256', 'epoch': '9.756'}
{'eval_loss': '0.5985', 'eval_runtime': '15.93', 'eval_samples_per_second': '274.2', 'eval_steps_per_second': '2.887', 'epoch': '9.756'}
{'loss': '0.5146', 'grad_norm': '14.59', 'learning_rate': '0.0002433', 'epoch': '10.73'}
{'eval_loss': '0.4653', 'eval_runtime': '15.91', 'eval_samples_per_second': '274.6', 'eval_steps_per_second': '2.891', 'epoch': '10.73'}
{'loss': '0.5076', 'grad_norm': '24.64', 'learning_rate': '0.0002294', 'epoch': '11.71'}
{'eval_loss': '0.515', 'eval_runtime': '15.91', 'eval_samples_per_second': '274.6', 'eval_steps_per_second': '2.891', 'epoch': '11.71'}
{'loss': '0.4862', 'grad_norm': '9.437', 'learning_rate': '0.0002145', 'epoch': '12.68'}
{'eval_loss': '0.4739', 'eval_runtime': '15.91', 'eval_samples_per_second': '274.5', 'eval_steps_per_second': '2.891', 'epoch': '12.68'}
{'loss': '0.482', 'grad_norm': '4.058', 'learning_rate': '0.0001987', 'epoch': '13.66'}
{'eval_loss': '0.4624', 'eval_runtime': '15.91', 'eval_samples_per_second': '274.6', 'eval_steps_per_second': '2.891', 'epoch': '13.66'}
{'loss': '0.4833', 'grad_norm': '10.36', 'learning_rate': '0.0001824', 'epoch': '14.63'}
{'eval_loss': '0.4861', 'eval_runtime': '15.91', 'eval_samples_per_second': '274.6', 'eval_steps_per_second': '2.891', 'epoch': '14.63'}
{'loss': '0.4679', 'grad_norm': '4.388', 'learning_rate': '0.0001656', 'epoch': '15.61'}
{'eval_loss': '0.444', 'eval_runtime': '15.91', 'eval_samples_per_second': '274.5', 'eval_steps_per_second': '2.89', 'epoch': '15.61'}
{'loss': '0.4696', 'grad_norm': '27.12', 'learning_rate': '0.0001486', 'epoch': '16.59'}
{'eval_loss': '0.4574', 'eval_runtime': '15.91', 'eval_samples_per_second': '274.6', 'eval_steps_per_second': '2.891', 'epoch': '16.59'}
{'loss': '0.4555', 'grad_norm': '8.752', 'learning_rate': '0.0001316', 'epoch': '17.56'}
{'eval_loss': '0.4582', 'eval_runtime': '15.92', 'eval_samples_per_second': '274.5', 'eval_steps_per_second': '2.89', 'epoch': '17.56'}
{'loss': '0.4526', 'grad_norm': '1.107', 'learning_rate': '0.0001148', 'epoch': '18.54'}
{'eval_loss': '0.4439', 'eval_runtime': '15.91', 'eval_samples_per_second': '274.6', 'eval_steps_per_second': '2.891', 'epoch': '18.54'}
{'loss': '0.4446', 'grad_norm': '8.764', 'learning_rate': '9.854e-05', 'epoch': '19.51'}
{'eval_loss': '0.4306', 'eval_runtime': '15.91', 'eval_samples_per_second': '274.6', 'eval_steps_per_second': '2.891', 'epoch': '19.51'}
{'loss': '0.4412', 'grad_norm': '2.961', 'learning_rate': '8.291e-05', 'epoch': '20.49'}
{'eval_loss': '0.4228', 'eval_runtime': '15.91', 'eval_samples_per_second': '274.7', 'eval_steps_per_second': '2.892', 'epoch': '20.49'}
{'loss': '0.4397', 'grad_norm': '6.843', 'learning_rate': '6.814e-05', 'epoch': '21.46'}
{'eval_loss': '0.4464', 'eval_runtime': '15.93', 'eval_samples_per_second': '274.3', 'eval_steps_per_second': '2.888', 'epoch': '21.46'}
{'loss': '0.4286', 'grad_norm': '0.7197', 'learning_rate': '5.443e-05', 'epoch': '22.44'}
{'eval_loss': '0.4239', 'eval_runtime': '16.1', 'eval_samples_per_second': '271.3', 'eval_steps_per_second': '2.857', 'epoch': '22.44'}
{'loss': '0.4255', 'grad_norm': '1.183', 'learning_rate': '4.195e-05', 'epoch': '23.41'}
{'eval_loss': '0.4359', 'eval_runtime': '15.91', 'eval_samples_per_second': '274.6', 'eval_steps_per_second': '2.891', 'epoch': '23.41'}
{'loss': '0.4217', 'grad_norm': '4.318', 'learning_rate': '3.086e-05', 'epoch': '24.39'}
{'eval_loss': '0.4178', 'eval_runtime': '15.92', 'eval_samples_per_second': '274.5', 'eval_steps_per_second': '2.89', 'epoch': '24.39'}
{'loss': '0.4184', 'grad_norm': '3.104', 'learning_rate': '2.13e-05', 'epoch': '25.37'}
{'eval_loss': '0.4295', 'eval_runtime': '15.92', 'eval_samples_per_second': '274.5', 'eval_steps_per_second': '2.89', 'epoch': '25.37'}
{'loss': '0.4157', 'grad_norm': '2.406', 'learning_rate': '1.34e-05', 'epoch': '26.34'}
{'eval_loss': '0.4349', 'eval_runtime': '15.98', 'eval_samples_per_second': '273.4', 'eval_steps_per_second': '2.879', 'epoch': '26.34'}
{'loss': '0.4146', 'grad_norm': '0.5419', 'learning_rate': '7.263e-06', 'epoch': '27.32'}
{'eval_loss': '0.4281', 'eval_runtime': '15.91', 'eval_samples_per_second': '274.6', 'eval_steps_per_second': '2.891', 'epoch': '27.32'}
{'loss': '0.4139', 'grad_norm': '0.4504', 'learning_rate': '2.958e-06', 'epoch': '28.29'}
{'eval_loss': '0.4277', 'eval_runtime': '15.92', 'eval_samples_per_second': '274.4', 'eval_steps_per_second': '2.889', 'epoch': '28.29'}
{'loss': '0.413', 'grad_norm': '2.618', 'learning_rate': '5.469e-07', 'epoch': '29.27'}
{'eval_loss': '0.4292', 'eval_runtime': '15.95', 'eval_samples_per_second': '274', 'eval_steps_per_second': '2.884', 'epoch': '29.27'}
{'train_runtime': '1.257e+04', 'train_samples_per_second': '93.8', 'train_steps_per_second': '0.978', 'train_loss': '1.043', 'epoch': '29.27'}
Evaluating (Mean Loss)...
Calculating per-sequence surprisals...
Fold 2 Evaluation per token: 0.4178
Fold 2 Entropy per sequence: 15.8514

--- Starting Fold 3/10 ---
Fold 3 sizes: Train=39314, Eval=4368
Loading tokenizer...
Found 68 POS tags: ['-LRB-', '-RRB-', 'ADD', 'ADJP', 'ADVP', 'AFX', 'CC', 'CD', 'CONJP', 'DT', 'EX', 'FRAG', 'FW', 'HYPH', 'IN', 'INTJ', 'JJ', 'JJR', 'JJS', 'LS', 'LST', 'MD', 'NFP', 'NML', 'NN', 'NNP', 'NNPS', 'NNS', 'NP', 'PDT', 'POS', 'PP', 'PRN', 'PRP', 'PRP$', 'PRT', 'QP', 'RB', 'RBR', 'RBS', 'ROOT', 'RP', 'RRC', 'S', 'SBAR', 'SBARQ', 'SINV', 'SQ', 'SYM', 'TO', 'UCP', 'UH', 'VB', 'VBD', 'VBG', 'VBN', 'VBP', 'VBZ', 'VP', 'WDT', 'WHADJP', 'WHADVP', 'WHNP', 'WHPP', 'WP', 'WP$', 'WRB', 'X']
Found 0 phrase labels: []
Adding manual additions: ( ) # $ . , ''
Preprocessing...
Token length per parse sequence: 37.2367
Initializing DualEncoder model...
Loading  weights...
Missing keys: ['prosody_encoder.pos_table', 'prosody_encoder.mag_table', 'prosody_encoder.transformer.layers.0.self_attn.in_proj_weight', 'prosody_encoder.transformer.layers.0.self_attn.in_proj_bias', 'prosody_encoder.transformer.layers.0.self_attn.out_proj.weight', 'prosody_encoder.transformer.layers.0.self_attn.out_proj.bias', 'prosody_encoder.transformer.layers.0.linear1.weight', 'prosody_encoder.transformer.layers.0.linear1.bias', 'prosody_encoder.transformer.layers.0.linear2.weight', 'prosody_encoder.transformer.layers.0.linear2.bias', 'prosody_encoder.transformer.layers.0.norm1.weight', 'prosody_encoder.transformer.layers.0.norm1.bias', 'prosody_encoder.transformer.layers.0.norm2.weight', 'prosody_encoder.transformer.layers.0.norm2.bias', 'prosody_encoder.transformer.layers.1.self_attn.in_proj_weight', 'prosody_encoder.transformer.layers.1.self_attn.in_proj_bias', 'prosody_encoder.transformer.layers.1.self_attn.out_proj.weight', 'prosody_encoder.transformer.layers.1.self_attn.out_proj.bias', 'prosody_encoder.transformer.layers.1.linear1.weight', 'prosody_encoder.transformer.layers.1.linear1.bias', 'prosody_encoder.transformer.layers.1.linear2.weight', 'prosody_encoder.transformer.layers.1.linear2.bias', 'prosody_encoder.transformer.layers.1.norm1.weight', 'prosody_encoder.transformer.layers.1.norm1.bias', 'prosody_encoder.transformer.layers.1.norm2.weight', 'prosody_encoder.transformer.layers.1.norm2.bias', 'prosody_encoder.up_proj.weight', 'prosody_encoder.up_proj.bias', 'prosody_up.weight', 'prosody_up.bias', 'cross_attn.in_proj_weight', 'cross_attn.in_proj_bias', 'cross_attn.out_proj.weight', 'cross_attn.out_proj.bias', 'fusion_layer_norm.weight', 'fusion_layer_norm.bias']
Unexpected keys: []
Re-initializing decoder layer, to be trained from scratch
Training...
{'loss': '15.88', 'grad_norm': '171.2', 'learning_rate': '9.732e-05', 'epoch': '0.9756'}
{'eval_loss': '0.8225', 'eval_runtime': '15.91', 'eval_samples_per_second': '274.5', 'eval_steps_per_second': '2.891', 'epoch': '0.9756'}
{'loss': '1.709', 'grad_norm': '102.8', 'learning_rate': '0.0001949', 'epoch': '1.951'}
{'eval_loss': '2.104', 'eval_runtime': '15.92', 'eval_samples_per_second': '274.5', 'eval_steps_per_second': '2.89', 'epoch': '1.951'}
{'loss': '1.016', 'grad_norm': '91.13', 'learning_rate': '0.0002924', 'epoch': '2.927'}
{'eval_loss': '0.8255', 'eval_runtime': '15.91', 'eval_samples_per_second': '274.5', 'eval_steps_per_second': '2.891', 'epoch': '2.927'}
{'loss': '0.8094', 'grad_norm': '12.3', 'learning_rate': '0.0002992', 'epoch': '3.902'}
{'eval_loss': '0.6606', 'eval_runtime': '15.91', 'eval_samples_per_second': '274.5', 'eval_steps_per_second': '2.891', 'epoch': '3.902'}
{'loss': '0.655', 'grad_norm': '25.64', 'learning_rate': '0.0002964', 'epoch': '4.878'}
{'eval_loss': '0.6374', 'eval_runtime': '15.91', 'eval_samples_per_second': '274.5', 'eval_steps_per_second': '2.891', 'epoch': '4.878'}
{'loss': '0.6212', 'grad_norm': '6.493', 'learning_rate': '0.0002918', 'epoch': '5.854'}
{'eval_loss': '0.4986', 'eval_runtime': '15.91', 'eval_samples_per_second': '274.5', 'eval_steps_per_second': '2.891', 'epoch': '5.854'}
{'loss': '0.5645', 'grad_norm': '2.07', 'learning_rate': '0.0002854', 'epoch': '6.829'}
{'eval_loss': '0.4787', 'eval_runtime': '15.91', 'eval_samples_per_second': '274.5', 'eval_steps_per_second': '2.891', 'epoch': '6.829'}
{'loss': '0.5481', 'grad_norm': '33.38', 'learning_rate': '0.0002772', 'epoch': '7.805'}
{'eval_loss': '0.5086', 'eval_runtime': '15.91', 'eval_samples_per_second': '274.5', 'eval_steps_per_second': '2.891', 'epoch': '7.805'}
{'loss': '0.5281', 'grad_norm': '4.828', 'learning_rate': '0.0002674', 'epoch': '8.78'}
{'eval_loss': '0.4877', 'eval_runtime': '15.91', 'eval_samples_per_second': '274.5', 'eval_steps_per_second': '2.891', 'epoch': '8.78'}
{'loss': '0.5026', 'grad_norm': '18.99', 'learning_rate': '0.000256', 'epoch': '9.756'}
{'eval_loss': '0.4845', 'eval_runtime': '15.91', 'eval_samples_per_second': '274.6', 'eval_steps_per_second': '2.891', 'epoch': '9.756'}
{'loss': '0.4936', 'grad_norm': '14.22', 'learning_rate': '0.0002433', 'epoch': '10.73'}
{'eval_loss': '0.4625', 'eval_runtime': '15.91', 'eval_samples_per_second': '274.5', 'eval_steps_per_second': '2.891', 'epoch': '10.73'}
{'loss': '0.4844', 'grad_norm': '1.152', 'learning_rate': '0.0002294', 'epoch': '11.71'}
{'eval_loss': '0.4475', 'eval_runtime': '15.91', 'eval_samples_per_second': '274.5', 'eval_steps_per_second': '2.891', 'epoch': '11.71'}
{'loss': '0.4724', 'grad_norm': '18.4', 'learning_rate': '0.0002145', 'epoch': '12.68'}
{'eval_loss': '0.4712', 'eval_runtime': '15.91', 'eval_samples_per_second': '274.5', 'eval_steps_per_second': '2.891', 'epoch': '12.68'}
{'loss': '0.4729', 'grad_norm': '9.083', 'learning_rate': '0.0001987', 'epoch': '13.66'}
{'eval_loss': '0.4426', 'eval_runtime': '15.91', 'eval_samples_per_second': '274.5', 'eval_steps_per_second': '2.891', 'epoch': '13.66'}
{'loss': '0.4602', 'grad_norm': '12.78', 'learning_rate': '0.0001824', 'epoch': '14.63'}
{'eval_loss': '0.4345', 'eval_runtime': '15.91', 'eval_samples_per_second': '274.5', 'eval_steps_per_second': '2.891', 'epoch': '14.63'}
{'loss': '0.4474', 'grad_norm': '28.77', 'learning_rate': '0.0001656', 'epoch': '15.61'}
{'eval_loss': '0.4984', 'eval_runtime': '15.93', 'eval_samples_per_second': '274.2', 'eval_steps_per_second': '2.888', 'epoch': '15.61'}
{'loss': '0.4508', 'grad_norm': '1.52', 'learning_rate': '0.0001486', 'epoch': '16.59'}
{'eval_loss': '0.4285', 'eval_runtime': '15.91', 'eval_samples_per_second': '274.5', 'eval_steps_per_second': '2.891', 'epoch': '16.59'}
{'loss': '0.4369', 'grad_norm': '14.87', 'learning_rate': '0.0001316', 'epoch': '17.56'}
{'eval_loss': '0.4344', 'eval_runtime': '15.91', 'eval_samples_per_second': '274.5', 'eval_steps_per_second': '2.891', 'epoch': '17.56'}
{'loss': '0.4296', 'grad_norm': '12.37', 'learning_rate': '0.0001148', 'epoch': '18.54'}
{'eval_loss': '0.4612', 'eval_runtime': '15.91', 'eval_samples_per_second': '274.6', 'eval_steps_per_second': '2.891', 'epoch': '18.54'}
{'loss': '0.424', 'grad_norm': '2.317', 'learning_rate': '9.854e-05', 'epoch': '19.51'}
{'eval_loss': '0.4029', 'eval_runtime': '15.92', 'eval_samples_per_second': '274.4', 'eval_steps_per_second': '2.89', 'epoch': '19.51'}
{'loss': '0.4186', 'grad_norm': '7.07', 'learning_rate': '8.291e-05', 'epoch': '20.49'}
{'eval_loss': '0.3941', 'eval_runtime': '15.92', 'eval_samples_per_second': '274.4', 'eval_steps_per_second': '2.89', 'epoch': '20.49'}
{'loss': '0.4023', 'grad_norm': '9.23', 'learning_rate': '6.814e-05', 'epoch': '21.46'}
{'eval_loss': '0.4168', 'eval_runtime': '15.91', 'eval_samples_per_second': '274.6', 'eval_steps_per_second': '2.892', 'epoch': '21.46'}
{'loss': '0.3875', 'grad_norm': '7.8', 'learning_rate': '5.443e-05', 'epoch': '22.44'}
{'eval_loss': '0.3601', 'eval_runtime': '15.91', 'eval_samples_per_second': '274.6', 'eval_steps_per_second': '2.892', 'epoch': '22.44'}
{'loss': '0.3776', 'grad_norm': '9.476', 'learning_rate': '4.195e-05', 'epoch': '23.41'}
{'eval_loss': '0.3553', 'eval_runtime': '15.91', 'eval_samples_per_second': '274.6', 'eval_steps_per_second': '2.891', 'epoch': '23.41'}
{'loss': '0.3651', 'grad_norm': '2.754', 'learning_rate': '3.086e-05', 'epoch': '24.39'}
{'eval_loss': '0.3562', 'eval_runtime': '15.91', 'eval_samples_per_second': '274.5', 'eval_steps_per_second': '2.891', 'epoch': '24.39'}
{'loss': '0.357', 'grad_norm': '2.257', 'learning_rate': '2.13e-05', 'epoch': '25.37'}
{'eval_loss': '0.3461', 'eval_runtime': '16.02', 'eval_samples_per_second': '272.7', 'eval_steps_per_second': '2.871', 'epoch': '25.37'}
{'loss': '0.3485', 'grad_norm': '2.937', 'learning_rate': '1.34e-05', 'epoch': '26.34'}
{'eval_loss': '0.3384', 'eval_runtime': '15.91', 'eval_samples_per_second': '274.6', 'eval_steps_per_second': '2.892', 'epoch': '26.34'}
{'loss': '0.3422', 'grad_norm': '1.436', 'learning_rate': '7.263e-06', 'epoch': '27.32'}
{'eval_loss': '0.3394', 'eval_runtime': '15.91', 'eval_samples_per_second': '274.6', 'eval_steps_per_second': '2.891', 'epoch': '27.32'}
{'loss': '0.3389', 'grad_norm': '1.132', 'learning_rate': '2.958e-06', 'epoch': '28.29'}
{'eval_loss': '0.3338', 'eval_runtime': '15.91', 'eval_samples_per_second': '274.5', 'eval_steps_per_second': '2.891', 'epoch': '28.29'}
{'loss': '0.337', 'grad_norm': '1.481', 'learning_rate': '5.469e-07', 'epoch': '29.27'}
{'eval_loss': '0.335', 'eval_runtime': '15.91', 'eval_samples_per_second': '274.6', 'eval_steps_per_second': '2.891', 'epoch': '29.27'}
{'eval_loss': '0.3342', 'eval_runtime': '15.92', 'eval_samples_per_second': '274.5', 'eval_steps_per_second': '2.89', 'epoch': '30'}
{'train_runtime': '1.289e+04', 'train_samples_per_second': '91.53', 'train_steps_per_second': '0.955', 'train_loss': '1.019', 'epoch': '30'}
Evaluating (Mean Loss)...
Calculating per-sequence surprisals...
Fold 3 Evaluation per token: 0.3338
Fold 3 Entropy per sequence: 12.4304

--- Starting Fold 4/10 ---
Fold 4 sizes: Train=39314, Eval=4368
Loading tokenizer...
Found 68 POS tags: ['-LRB-', '-RRB-', 'ADD', 'ADJP', 'ADVP', 'AFX', 'CC', 'CD', 'CONJP', 'DT', 'EX', 'FRAG', 'FW', 'HYPH', 'IN', 'INTJ', 'JJ', 'JJR', 'JJS', 'LS', 'LST', 'MD', 'NFP', 'NML', 'NN', 'NNP', 'NNPS', 'NNS', 'NP', 'PDT', 'POS', 'PP', 'PRN', 'PRP', 'PRP$', 'PRT', 'QP', 'RB', 'RBR', 'RBS', 'ROOT', 'RP', 'RRC', 'S', 'SBAR', 'SBARQ', 'SINV', 'SQ', 'SYM', 'TO', 'UCP', 'UH', 'VB', 'VBD', 'VBG', 'VBN', 'VBP', 'VBZ', 'VP', 'WDT', 'WHADJP', 'WHADVP', 'WHNP', 'WHPP', 'WP', 'WP$', 'WRB', 'X']
Found 0 phrase labels: []
Adding manual additions: ( ) # $ . , ''
Preprocessing...
Token length per parse sequence: 38.0055
Initializing DualEncoder model...
Loading  weights...
Missing keys: ['prosody_encoder.pos_table', 'prosody_encoder.mag_table', 'prosody_encoder.transformer.layers.0.self_attn.in_proj_weight', 'prosody_encoder.transformer.layers.0.self_attn.in_proj_bias', 'prosody_encoder.transformer.layers.0.self_attn.out_proj.weight', 'prosody_encoder.transformer.layers.0.self_attn.out_proj.bias', 'prosody_encoder.transformer.layers.0.linear1.weight', 'prosody_encoder.transformer.layers.0.linear1.bias', 'prosody_encoder.transformer.layers.0.linear2.weight', 'prosody_encoder.transformer.layers.0.linear2.bias', 'prosody_encoder.transformer.layers.0.norm1.weight', 'prosody_encoder.transformer.layers.0.norm1.bias', 'prosody_encoder.transformer.layers.0.norm2.weight', 'prosody_encoder.transformer.layers.0.norm2.bias', 'prosody_encoder.transformer.layers.1.self_attn.in_proj_weight', 'prosody_encoder.transformer.layers.1.self_attn.in_proj_bias', 'prosody_encoder.transformer.layers.1.self_attn.out_proj.weight', 'prosody_encoder.transformer.layers.1.self_attn.out_proj.bias', 'prosody_encoder.transformer.layers.1.linear1.weight', 'prosody_encoder.transformer.layers.1.linear1.bias', 'prosody_encoder.transformer.layers.1.linear2.weight', 'prosody_encoder.transformer.layers.1.linear2.bias', 'prosody_encoder.transformer.layers.1.norm1.weight', 'prosody_encoder.transformer.layers.1.norm1.bias', 'prosody_encoder.transformer.layers.1.norm2.weight', 'prosody_encoder.transformer.layers.1.norm2.bias', 'prosody_encoder.up_proj.weight', 'prosody_encoder.up_proj.bias', 'prosody_up.weight', 'prosody_up.bias', 'cross_attn.in_proj_weight', 'cross_attn.in_proj_bias', 'cross_attn.out_proj.weight', 'cross_attn.out_proj.bias', 'fusion_layer_norm.weight', 'fusion_layer_norm.bias']
Unexpected keys: []
Re-initializing decoder layer, to be trained from scratch
Training...
{'loss': '14.52', 'grad_norm': '214.9', 'learning_rate': '9.732e-05', 'epoch': '0.9756'}
{'eval_loss': '1.025', 'eval_runtime': '15.92', 'eval_samples_per_second': '274.3', 'eval_steps_per_second': '2.889', 'epoch': '0.9756'}
{'loss': '1.7', 'grad_norm': '38.59', 'learning_rate': '0.0001949', 'epoch': '1.951'}
{'eval_loss': '0.8509', 'eval_runtime': '15.92', 'eval_samples_per_second': '274.3', 'eval_steps_per_second': '2.889', 'epoch': '1.951'}
{'loss': '1.322', 'grad_norm': '116.6', 'learning_rate': '0.0002924', 'epoch': '2.927'}
{'eval_loss': '1.057', 'eval_runtime': '15.91', 'eval_samples_per_second': '274.5', 'eval_steps_per_second': '2.89', 'epoch': '2.927'}
{'loss': '0.8947', 'grad_norm': '33.17', 'learning_rate': '0.0002992', 'epoch': '3.902'}
{'eval_loss': '0.6', 'eval_runtime': '15.92', 'eval_samples_per_second': '274.4', 'eval_steps_per_second': '2.89', 'epoch': '3.902'}
{'loss': '0.7114', 'grad_norm': '28.57', 'learning_rate': '0.0002964', 'epoch': '4.878'}
{'eval_loss': '0.5586', 'eval_runtime': '15.92', 'eval_samples_per_second': '274.4', 'eval_steps_per_second': '2.889', 'epoch': '4.878'}
{'loss': '0.6264', 'grad_norm': '8.75', 'learning_rate': '0.0002918', 'epoch': '5.854'}
{'eval_loss': '0.4926', 'eval_runtime': '15.92', 'eval_samples_per_second': '274.4', 'eval_steps_per_second': '2.89', 'epoch': '5.854'}
{'loss': '0.5831', 'grad_norm': '11.83', 'learning_rate': '0.0002854', 'epoch': '6.829'}
{'eval_loss': '0.4942', 'eval_runtime': '15.91', 'eval_samples_per_second': '274.5', 'eval_steps_per_second': '2.891', 'epoch': '6.829'}
{'loss': '0.5629', 'grad_norm': '46.51', 'learning_rate': '0.0002772', 'epoch': '7.805'}
{'eval_loss': '0.6168', 'eval_runtime': '15.91', 'eval_samples_per_second': '274.5', 'eval_steps_per_second': '2.891', 'epoch': '7.805'}
{'loss': '0.5366', 'grad_norm': '12.1', 'learning_rate': '0.0002674', 'epoch': '8.78'}
{'eval_loss': '0.482', 'eval_runtime': '15.92', 'eval_samples_per_second': '274.4', 'eval_steps_per_second': '2.89', 'epoch': '8.78'}
{'loss': '0.5207', 'grad_norm': '1.77', 'learning_rate': '0.000256', 'epoch': '9.756'}
{'eval_loss': '0.478', 'eval_runtime': '15.96', 'eval_samples_per_second': '273.7', 'eval_steps_per_second': '2.883', 'epoch': '9.756'}
{'loss': '0.5022', 'grad_norm': '2.351', 'learning_rate': '0.0002433', 'epoch': '10.73'}
{'eval_loss': '0.4542', 'eval_runtime': '15.93', 'eval_samples_per_second': '274.3', 'eval_steps_per_second': '2.888', 'epoch': '10.73'}
{'loss': '0.4928', 'grad_norm': '4.154', 'learning_rate': '0.0002294', 'epoch': '11.71'}
{'eval_loss': '0.4902', 'eval_runtime': '15.94', 'eval_samples_per_second': '274', 'eval_steps_per_second': '2.886', 'epoch': '11.71'}
{'loss': '0.479', 'grad_norm': '16.11', 'learning_rate': '0.0002145', 'epoch': '12.68'}
{'eval_loss': '0.447', 'eval_runtime': '15.92', 'eval_samples_per_second': '274.3', 'eval_steps_per_second': '2.889', 'epoch': '12.68'}
{'loss': '0.4665', 'grad_norm': '21.87', 'learning_rate': '0.0001987', 'epoch': '13.66'}
{'eval_loss': '0.4445', 'eval_runtime': '15.92', 'eval_samples_per_second': '274.4', 'eval_steps_per_second': '2.89', 'epoch': '13.66'}
{'loss': '0.4631', 'grad_norm': '25.36', 'learning_rate': '0.0001824', 'epoch': '14.63'}
{'eval_loss': '0.4721', 'eval_runtime': '15.92', 'eval_samples_per_second': '274.3', 'eval_steps_per_second': '2.889', 'epoch': '14.63'}
{'loss': '0.4514', 'grad_norm': '3.69', 'learning_rate': '0.0001656', 'epoch': '15.61'}
{'eval_loss': '0.4257', 'eval_runtime': '15.92', 'eval_samples_per_second': '274.4', 'eval_steps_per_second': '2.89', 'epoch': '15.61'}
{'loss': '0.4458', 'grad_norm': '20.21', 'learning_rate': '0.0001486', 'epoch': '16.59'}
{'eval_loss': '0.4466', 'eval_runtime': '15.93', 'eval_samples_per_second': '274.2', 'eval_steps_per_second': '2.888', 'epoch': '16.59'}
{'loss': '0.4354', 'grad_norm': '2.894', 'learning_rate': '0.0001316', 'epoch': '17.56'}
{'eval_loss': '0.3986', 'eval_runtime': '15.99', 'eval_samples_per_second': '273.2', 'eval_steps_per_second': '2.877', 'epoch': '17.56'}
{'loss': '0.4136', 'grad_norm': '7.133', 'learning_rate': '0.0001148', 'epoch': '18.54'}
{'eval_loss': '0.4275', 'eval_runtime': '16.01', 'eval_samples_per_second': '272.9', 'eval_steps_per_second': '2.874', 'epoch': '18.54'}
{'loss': '0.4033', 'grad_norm': '10.61', 'learning_rate': '9.854e-05', 'epoch': '19.51'}
{'eval_loss': '0.4393', 'eval_runtime': '15.91', 'eval_samples_per_second': '274.5', 'eval_steps_per_second': '2.89', 'epoch': '19.51'}
{'loss': '0.3897', 'grad_norm': '2.668', 'learning_rate': '8.291e-05', 'epoch': '20.49'}
{'eval_loss': '0.3675', 'eval_runtime': '16.01', 'eval_samples_per_second': '272.9', 'eval_steps_per_second': '2.874', 'epoch': '20.49'}
{'loss': '0.3744', 'grad_norm': '7.257', 'learning_rate': '6.814e-05', 'epoch': '21.46'}
{'eval_loss': '0.3418', 'eval_runtime': '16', 'eval_samples_per_second': '272.9', 'eval_steps_per_second': '2.874', 'epoch': '21.46'}
{'loss': '0.3563', 'grad_norm': '2.443', 'learning_rate': '5.443e-05', 'epoch': '22.44'}
{'eval_loss': '0.3308', 'eval_runtime': '16.05', 'eval_samples_per_second': '272.2', 'eval_steps_per_second': '2.867', 'epoch': '22.44'}
{'loss': '0.3379', 'grad_norm': '2.156', 'learning_rate': '4.195e-05', 'epoch': '23.41'}
{'eval_loss': '0.3368', 'eval_runtime': '16', 'eval_samples_per_second': '273', 'eval_steps_per_second': '2.875', 'epoch': '23.41'}
{'loss': '0.3246', 'grad_norm': '1.348', 'learning_rate': '3.086e-05', 'epoch': '24.39'}
{'eval_loss': '0.3131', 'eval_runtime': '15.96', 'eval_samples_per_second': '273.7', 'eval_steps_per_second': '2.883', 'epoch': '24.39'}
{'loss': '0.311', 'grad_norm': '1.929', 'learning_rate': '2.13e-05', 'epoch': '25.37'}
{'eval_loss': '0.2999', 'eval_runtime': '16.01', 'eval_samples_per_second': '272.9', 'eval_steps_per_second': '2.874', 'epoch': '25.37'}
{'loss': '0.301', 'grad_norm': '0.7711', 'learning_rate': '1.34e-05', 'epoch': '26.34'}
{'eval_loss': '0.2993', 'eval_runtime': '16.05', 'eval_samples_per_second': '272.1', 'eval_steps_per_second': '2.866', 'epoch': '26.34'}
{'loss': '0.2948', 'grad_norm': '2.34', 'learning_rate': '7.263e-06', 'epoch': '27.32'}
{'eval_loss': '0.2862', 'eval_runtime': '16.05', 'eval_samples_per_second': '272.2', 'eval_steps_per_second': '2.866', 'epoch': '27.32'}
{'loss': '0.2919', 'grad_norm': '1.552', 'learning_rate': '2.958e-06', 'epoch': '28.29'}
{'eval_loss': '0.2901', 'eval_runtime': '16', 'eval_samples_per_second': '273', 'eval_steps_per_second': '2.875', 'epoch': '28.29'}
{'loss': '0.2916', 'grad_norm': '0.9953', 'learning_rate': '5.469e-07', 'epoch': '29.27'}
{'eval_loss': '0.293', 'eval_runtime': '16', 'eval_samples_per_second': '273', 'eval_steps_per_second': '2.875', 'epoch': '29.27'}
{'eval_loss': '0.2912', 'eval_runtime': '16.02', 'eval_samples_per_second': '272.6', 'eval_steps_per_second': '2.871', 'epoch': '30'}
{'train_runtime': '1.303e+04', 'train_samples_per_second': '90.52', 'train_steps_per_second': '0.944', 'train_loss': '0.9763', 'epoch': '30'}
Evaluating (Mean Loss)...
Calculating per-sequence surprisals...
Fold 4 Evaluation per token: 0.2862
Fold 4 Entropy per sequence: 10.8780

--- Starting Fold 5/10 ---
Fold 5 sizes: Train=39314, Eval=4368
Loading tokenizer...
Found 68 POS tags: ['-LRB-', '-RRB-', 'ADD', 'ADJP', 'ADVP', 'AFX', 'CC', 'CD', 'CONJP', 'DT', 'EX', 'FRAG', 'FW', 'HYPH', 'IN', 'INTJ', 'JJ', 'JJR', 'JJS', 'LS', 'LST', 'MD', 'NFP', 'NML', 'NN', 'NNP', 'NNPS', 'NNS', 'NP', 'PDT', 'POS', 'PP', 'PRN', 'PRP', 'PRP$', 'PRT', 'QP', 'RB', 'RBR', 'RBS', 'ROOT', 'RP', 'RRC', 'S', 'SBAR', 'SBARQ', 'SINV', 'SQ', 'SYM', 'TO', 'UCP', 'UH', 'VB', 'VBD', 'VBG', 'VBN', 'VBP', 'VBZ', 'VP', 'WDT', 'WHADJP', 'WHADVP', 'WHNP', 'WHPP', 'WP', 'WP$', 'WRB', 'X']
Found 0 phrase labels: []
Adding manual additions: ( ) # $ . , ''
Preprocessing...
Token length per parse sequence: 38.1392
Initializing DualEncoder model...
Loading  weights...
Missing keys: ['prosody_encoder.pos_table', 'prosody_encoder.mag_table', 'prosody_encoder.transformer.layers.0.self_attn.in_proj_weight', 'prosody_encoder.transformer.layers.0.self_attn.in_proj_bias', 'prosody_encoder.transformer.layers.0.self_attn.out_proj.weight', 'prosody_encoder.transformer.layers.0.self_attn.out_proj.bias', 'prosody_encoder.transformer.layers.0.linear1.weight', 'prosody_encoder.transformer.layers.0.linear1.bias', 'prosody_encoder.transformer.layers.0.linear2.weight', 'prosody_encoder.transformer.layers.0.linear2.bias', 'prosody_encoder.transformer.layers.0.norm1.weight', 'prosody_encoder.transformer.layers.0.norm1.bias', 'prosody_encoder.transformer.layers.0.norm2.weight', 'prosody_encoder.transformer.layers.0.norm2.bias', 'prosody_encoder.transformer.layers.1.self_attn.in_proj_weight', 'prosody_encoder.transformer.layers.1.self_attn.in_proj_bias', 'prosody_encoder.transformer.layers.1.self_attn.out_proj.weight', 'prosody_encoder.transformer.layers.1.self_attn.out_proj.bias', 'prosody_encoder.transformer.layers.1.linear1.weight', 'prosody_encoder.transformer.layers.1.linear1.bias', 'prosody_encoder.transformer.layers.1.linear2.weight', 'prosody_encoder.transformer.layers.1.linear2.bias', 'prosody_encoder.transformer.layers.1.norm1.weight', 'prosody_encoder.transformer.layers.1.norm1.bias', 'prosody_encoder.transformer.layers.1.norm2.weight', 'prosody_encoder.transformer.layers.1.norm2.bias', 'prosody_encoder.up_proj.weight', 'prosody_encoder.up_proj.bias', 'prosody_up.weight', 'prosody_up.bias', 'cross_attn.in_proj_weight', 'cross_attn.in_proj_bias', 'cross_attn.out_proj.weight', 'cross_attn.out_proj.bias', 'fusion_layer_norm.weight', 'fusion_layer_norm.bias']
Unexpected keys: []
Re-initializing decoder layer, to be trained from scratch
Training...
{'loss': '14.52', 'grad_norm': '62.34', 'learning_rate': '9.732e-05', 'epoch': '0.9756'}
{'eval_loss': '1.852', 'eval_runtime': '16.1', 'eval_samples_per_second': '271.3', 'eval_steps_per_second': '2.857', 'epoch': '0.9756'}
{'loss': '1.924', 'grad_norm': '97.86', 'learning_rate': '0.0001949', 'epoch': '1.951'}
{'eval_loss': '2.049', 'eval_runtime': '15.97', 'eval_samples_per_second': '273.6', 'eval_steps_per_second': '2.881', 'epoch': '1.951'}
{'loss': '1.208', 'grad_norm': '110.3', 'learning_rate': '0.0002924', 'epoch': '2.927'}
{'eval_loss': '1.209', 'eval_runtime': '15.97', 'eval_samples_per_second': '273.6', 'eval_steps_per_second': '2.881', 'epoch': '2.927'}
{'loss': '0.8786', 'grad_norm': '43.69', 'learning_rate': '0.0002992', 'epoch': '3.902'}
{'eval_loss': '0.9221', 'eval_runtime': '16', 'eval_samples_per_second': '273', 'eval_steps_per_second': '2.875', 'epoch': '3.902'}
{'loss': '0.7052', 'grad_norm': '11.39', 'learning_rate': '0.0002964', 'epoch': '4.878'}
{'eval_loss': '0.5103', 'eval_runtime': '15.96', 'eval_samples_per_second': '273.7', 'eval_steps_per_second': '2.883', 'epoch': '4.878'}
{'loss': '0.6384', 'grad_norm': '2.62', 'learning_rate': '0.0002918', 'epoch': '5.854'}
{'eval_loss': '0.5111', 'eval_runtime': '15.96', 'eval_samples_per_second': '273.7', 'eval_steps_per_second': '2.883', 'epoch': '5.854'}
{'loss': '0.5865', 'grad_norm': '18.27', 'learning_rate': '0.0002854', 'epoch': '6.829'}
{'eval_loss': '0.5124', 'eval_runtime': '15.97', 'eval_samples_per_second': '273.5', 'eval_steps_per_second': '2.881', 'epoch': '6.829'}
{'loss': '0.5553', 'grad_norm': '15.52', 'learning_rate': '0.0002772', 'epoch': '7.805'}
{'eval_loss': '0.4851', 'eval_runtime': '15.95', 'eval_samples_per_second': '273.8', 'eval_steps_per_second': '2.884', 'epoch': '7.805'}
{'loss': '0.5383', 'grad_norm': '21.2', 'learning_rate': '0.0002674', 'epoch': '8.78'}
{'eval_loss': '0.5352', 'eval_runtime': '15.96', 'eval_samples_per_second': '273.6', 'eval_steps_per_second': '2.881', 'epoch': '8.78'}
{'loss': '0.5244', 'grad_norm': '3.337', 'learning_rate': '0.000256', 'epoch': '9.756'}
{'eval_loss': '0.48', 'eval_runtime': '15.94', 'eval_samples_per_second': '274.1', 'eval_steps_per_second': '2.886', 'epoch': '9.756'}
{'loss': '0.4928', 'grad_norm': '20.81', 'learning_rate': '0.0002433', 'epoch': '10.73'}
{'eval_loss': '0.6437', 'eval_runtime': '15.94', 'eval_samples_per_second': '274', 'eval_steps_per_second': '2.886', 'epoch': '10.73'}
{'loss': '0.4851', 'grad_norm': '10.95', 'learning_rate': '0.0002294', 'epoch': '11.71'}
{'eval_loss': '0.4394', 'eval_runtime': '15.97', 'eval_samples_per_second': '273.5', 'eval_steps_per_second': '2.88', 'epoch': '11.71'}
{'loss': '0.48', 'grad_norm': '13.04', 'learning_rate': '0.0002145', 'epoch': '12.68'}
{'eval_loss': '0.4429', 'eval_runtime': '15.96', 'eval_samples_per_second': '273.6', 'eval_steps_per_second': '2.882', 'epoch': '12.68'}
{'loss': '0.4594', 'grad_norm': '3.838', 'learning_rate': '0.0001987', 'epoch': '13.66'}
{'eval_loss': '0.4244', 'eval_runtime': '15.95', 'eval_samples_per_second': '273.8', 'eval_steps_per_second': '2.884', 'epoch': '13.66'}
{'loss': '0.4489', 'grad_norm': '5.292', 'learning_rate': '0.0001824', 'epoch': '14.63'}
{'eval_loss': '0.4096', 'eval_runtime': '15.96', 'eval_samples_per_second': '273.7', 'eval_steps_per_second': '2.882', 'epoch': '14.63'}
{'loss': '0.4412', 'grad_norm': '15.96', 'learning_rate': '0.0001656', 'epoch': '15.61'}
{'eval_loss': '0.4029', 'eval_runtime': '15.94', 'eval_samples_per_second': '274', 'eval_steps_per_second': '2.886', 'epoch': '15.61'}
{'loss': '0.4253', 'grad_norm': '8.409', 'learning_rate': '0.0001486', 'epoch': '16.59'}
{'eval_loss': '0.4088', 'eval_runtime': '15.96', 'eval_samples_per_second': '273.6', 'eval_steps_per_second': '2.882', 'epoch': '16.59'}
{'loss': '0.4069', 'grad_norm': '3.741', 'learning_rate': '0.0001316', 'epoch': '17.56'}
{'eval_loss': '0.367', 'eval_runtime': '15.96', 'eval_samples_per_second': '273.7', 'eval_steps_per_second': '2.882', 'epoch': '17.56'}
{'loss': '0.3845', 'grad_norm': '0.946', 'learning_rate': '0.0001148', 'epoch': '18.54'}
{'eval_loss': '0.3653', 'eval_runtime': '15.96', 'eval_samples_per_second': '273.6', 'eval_steps_per_second': '2.881', 'epoch': '18.54'}
{'loss': '0.3635', 'grad_norm': '5.392', 'learning_rate': '9.854e-05', 'epoch': '19.51'}
{'eval_loss': '0.3461', 'eval_runtime': '15.97', 'eval_samples_per_second': '273.5', 'eval_steps_per_second': '2.88', 'epoch': '19.51'}
{'loss': '0.3369', 'grad_norm': '6.711', 'learning_rate': '8.291e-05', 'epoch': '20.49'}
{'eval_loss': '0.2844', 'eval_runtime': '15.96', 'eval_samples_per_second': '273.7', 'eval_steps_per_second': '2.882', 'epoch': '20.49'}
{'loss': '0.312', 'grad_norm': '17.95', 'learning_rate': '6.814e-05', 'epoch': '21.46'}
{'eval_loss': '0.3595', 'eval_runtime': '15.98', 'eval_samples_per_second': '273.3', 'eval_steps_per_second': '2.878', 'epoch': '21.46'}
{'loss': '0.3046', 'grad_norm': '21.48', 'learning_rate': '5.443e-05', 'epoch': '22.44'}
{'eval_loss': '0.387', 'eval_runtime': '15.94', 'eval_samples_per_second': '274', 'eval_steps_per_second': '2.885', 'epoch': '22.44'}
{'loss': '0.2768', 'grad_norm': '0.8069', 'learning_rate': '4.195e-05', 'epoch': '23.41'}
{'eval_loss': '0.252', 'eval_runtime': '15.95', 'eval_samples_per_second': '273.8', 'eval_steps_per_second': '2.884', 'epoch': '23.41'}
{'loss': '0.2567', 'grad_norm': '2.855', 'learning_rate': '3.086e-05', 'epoch': '24.39'}
{'eval_loss': '0.2391', 'eval_runtime': '15.95', 'eval_samples_per_second': '273.9', 'eval_steps_per_second': '2.884', 'epoch': '24.39'}
{'loss': '0.2429', 'grad_norm': '2.023', 'learning_rate': '2.13e-05', 'epoch': '25.37'}
{'eval_loss': '0.2454', 'eval_runtime': '15.97', 'eval_samples_per_second': '273.6', 'eval_steps_per_second': '2.881', 'epoch': '25.37'}
{'loss': '0.2334', 'grad_norm': '2.563', 'learning_rate': '1.34e-05', 'epoch': '26.34'}
{'eval_loss': '0.2482', 'eval_runtime': '15.97', 'eval_samples_per_second': '273.6', 'eval_steps_per_second': '2.881', 'epoch': '26.34'}
{'loss': '0.2273', 'grad_norm': '1.942', 'learning_rate': '7.263e-06', 'epoch': '27.32'}
{'eval_loss': '0.2477', 'eval_runtime': '15.96', 'eval_samples_per_second': '273.7', 'eval_steps_per_second': '2.883', 'epoch': '27.32'}
{'loss': '0.2237', 'grad_norm': '0.5854', 'learning_rate': '2.958e-06', 'epoch': '28.29'}
{'eval_loss': '0.2446', 'eval_runtime': '15.94', 'eval_samples_per_second': '274', 'eval_steps_per_second': '2.885', 'epoch': '28.29'}
{'loss': '0.2229', 'grad_norm': '0.4687', 'learning_rate': '5.469e-07', 'epoch': '29.27'}
{'eval_loss': '0.2446', 'eval_runtime': '15.94', 'eval_samples_per_second': '274.1', 'eval_steps_per_second': '2.887', 'epoch': '29.27'}
{'train_runtime': '1.267e+04', 'train_samples_per_second': '93.1', 'train_steps_per_second': '0.971', 'train_loss': '0.97', 'epoch': '29.27'}
Evaluating (Mean Loss)...
Calculating per-sequence surprisals...
Fold 5 Evaluation per token: 0.2391
Fold 5 Entropy per sequence: 9.1184

--- Starting Fold 6/10 ---
Fold 6 sizes: Train=39314, Eval=4368
Loading tokenizer...
Found 68 POS tags: ['-LRB-', '-RRB-', 'ADD', 'ADJP', 'ADVP', 'AFX', 'CC', 'CD', 'CONJP', 'DT', 'EX', 'FRAG', 'FW', 'HYPH', 'IN', 'INTJ', 'JJ', 'JJR', 'JJS', 'LS', 'LST', 'MD', 'NFP', 'NML', 'NN', 'NNP', 'NNPS', 'NNS', 'NP', 'PDT', 'POS', 'PP', 'PRN', 'PRP', 'PRP$', 'PRT', 'QP', 'RB', 'RBR', 'RBS', 'ROOT', 'RP', 'RRC', 'S', 'SBAR', 'SBARQ', 'SINV', 'SQ', 'SYM', 'TO', 'UCP', 'UH', 'VB', 'VBD', 'VBG', 'VBN', 'VBP', 'VBZ', 'VP', 'WDT', 'WHADJP', 'WHADVP', 'WHNP', 'WHPP', 'WP', 'WP$', 'WRB', 'X']
Found 0 phrase labels: []
Adding manual additions: ( ) # $ . , ''
Preprocessing...
Token length per parse sequence: 38.0298
Initializing DualEncoder model...
Loading  weights...
Missing keys: ['prosody_encoder.pos_table', 'prosody_encoder.mag_table', 'prosody_encoder.transformer.layers.0.self_attn.in_proj_weight', 'prosody_encoder.transformer.layers.0.self_attn.in_proj_bias', 'prosody_encoder.transformer.layers.0.self_attn.out_proj.weight', 'prosody_encoder.transformer.layers.0.self_attn.out_proj.bias', 'prosody_encoder.transformer.layers.0.linear1.weight', 'prosody_encoder.transformer.layers.0.linear1.bias', 'prosody_encoder.transformer.layers.0.linear2.weight', 'prosody_encoder.transformer.layers.0.linear2.bias', 'prosody_encoder.transformer.layers.0.norm1.weight', 'prosody_encoder.transformer.layers.0.norm1.bias', 'prosody_encoder.transformer.layers.0.norm2.weight', 'prosody_encoder.transformer.layers.0.norm2.bias', 'prosody_encoder.transformer.layers.1.self_attn.in_proj_weight', 'prosody_encoder.transformer.layers.1.self_attn.in_proj_bias', 'prosody_encoder.transformer.layers.1.self_attn.out_proj.weight', 'prosody_encoder.transformer.layers.1.self_attn.out_proj.bias', 'prosody_encoder.transformer.layers.1.linear1.weight', 'prosody_encoder.transformer.layers.1.linear1.bias', 'prosody_encoder.transformer.layers.1.linear2.weight', 'prosody_encoder.transformer.layers.1.linear2.bias', 'prosody_encoder.transformer.layers.1.norm1.weight', 'prosody_encoder.transformer.layers.1.norm1.bias', 'prosody_encoder.transformer.layers.1.norm2.weight', 'prosody_encoder.transformer.layers.1.norm2.bias', 'prosody_encoder.up_proj.weight', 'prosody_encoder.up_proj.bias', 'prosody_up.weight', 'prosody_up.bias', 'cross_attn.in_proj_weight', 'cross_attn.in_proj_bias', 'cross_attn.out_proj.weight', 'cross_attn.out_proj.bias', 'fusion_layer_norm.weight', 'fusion_layer_norm.bias']
Unexpected keys: []
Re-initializing decoder layer, to be trained from scratch
Training...
{'loss': '15.42', 'grad_norm': '82.1', 'learning_rate': '9.732e-05', 'epoch': '0.9756'}
{'eval_loss': '1.139', 'eval_runtime': '15.93', 'eval_samples_per_second': '274.1', 'eval_steps_per_second': '2.887', 'epoch': '0.9756'}
{'loss': '1.868', 'grad_norm': '31.78', 'learning_rate': '0.0001949', 'epoch': '1.951'}
{'eval_loss': '1.608', 'eval_runtime': '16.04', 'eval_samples_per_second': '272.3', 'eval_steps_per_second': '2.868', 'epoch': '1.951'}
{'loss': '1.262', 'grad_norm': '19.72', 'learning_rate': '0.0002924', 'epoch': '2.927'}
{'eval_loss': '0.8917', 'eval_runtime': '16.33', 'eval_samples_per_second': '267.4', 'eval_steps_per_second': '2.816', 'epoch': '2.927'}
{'loss': '0.8599', 'grad_norm': '26.06', 'learning_rate': '0.0002992', 'epoch': '3.902'}
{'eval_loss': '0.5887', 'eval_runtime': '16.15', 'eval_samples_per_second': '270.5', 'eval_steps_per_second': '2.849', 'epoch': '3.902'}
{'loss': '0.6548', 'grad_norm': '30.61', 'learning_rate': '0.0002964', 'epoch': '4.878'}
{'eval_loss': '0.5659', 'eval_runtime': '15.97', 'eval_samples_per_second': '273.6', 'eval_steps_per_second': '2.881', 'epoch': '4.878'}
{'loss': '0.6475', 'grad_norm': '3.273', 'learning_rate': '0.0002918', 'epoch': '5.854'}
{'eval_loss': '0.5261', 'eval_runtime': '16.14', 'eval_samples_per_second': '270.6', 'eval_steps_per_second': '2.849', 'epoch': '5.854'}
{'loss': '0.5733', 'grad_norm': '7.795', 'learning_rate': '0.0002854', 'epoch': '6.829'}
{'eval_loss': '0.4928', 'eval_runtime': '15.96', 'eval_samples_per_second': '273.6', 'eval_steps_per_second': '2.882', 'epoch': '6.829'}
{'loss': '0.5517', 'grad_norm': '5.786', 'learning_rate': '0.0002772', 'epoch': '7.805'}
{'eval_loss': '0.5063', 'eval_runtime': '15.97', 'eval_samples_per_second': '273.6', 'eval_steps_per_second': '2.881', 'epoch': '7.805'}
{'loss': '0.5215', 'grad_norm': '15.13', 'learning_rate': '0.0002674', 'epoch': '8.78'}
{'eval_loss': '0.5289', 'eval_runtime': '16.41', 'eval_samples_per_second': '266.2', 'eval_steps_per_second': '2.804', 'epoch': '8.78'}
{'loss': '0.5113', 'grad_norm': '6.066', 'learning_rate': '0.000256', 'epoch': '9.756'}
{'eval_loss': '0.4817', 'eval_runtime': '15.96', 'eval_samples_per_second': '273.7', 'eval_steps_per_second': '2.883', 'epoch': '9.756'}
{'loss': '0.4893', 'grad_norm': '5.82', 'learning_rate': '0.0002433', 'epoch': '10.73'}
{'eval_loss': '0.4465', 'eval_runtime': '15.98', 'eval_samples_per_second': '273.4', 'eval_steps_per_second': '2.879', 'epoch': '10.73'}
{'loss': '0.4766', 'grad_norm': '0.4669', 'learning_rate': '0.0002294', 'epoch': '11.71'}
{'eval_loss': '0.4401', 'eval_runtime': '15.97', 'eval_samples_per_second': '273.5', 'eval_steps_per_second': '2.88', 'epoch': '11.71'}
{'loss': '0.4659', 'grad_norm': '35.5', 'learning_rate': '0.0002145', 'epoch': '12.68'}
{'eval_loss': '0.5118', 'eval_runtime': '15.97', 'eval_samples_per_second': '273.5', 'eval_steps_per_second': '2.88', 'epoch': '12.68'}
{'loss': '0.4493', 'grad_norm': '0.9087', 'learning_rate': '0.0001987', 'epoch': '13.66'}
{'eval_loss': '0.4509', 'eval_runtime': '15.96', 'eval_samples_per_second': '273.6', 'eval_steps_per_second': '2.882', 'epoch': '13.66'}
{'loss': '0.436', 'grad_norm': '14.04', 'learning_rate': '0.0001824', 'epoch': '14.63'}
{'eval_loss': '0.4233', 'eval_runtime': '15.96', 'eval_samples_per_second': '273.8', 'eval_steps_per_second': '2.883', 'epoch': '14.63'}
{'loss': '0.4166', 'grad_norm': '31.59', 'learning_rate': '0.0001656', 'epoch': '15.61'}
{'eval_loss': '0.4156', 'eval_runtime': '16.25', 'eval_samples_per_second': '268.9', 'eval_steps_per_second': '2.832', 'epoch': '15.61'}
{'loss': '0.3949', 'grad_norm': '9.313', 'learning_rate': '0.0001486', 'epoch': '16.59'}
{'eval_loss': '0.4155', 'eval_runtime': '15.97', 'eval_samples_per_second': '273.6', 'eval_steps_per_second': '2.881', 'epoch': '16.59'}
{'loss': '0.3768', 'grad_norm': '5.776', 'learning_rate': '0.0001316', 'epoch': '17.56'}
{'eval_loss': '0.3748', 'eval_runtime': '16.32', 'eval_samples_per_second': '267.7', 'eval_steps_per_second': '2.819', 'epoch': '17.56'}
{'loss': '0.3498', 'grad_norm': '0.5225', 'learning_rate': '0.0001148', 'epoch': '18.54'}
{'eval_loss': '0.309', 'eval_runtime': '15.93', 'eval_samples_per_second': '274.2', 'eval_steps_per_second': '2.887', 'epoch': '18.54'}
{'loss': '0.3223', 'grad_norm': '1.514', 'learning_rate': '9.854e-05', 'epoch': '19.51'}
{'eval_loss': '0.2847', 'eval_runtime': '16.05', 'eval_samples_per_second': '272.1', 'eval_steps_per_second': '2.865', 'epoch': '19.51'}
{'loss': '0.2922', 'grad_norm': '1.591', 'learning_rate': '8.291e-05', 'epoch': '20.49'}
{'eval_loss': '0.2631', 'eval_runtime': '15.95', 'eval_samples_per_second': '273.8', 'eval_steps_per_second': '2.883', 'epoch': '20.49'}
{'loss': '0.2747', 'grad_norm': '5.022', 'learning_rate': '6.814e-05', 'epoch': '21.46'}
{'eval_loss': '0.2646', 'eval_runtime': '15.93', 'eval_samples_per_second': '274.1', 'eval_steps_per_second': '2.887', 'epoch': '21.46'}
{'loss': '0.247', 'grad_norm': '1.596', 'learning_rate': '5.443e-05', 'epoch': '22.44'}
{'eval_loss': '0.2449', 'eval_runtime': '15.93', 'eval_samples_per_second': '274.1', 'eval_steps_per_second': '2.887', 'epoch': '22.44'}
{'loss': '0.2308', 'grad_norm': '1.304', 'learning_rate': '4.195e-05', 'epoch': '23.41'}
{'eval_loss': '0.2487', 'eval_runtime': '16.1', 'eval_samples_per_second': '271.3', 'eval_steps_per_second': '2.857', 'epoch': '23.41'}
{'loss': '0.2152', 'grad_norm': '1.19', 'learning_rate': '3.086e-05', 'epoch': '24.39'}
{'eval_loss': '0.252', 'eval_runtime': '15.95', 'eval_samples_per_second': '273.8', 'eval_steps_per_second': '2.884', 'epoch': '24.39'}
{'loss': '0.2066', 'grad_norm': '1.325', 'learning_rate': '2.13e-05', 'epoch': '25.37'}
{'eval_loss': '0.2394', 'eval_runtime': '15.94', 'eval_samples_per_second': '274', 'eval_steps_per_second': '2.886', 'epoch': '25.37'}
{'loss': '0.1991', 'grad_norm': '0.6065', 'learning_rate': '1.34e-05', 'epoch': '26.34'}
{'eval_loss': '0.2465', 'eval_runtime': '15.95', 'eval_samples_per_second': '273.9', 'eval_steps_per_second': '2.884', 'epoch': '26.34'}
{'loss': '0.1953', 'grad_norm': '0.4824', 'learning_rate': '7.263e-06', 'epoch': '27.32'}
{'eval_loss': '0.236', 'eval_runtime': '15.95', 'eval_samples_per_second': '273.8', 'eval_steps_per_second': '2.883', 'epoch': '27.32'}
{'loss': '0.1929', 'grad_norm': '0.9702', 'learning_rate': '2.958e-06', 'epoch': '28.29'}
{'eval_loss': '0.2327', 'eval_runtime': '15.92', 'eval_samples_per_second': '274.4', 'eval_steps_per_second': '2.89', 'epoch': '28.29'}
{'loss': '0.1906', 'grad_norm': '2.607', 'learning_rate': '5.469e-07', 'epoch': '29.27'}
{'eval_loss': '0.2349', 'eval_runtime': '15.94', 'eval_samples_per_second': '274', 'eval_steps_per_second': '2.885', 'epoch': '29.27'}
{'eval_loss': '0.2374', 'eval_runtime': '15.96', 'eval_samples_per_second': '273.7', 'eval_steps_per_second': '2.882', 'epoch': '30'}
{'train_runtime': '1.31e+04', 'train_samples_per_second': '90.06', 'train_steps_per_second': '0.939', 'train_loss': '0.9572', 'epoch': '30'}
Evaluating (Mean Loss)...
Calculating per-sequence surprisals...
Fold 6 Evaluation per token: 0.2327
Fold 6 Entropy per sequence: 8.8488

--- Starting Fold 7/10 ---
Fold 7 sizes: Train=39314, Eval=4368
Loading tokenizer...
Found 68 POS tags: ['-LRB-', '-RRB-', 'ADD', 'ADJP', 'ADVP', 'AFX', 'CC', 'CD', 'CONJP', 'DT', 'EX', 'FRAG', 'FW', 'HYPH', 'IN', 'INTJ', 'JJ', 'JJR', 'JJS', 'LS', 'LST', 'MD', 'NFP', 'NML', 'NN', 'NNP', 'NNPS', 'NNS', 'NP', 'PDT', 'POS', 'PP', 'PRN', 'PRP', 'PRP$', 'PRT', 'QP', 'RB', 'RBR', 'RBS', 'ROOT', 'RP', 'RRC', 'S', 'SBAR', 'SBARQ', 'SINV', 'SQ', 'SYM', 'TO', 'UCP', 'UH', 'VB', 'VBD', 'VBG', 'VBN', 'VBP', 'VBZ', 'VP', 'WDT', 'WHADJP', 'WHADVP', 'WHNP', 'WHPP', 'WP', 'WP$', 'WRB', 'X']
Found 0 phrase labels: []
Adding manual additions: ( ) # $ . , ''
Preprocessing...
Token length per parse sequence: 37.9185
Initializing DualEncoder model...
Loading  weights...
Missing keys: ['prosody_encoder.pos_table', 'prosody_encoder.mag_table', 'prosody_encoder.transformer.layers.0.self_attn.in_proj_weight', 'prosody_encoder.transformer.layers.0.self_attn.in_proj_bias', 'prosody_encoder.transformer.layers.0.self_attn.out_proj.weight', 'prosody_encoder.transformer.layers.0.self_attn.out_proj.bias', 'prosody_encoder.transformer.layers.0.linear1.weight', 'prosody_encoder.transformer.layers.0.linear1.bias', 'prosody_encoder.transformer.layers.0.linear2.weight', 'prosody_encoder.transformer.layers.0.linear2.bias', 'prosody_encoder.transformer.layers.0.norm1.weight', 'prosody_encoder.transformer.layers.0.norm1.bias', 'prosody_encoder.transformer.layers.0.norm2.weight', 'prosody_encoder.transformer.layers.0.norm2.bias', 'prosody_encoder.transformer.layers.1.self_attn.in_proj_weight', 'prosody_encoder.transformer.layers.1.self_attn.in_proj_bias', 'prosody_encoder.transformer.layers.1.self_attn.out_proj.weight', 'prosody_encoder.transformer.layers.1.self_attn.out_proj.bias', 'prosody_encoder.transformer.layers.1.linear1.weight', 'prosody_encoder.transformer.layers.1.linear1.bias', 'prosody_encoder.transformer.layers.1.linear2.weight', 'prosody_encoder.transformer.layers.1.linear2.bias', 'prosody_encoder.transformer.layers.1.norm1.weight', 'prosody_encoder.transformer.layers.1.norm1.bias', 'prosody_encoder.transformer.layers.1.norm2.weight', 'prosody_encoder.transformer.layers.1.norm2.bias', 'prosody_encoder.up_proj.weight', 'prosody_encoder.up_proj.bias', 'prosody_up.weight', 'prosody_up.bias', 'cross_attn.in_proj_weight', 'cross_attn.in_proj_bias', 'cross_attn.out_proj.weight', 'cross_attn.out_proj.bias', 'fusion_layer_norm.weight', 'fusion_layer_norm.bias']
Unexpected keys: []
Re-initializing decoder layer, to be trained from scratch
Training...
{'loss': '14.52', 'grad_norm': '52.24', 'learning_rate': '9.732e-05', 'epoch': '0.9756'}
{'eval_loss': '1.16', 'eval_runtime': '15.95', 'eval_samples_per_second': '273.9', 'eval_steps_per_second': '2.884', 'epoch': '0.9756'}
{'loss': '1.68', 'grad_norm': '81.86', 'learning_rate': '0.0001949', 'epoch': '1.951'}
{'eval_loss': '0.7363', 'eval_runtime': '15.95', 'eval_samples_per_second': '273.9', 'eval_steps_per_second': '2.884', 'epoch': '1.951'}
{'loss': '1.128', 'grad_norm': '16.75', 'learning_rate': '0.0002924', 'epoch': '2.927'}
{'eval_loss': '0.5872', 'eval_runtime': '15.93', 'eval_samples_per_second': '274.2', 'eval_steps_per_second': '2.888', 'epoch': '2.927'}
{'loss': '0.8772', 'grad_norm': '70.21', 'learning_rate': '0.0002992', 'epoch': '3.902'}
{'eval_loss': '1.309', 'eval_runtime': '15.94', 'eval_samples_per_second': '274', 'eval_steps_per_second': '2.886', 'epoch': '3.902'}
{'loss': '0.7521', 'grad_norm': '46.42', 'learning_rate': '0.0002964', 'epoch': '4.878'}
{'eval_loss': '0.6073', 'eval_runtime': '15.94', 'eval_samples_per_second': '274', 'eval_steps_per_second': '2.886', 'epoch': '4.878'}
{'loss': '0.6018', 'grad_norm': '1.731', 'learning_rate': '0.0002918', 'epoch': '5.854'}
{'eval_loss': '0.5379', 'eval_runtime': '15.96', 'eval_samples_per_second': '273.7', 'eval_steps_per_second': '2.883', 'epoch': '5.854'}
{'loss': '0.5463', 'grad_norm': '12.76', 'learning_rate': '0.0002854', 'epoch': '6.829'}
{'eval_loss': '0.475', 'eval_runtime': '15.96', 'eval_samples_per_second': '273.7', 'eval_steps_per_second': '2.882', 'epoch': '6.829'}
{'loss': '0.5469', 'grad_norm': '14.47', 'learning_rate': '0.0002772', 'epoch': '7.805'}
{'eval_loss': '0.4973', 'eval_runtime': '15.97', 'eval_samples_per_second': '273.6', 'eval_steps_per_second': '2.881', 'epoch': '7.805'}
{'loss': '0.5102', 'grad_norm': '30.5', 'learning_rate': '0.0002674', 'epoch': '8.78'}
{'eval_loss': '0.5773', 'eval_runtime': '17.74', 'eval_samples_per_second': '246.2', 'eval_steps_per_second': '2.593', 'epoch': '8.78'}
{'loss': '0.5012', 'grad_norm': '23.65', 'learning_rate': '0.000256', 'epoch': '9.756'}
{'eval_loss': '0.4769', 'eval_runtime': '16', 'eval_samples_per_second': '273.1', 'eval_steps_per_second': '2.876', 'epoch': '9.756'}
{'loss': '0.4904', 'grad_norm': '2.462', 'learning_rate': '0.0002433', 'epoch': '10.73'}
{'eval_loss': '0.4524', 'eval_runtime': '15.96', 'eval_samples_per_second': '273.7', 'eval_steps_per_second': '2.882', 'epoch': '10.73'}
{'loss': '0.471', 'grad_norm': '11.44', 'learning_rate': '0.0002294', 'epoch': '11.71'}
{'eval_loss': '0.4966', 'eval_runtime': '15.96', 'eval_samples_per_second': '273.6', 'eval_steps_per_second': '2.881', 'epoch': '11.71'}
{'loss': '0.4731', 'grad_norm': '5.686', 'learning_rate': '0.0002145', 'epoch': '12.68'}
{'eval_loss': '0.4652', 'eval_runtime': '15.97', 'eval_samples_per_second': '273.5', 'eval_steps_per_second': '2.88', 'epoch': '12.68'}
{'loss': '0.459', 'grad_norm': '22.36', 'learning_rate': '0.0001987', 'epoch': '13.66'}
{'eval_loss': '0.4694', 'eval_runtime': '15.99', 'eval_samples_per_second': '273.2', 'eval_steps_per_second': '2.877', 'epoch': '13.66'}
{'loss': '0.4482', 'grad_norm': '3.852', 'learning_rate': '0.0001824', 'epoch': '14.63'}
{'eval_loss': '0.4092', 'eval_runtime': '15.96', 'eval_samples_per_second': '273.6', 'eval_steps_per_second': '2.882', 'epoch': '14.63'}
{'loss': '0.4468', 'grad_norm': '9.895', 'learning_rate': '0.0001656', 'epoch': '15.61'}
{'eval_loss': '0.4322', 'eval_runtime': '15.96', 'eval_samples_per_second': '273.7', 'eval_steps_per_second': '2.882', 'epoch': '15.61'}
{'loss': '0.4303', 'grad_norm': '4.924', 'learning_rate': '0.0001486', 'epoch': '16.59'}
{'eval_loss': '0.4044', 'eval_runtime': '15.94', 'eval_samples_per_second': '274', 'eval_steps_per_second': '2.885', 'epoch': '16.59'}
{'loss': '0.4234', 'grad_norm': '3.191', 'learning_rate': '0.0001316', 'epoch': '17.56'}
{'eval_loss': '0.4004', 'eval_runtime': '15.94', 'eval_samples_per_second': '274', 'eval_steps_per_second': '2.886', 'epoch': '17.56'}
{'loss': '0.4089', 'grad_norm': '13.04', 'learning_rate': '0.0001148', 'epoch': '18.54'}
{'eval_loss': '0.3931', 'eval_runtime': '15.97', 'eval_samples_per_second': '273.6', 'eval_steps_per_second': '2.881', 'epoch': '18.54'}
{'loss': '0.3943', 'grad_norm': '8.001', 'learning_rate': '9.854e-05', 'epoch': '19.51'}
{'eval_loss': '0.3756', 'eval_runtime': '15.96', 'eval_samples_per_second': '273.7', 'eval_steps_per_second': '2.882', 'epoch': '19.51'}
{'loss': '0.3842', 'grad_norm': '13.25', 'learning_rate': '8.291e-05', 'epoch': '20.49'}
{'eval_loss': '0.3683', 'eval_runtime': '15.95', 'eval_samples_per_second': '273.8', 'eval_steps_per_second': '2.883', 'epoch': '20.49'}
{'loss': '0.3752', 'grad_norm': '17.5', 'learning_rate': '6.814e-05', 'epoch': '21.46'}
{'eval_loss': '0.3488', 'eval_runtime': '16.03', 'eval_samples_per_second': '272.5', 'eval_steps_per_second': '2.87', 'epoch': '21.46'}
{'loss': '0.3606', 'grad_norm': '1.829', 'learning_rate': '5.443e-05', 'epoch': '22.44'}
{'eval_loss': '0.3466', 'eval_runtime': '15.96', 'eval_samples_per_second': '273.6', 'eval_steps_per_second': '2.881', 'epoch': '22.44'}
{'loss': '0.3465', 'grad_norm': '4.8', 'learning_rate': '4.195e-05', 'epoch': '23.41'}
{'eval_loss': '0.3487', 'eval_runtime': '15.95', 'eval_samples_per_second': '273.8', 'eval_steps_per_second': '2.884', 'epoch': '23.41'}
{'loss': '0.333', 'grad_norm': '3.675', 'learning_rate': '3.086e-05', 'epoch': '24.39'}
{'eval_loss': '0.3528', 'eval_runtime': '15.95', 'eval_samples_per_second': '273.8', 'eval_steps_per_second': '2.883', 'epoch': '24.39'}
{'loss': '0.3238', 'grad_norm': '4.416', 'learning_rate': '2.13e-05', 'epoch': '25.37'}
{'eval_loss': '0.3269', 'eval_runtime': '15.97', 'eval_samples_per_second': '273.5', 'eval_steps_per_second': '2.88', 'epoch': '25.37'}
{'loss': '0.3136', 'grad_norm': '0.7356', 'learning_rate': '1.34e-05', 'epoch': '26.34'}
{'eval_loss': '0.3149', 'eval_runtime': '15.96', 'eval_samples_per_second': '273.7', 'eval_steps_per_second': '2.882', 'epoch': '26.34'}
{'loss': '0.307', 'grad_norm': '0.7421', 'learning_rate': '7.263e-06', 'epoch': '27.32'}
{'eval_loss': '0.3173', 'eval_runtime': '15.95', 'eval_samples_per_second': '273.9', 'eval_steps_per_second': '2.885', 'epoch': '27.32'}
{'loss': '0.303', 'grad_norm': '0.6995', 'learning_rate': '2.958e-06', 'epoch': '28.29'}
{'eval_loss': '0.3164', 'eval_runtime': '15.94', 'eval_samples_per_second': '274', 'eval_steps_per_second': '2.885', 'epoch': '28.29'}
{'loss': '0.3034', 'grad_norm': '2.329', 'learning_rate': '5.469e-07', 'epoch': '29.27'}
{'eval_loss': '0.3158', 'eval_runtime': '15.95', 'eval_samples_per_second': '273.8', 'eval_steps_per_second': '2.884', 'epoch': '29.27'}
{'eval_loss': '0.3151', 'eval_runtime': '15.95', 'eval_samples_per_second': '273.9', 'eval_steps_per_second': '2.885', 'epoch': '30'}
{'train_runtime': '1.316e+04', 'train_samples_per_second': '89.61', 'train_steps_per_second': '0.934', 'train_loss': '0.9654', 'epoch': '30'}
Evaluating (Mean Loss)...
Calculating per-sequence surprisals...
Fold 7 Evaluation per token: 0.3149
Fold 7 Entropy per sequence: 11.9420

--- Starting Fold 8/10 ---
Fold 8 sizes: Train=39314, Eval=4368
Loading tokenizer...
Found 68 POS tags: ['-LRB-', '-RRB-', 'ADD', 'ADJP', 'ADVP', 'AFX', 'CC', 'CD', 'CONJP', 'DT', 'EX', 'FRAG', 'FW', 'HYPH', 'IN', 'INTJ', 'JJ', 'JJR', 'JJS', 'LS', 'LST', 'MD', 'NFP', 'NML', 'NN', 'NNP', 'NNPS', 'NNS', 'NP', 'PDT', 'POS', 'PP', 'PRN', 'PRP', 'PRP$', 'PRT', 'QP', 'RB', 'RBR', 'RBS', 'ROOT', 'RP', 'RRC', 'S', 'SBAR', 'SBARQ', 'SINV', 'SQ', 'SYM', 'TO', 'UCP', 'UH', 'VB', 'VBD', 'VBG', 'VBN', 'VBP', 'VBZ', 'VP', 'WDT', 'WHADJP', 'WHADVP', 'WHNP', 'WHPP', 'WP', 'WP$', 'WRB', 'X']
Found 0 phrase labels: []
Adding manual additions: ( ) # $ . , ''
Preprocessing...
Token length per parse sequence: 37.2166
Initializing DualEncoder model...
Loading  weights...
Missing keys: ['prosody_encoder.pos_table', 'prosody_encoder.mag_table', 'prosody_encoder.transformer.layers.0.self_attn.in_proj_weight', 'prosody_encoder.transformer.layers.0.self_attn.in_proj_bias', 'prosody_encoder.transformer.layers.0.self_attn.out_proj.weight', 'prosody_encoder.transformer.layers.0.self_attn.out_proj.bias', 'prosody_encoder.transformer.layers.0.linear1.weight', 'prosody_encoder.transformer.layers.0.linear1.bias', 'prosody_encoder.transformer.layers.0.linear2.weight', 'prosody_encoder.transformer.layers.0.linear2.bias', 'prosody_encoder.transformer.layers.0.norm1.weight', 'prosody_encoder.transformer.layers.0.norm1.bias', 'prosody_encoder.transformer.layers.0.norm2.weight', 'prosody_encoder.transformer.layers.0.norm2.bias', 'prosody_encoder.transformer.layers.1.self_attn.in_proj_weight', 'prosody_encoder.transformer.layers.1.self_attn.in_proj_bias', 'prosody_encoder.transformer.layers.1.self_attn.out_proj.weight', 'prosody_encoder.transformer.layers.1.self_attn.out_proj.bias', 'prosody_encoder.transformer.layers.1.linear1.weight', 'prosody_encoder.transformer.layers.1.linear1.bias', 'prosody_encoder.transformer.layers.1.linear2.weight', 'prosody_encoder.transformer.layers.1.linear2.bias', 'prosody_encoder.transformer.layers.1.norm1.weight', 'prosody_encoder.transformer.layers.1.norm1.bias', 'prosody_encoder.transformer.layers.1.norm2.weight', 'prosody_encoder.transformer.layers.1.norm2.bias', 'prosody_encoder.up_proj.weight', 'prosody_encoder.up_proj.bias', 'prosody_up.weight', 'prosody_up.bias', 'cross_attn.in_proj_weight', 'cross_attn.in_proj_bias', 'cross_attn.out_proj.weight', 'cross_attn.out_proj.bias', 'fusion_layer_norm.weight', 'fusion_layer_norm.bias']
Unexpected keys: []
Re-initializing decoder layer, to be trained from scratch
Training...
{'loss': '14.72', 'grad_norm': '68.76', 'learning_rate': '9.732e-05', 'epoch': '0.9756'}
{'eval_loss': '1.016', 'eval_runtime': '15.96', 'eval_samples_per_second': '273.7', 'eval_steps_per_second': '2.882', 'epoch': '0.9756'}
{'loss': '1.75', 'grad_norm': '32.44', 'learning_rate': '0.0001949', 'epoch': '1.951'}
{'eval_loss': '1.146', 'eval_runtime': '15.96', 'eval_samples_per_second': '273.7', 'eval_steps_per_second': '2.882', 'epoch': '1.951'}
{'loss': '1.215', 'grad_norm': '6.713', 'learning_rate': '0.0002924', 'epoch': '2.927'}
{'eval_loss': '1.123', 'eval_runtime': '15.95', 'eval_samples_per_second': '273.9', 'eval_steps_per_second': '2.885', 'epoch': '2.927'}
{'loss': '0.9044', 'grad_norm': '64.5', 'learning_rate': '0.0002992', 'epoch': '3.902'}
{'eval_loss': '1.111', 'eval_runtime': '15.95', 'eval_samples_per_second': '273.9', 'eval_steps_per_second': '2.884', 'epoch': '3.902'}
{'loss': '0.7011', 'grad_norm': '3.241', 'learning_rate': '0.0002964', 'epoch': '4.878'}
{'eval_loss': '0.5446', 'eval_runtime': '15.97', 'eval_samples_per_second': '273.4', 'eval_steps_per_second': '2.88', 'epoch': '4.878'}
{'loss': '0.6163', 'grad_norm': '11.53', 'learning_rate': '0.0002918', 'epoch': '5.854'}
{'eval_loss': '0.4819', 'eval_runtime': '16', 'eval_samples_per_second': '273', 'eval_steps_per_second': '2.875', 'epoch': '5.854'}
{'loss': '0.5955', 'grad_norm': '20.16', 'learning_rate': '0.0002854', 'epoch': '6.829'}
{'eval_loss': '0.4982', 'eval_runtime': '15.97', 'eval_samples_per_second': '273.6', 'eval_steps_per_second': '2.881', 'epoch': '6.829'}
{'loss': '0.5661', 'grad_norm': '5.127', 'learning_rate': '0.0002772', 'epoch': '7.805'}
{'eval_loss': '0.482', 'eval_runtime': '16.05', 'eval_samples_per_second': '272.1', 'eval_steps_per_second': '2.866', 'epoch': '7.805'}
{'loss': '0.5341', 'grad_norm': '5.652', 'learning_rate': '0.0002674', 'epoch': '8.78'}
{'eval_loss': '0.5313', 'eval_runtime': '16.35', 'eval_samples_per_second': '267.1', 'eval_steps_per_second': '2.813', 'epoch': '8.78'}
{'loss': '0.508', 'grad_norm': '11.26', 'learning_rate': '0.000256', 'epoch': '9.756'}
{'eval_loss': '0.4625', 'eval_runtime': '16.36', 'eval_samples_per_second': '267', 'eval_steps_per_second': '2.811', 'epoch': '9.756'}
{'loss': '0.4955', 'grad_norm': '2.187', 'learning_rate': '0.0002433', 'epoch': '10.73'}
{'eval_loss': '0.4433', 'eval_runtime': '16.35', 'eval_samples_per_second': '267.2', 'eval_steps_per_second': '2.814', 'epoch': '10.73'}
{'loss': '0.4801', 'grad_norm': '15.42', 'learning_rate': '0.0002294', 'epoch': '11.71'}
{'eval_loss': '0.4453', 'eval_runtime': '16.39', 'eval_samples_per_second': '266.4', 'eval_steps_per_second': '2.806', 'epoch': '11.71'}
{'loss': '0.4743', 'grad_norm': '4.686', 'learning_rate': '0.0002145', 'epoch': '12.68'}
{'eval_loss': '0.4222', 'eval_runtime': '16.36', 'eval_samples_per_second': '267', 'eval_steps_per_second': '2.812', 'epoch': '12.68'}
{'loss': '0.4605', 'grad_norm': '21.36', 'learning_rate': '0.0001987', 'epoch': '13.66'}
{'eval_loss': '0.5689', 'eval_runtime': '16.37', 'eval_samples_per_second': '266.9', 'eval_steps_per_second': '2.811', 'epoch': '13.66'}
{'loss': '0.4557', 'grad_norm': '8.529', 'learning_rate': '0.0001824', 'epoch': '14.63'}
{'eval_loss': '0.4147', 'eval_runtime': '16.37', 'eval_samples_per_second': '266.9', 'eval_steps_per_second': '2.811', 'epoch': '14.63'}
{'loss': '0.4428', 'grad_norm': '3.794', 'learning_rate': '0.0001656', 'epoch': '15.61'}
{'eval_loss': '0.4026', 'eval_runtime': '16.33', 'eval_samples_per_second': '267.6', 'eval_steps_per_second': '2.818', 'epoch': '15.61'}
{'loss': '0.4296', 'grad_norm': '2.073', 'learning_rate': '0.0001486', 'epoch': '16.59'}
{'eval_loss': '0.3941', 'eval_runtime': '16.37', 'eval_samples_per_second': '266.8', 'eval_steps_per_second': '2.81', 'epoch': '16.59'}
{'loss': '0.412', 'grad_norm': '18.93', 'learning_rate': '0.0001316', 'epoch': '17.56'}
{'eval_loss': '0.3884', 'eval_runtime': '16.35', 'eval_samples_per_second': '267.1', 'eval_steps_per_second': '2.813', 'epoch': '17.56'}
{'loss': '0.4026', 'grad_norm': '1.674', 'learning_rate': '0.0001148', 'epoch': '18.54'}
{'eval_loss': '0.374', 'eval_runtime': '16.4', 'eval_samples_per_second': '266.4', 'eval_steps_per_second': '2.806', 'epoch': '18.54'}
{'loss': '0.381', 'grad_norm': '20.39', 'learning_rate': '9.854e-05', 'epoch': '19.51'}
{'eval_loss': '0.3927', 'eval_runtime': '16.33', 'eval_samples_per_second': '267.4', 'eval_steps_per_second': '2.816', 'epoch': '19.51'}
{'loss': '0.3629', 'grad_norm': '0.8389', 'learning_rate': '8.291e-05', 'epoch': '20.49'}
{'eval_loss': '0.3378', 'eval_runtime': '16.36', 'eval_samples_per_second': '267', 'eval_steps_per_second': '2.812', 'epoch': '20.49'}
{'loss': '0.3398', 'grad_norm': '4.638', 'learning_rate': '6.814e-05', 'epoch': '21.46'}
{'eval_loss': '0.3265', 'eval_runtime': '16.37', 'eval_samples_per_second': '266.8', 'eval_steps_per_second': '2.809', 'epoch': '21.46'}
{'loss': '0.3189', 'grad_norm': '1.759', 'learning_rate': '5.443e-05', 'epoch': '22.44'}
{'eval_loss': '0.3122', 'eval_runtime': '16.3', 'eval_samples_per_second': '268.1', 'eval_steps_per_second': '2.823', 'epoch': '22.44'}
{'loss': '0.313', 'grad_norm': '1.232', 'learning_rate': '4.195e-05', 'epoch': '23.41'}
{'eval_loss': '0.3022', 'eval_runtime': '16.37', 'eval_samples_per_second': '266.8', 'eval_steps_per_second': '2.809', 'epoch': '23.41'}
{'loss': '0.2881', 'grad_norm': '0.7948', 'learning_rate': '3.086e-05', 'epoch': '24.39'}
{'eval_loss': '0.2922', 'eval_runtime': '16.35', 'eval_samples_per_second': '267.2', 'eval_steps_per_second': '2.814', 'epoch': '24.39'}
{'loss': '0.2722', 'grad_norm': '3.96', 'learning_rate': '2.13e-05', 'epoch': '25.37'}
{'eval_loss': '0.2975', 'eval_runtime': '16.36', 'eval_samples_per_second': '266.9', 'eval_steps_per_second': '2.811', 'epoch': '25.37'}
{'loss': '0.2637', 'grad_norm': '3.471', 'learning_rate': '1.34e-05', 'epoch': '26.34'}
{'eval_loss': '0.2713', 'eval_runtime': '16.37', 'eval_samples_per_second': '266.9', 'eval_steps_per_second': '2.811', 'epoch': '26.34'}
{'loss': '0.2561', 'grad_norm': '2.989', 'learning_rate': '7.263e-06', 'epoch': '27.32'}
{'eval_loss': '0.275', 'eval_runtime': '16.31', 'eval_samples_per_second': '267.8', 'eval_steps_per_second': '2.82', 'epoch': '27.32'}
{'loss': '0.2521', 'grad_norm': '1.69', 'learning_rate': '2.958e-06', 'epoch': '28.29'}
{'eval_loss': '0.2717', 'eval_runtime': '16.37', 'eval_samples_per_second': '266.8', 'eval_steps_per_second': '2.81', 'epoch': '28.29'}
{'loss': '0.2491', 'grad_norm': '0.917', 'learning_rate': '5.469e-07', 'epoch': '29.27'}
{'eval_loss': '0.2734', 'eval_runtime': '16.36', 'eval_samples_per_second': '267', 'eval_steps_per_second': '2.812', 'epoch': '29.27'}
{'eval_loss': '0.2717', 'eval_runtime': '16.43', 'eval_samples_per_second': '265.8', 'eval_steps_per_second': '2.799', 'epoch': '30'}
{'train_runtime': '1.3e+04', 'train_samples_per_second': '90.71', 'train_steps_per_second': '0.946', 'train_loss': '0.9642', 'epoch': '30'}
Evaluating (Mean Loss)...
Calculating per-sequence surprisals...
Fold 8 Evaluation per token: 0.2713
Fold 8 Entropy per sequence: 10.0959

--- Starting Fold 9/10 ---
Fold 9 sizes: Train=39314, Eval=4368
Loading tokenizer...
Found 68 POS tags: ['-LRB-', '-RRB-', 'ADD', 'ADJP', 'ADVP', 'AFX', 'CC', 'CD', 'CONJP', 'DT', 'EX', 'FRAG', 'FW', 'HYPH', 'IN', 'INTJ', 'JJ', 'JJR', 'JJS', 'LS', 'LST', 'MD', 'NFP', 'NML', 'NN', 'NNP', 'NNPS', 'NNS', 'NP', 'PDT', 'POS', 'PP', 'PRN', 'PRP', 'PRP$', 'PRT', 'QP', 'RB', 'RBR', 'RBS', 'ROOT', 'RP', 'RRC', 'S', 'SBAR', 'SBARQ', 'SINV', 'SQ', 'SYM', 'TO', 'UCP', 'UH', 'VB', 'VBD', 'VBG', 'VBN', 'VBP', 'VBZ', 'VP', 'WDT', 'WHADJP', 'WHADVP', 'WHNP', 'WHPP', 'WP', 'WP$', 'WRB', 'X']
Found 0 phrase labels: []
Adding manual additions: ( ) # $ . , ''
Preprocessing...
Token length per parse sequence: 37.8191
Initializing DualEncoder model...
Loading  weights...
Missing keys: ['prosody_encoder.pos_table', 'prosody_encoder.mag_table', 'prosody_encoder.transformer.layers.0.self_attn.in_proj_weight', 'prosody_encoder.transformer.layers.0.self_attn.in_proj_bias', 'prosody_encoder.transformer.layers.0.self_attn.out_proj.weight', 'prosody_encoder.transformer.layers.0.self_attn.out_proj.bias', 'prosody_encoder.transformer.layers.0.linear1.weight', 'prosody_encoder.transformer.layers.0.linear1.bias', 'prosody_encoder.transformer.layers.0.linear2.weight', 'prosody_encoder.transformer.layers.0.linear2.bias', 'prosody_encoder.transformer.layers.0.norm1.weight', 'prosody_encoder.transformer.layers.0.norm1.bias', 'prosody_encoder.transformer.layers.0.norm2.weight', 'prosody_encoder.transformer.layers.0.norm2.bias', 'prosody_encoder.transformer.layers.1.self_attn.in_proj_weight', 'prosody_encoder.transformer.layers.1.self_attn.in_proj_bias', 'prosody_encoder.transformer.layers.1.self_attn.out_proj.weight', 'prosody_encoder.transformer.layers.1.self_attn.out_proj.bias', 'prosody_encoder.transformer.layers.1.linear1.weight', 'prosody_encoder.transformer.layers.1.linear1.bias', 'prosody_encoder.transformer.layers.1.linear2.weight', 'prosody_encoder.transformer.layers.1.linear2.bias', 'prosody_encoder.transformer.layers.1.norm1.weight', 'prosody_encoder.transformer.layers.1.norm1.bias', 'prosody_encoder.transformer.layers.1.norm2.weight', 'prosody_encoder.transformer.layers.1.norm2.bias', 'prosody_encoder.up_proj.weight', 'prosody_encoder.up_proj.bias', 'prosody_up.weight', 'prosody_up.bias', 'cross_attn.in_proj_weight', 'cross_attn.in_proj_bias', 'cross_attn.out_proj.weight', 'cross_attn.out_proj.bias', 'fusion_layer_norm.weight', 'fusion_layer_norm.bias']
Unexpected keys: []
Re-initializing decoder layer, to be trained from scratch
Training...
{'loss': '14.56', 'grad_norm': '137.2', 'learning_rate': '9.732e-05', 'epoch': '0.9756'}
{'eval_loss': '2.303', 'eval_runtime': '16.33', 'eval_samples_per_second': '267.5', 'eval_steps_per_second': '2.818', 'epoch': '0.9756'}
{'loss': '1.768', 'grad_norm': '27.95', 'learning_rate': '0.0001949', 'epoch': '1.951'}
{'eval_loss': '1.595', 'eval_runtime': '16.35', 'eval_samples_per_second': '267.2', 'eval_steps_per_second': '2.814', 'epoch': '1.951'}
{'loss': '1.232', 'grad_norm': '41.14', 'learning_rate': '0.0002924', 'epoch': '2.927'}
{'eval_loss': '0.5871', 'eval_runtime': '16.34', 'eval_samples_per_second': '267.3', 'eval_steps_per_second': '2.815', 'epoch': '2.927'}
{'loss': '0.8976', 'grad_norm': '59.09', 'learning_rate': '0.0002992', 'epoch': '3.902'}
{'eval_loss': '0.6637', 'eval_runtime': '15.96', 'eval_samples_per_second': '273.7', 'eval_steps_per_second': '2.883', 'epoch': '3.902'}
{'loss': '0.736', 'grad_norm': '18.02', 'learning_rate': '0.0002964', 'epoch': '4.878'}
{'eval_loss': '0.5239', 'eval_runtime': '15.95', 'eval_samples_per_second': '273.9', 'eval_steps_per_second': '2.884', 'epoch': '4.878'}
{'loss': '0.6232', 'grad_norm': '6.935', 'learning_rate': '0.0002918', 'epoch': '5.854'}
{'eval_loss': '0.535', 'eval_runtime': '15.96', 'eval_samples_per_second': '273.6', 'eval_steps_per_second': '2.882', 'epoch': '5.854'}
{'loss': '0.5941', 'grad_norm': '9.982', 'learning_rate': '0.0002854', 'epoch': '6.829'}
{'eval_loss': '0.4844', 'eval_runtime': '15.96', 'eval_samples_per_second': '273.7', 'eval_steps_per_second': '2.883', 'epoch': '6.829'}
{'loss': '0.5511', 'grad_norm': '2.687', 'learning_rate': '0.0002772', 'epoch': '7.805'}
{'eval_loss': '0.4864', 'eval_runtime': '15.95', 'eval_samples_per_second': '273.9', 'eval_steps_per_second': '2.885', 'epoch': '7.805'}
{'loss': '0.5372', 'grad_norm': '31.98', 'learning_rate': '0.0002674', 'epoch': '8.78'}
{'eval_loss': '0.5047', 'eval_runtime': '15.96', 'eval_samples_per_second': '273.7', 'eval_steps_per_second': '2.882', 'epoch': '8.78'}
{'loss': '0.5084', 'grad_norm': '4.983', 'learning_rate': '0.000256', 'epoch': '9.756'}
{'eval_loss': '0.4536', 'eval_runtime': '15.97', 'eval_samples_per_second': '273.5', 'eval_steps_per_second': '2.88', 'epoch': '9.756'}
{'loss': '0.4855', 'grad_norm': '22.75', 'learning_rate': '0.0002433', 'epoch': '10.73'}
{'eval_loss': '0.5222', 'eval_runtime': '15.96', 'eval_samples_per_second': '273.6', 'eval_steps_per_second': '2.882', 'epoch': '10.73'}
{'loss': '0.4872', 'grad_norm': '1.684', 'learning_rate': '0.0002294', 'epoch': '11.71'}
{'eval_loss': '0.426', 'eval_runtime': '15.97', 'eval_samples_per_second': '273.6', 'eval_steps_per_second': '2.881', 'epoch': '11.71'}
{'loss': '0.4563', 'grad_norm': '2.984', 'learning_rate': '0.0002145', 'epoch': '12.68'}
{'eval_loss': '0.4114', 'eval_runtime': '15.97', 'eval_samples_per_second': '273.5', 'eval_steps_per_second': '2.88', 'epoch': '12.68'}
{'loss': '0.4465', 'grad_norm': '4.224', 'learning_rate': '0.0001987', 'epoch': '13.66'}
{'eval_loss': '0.4113', 'eval_runtime': '15.96', 'eval_samples_per_second': '273.6', 'eval_steps_per_second': '2.881', 'epoch': '13.66'}
{'loss': '0.426', 'grad_norm': '1.769', 'learning_rate': '0.0001824', 'epoch': '14.63'}
{'eval_loss': '0.3897', 'eval_runtime': '15.96', 'eval_samples_per_second': '273.7', 'eval_steps_per_second': '2.883', 'epoch': '14.63'}
{'loss': '0.4083', 'grad_norm': '20.33', 'learning_rate': '0.0001656', 'epoch': '15.61'}
{'eval_loss': '0.4021', 'eval_runtime': '15.97', 'eval_samples_per_second': '273.6', 'eval_steps_per_second': '2.881', 'epoch': '15.61'}
{'loss': '0.4005', 'grad_norm': '4.914', 'learning_rate': '0.0001486', 'epoch': '16.59'}
{'eval_loss': '0.3481', 'eval_runtime': '15.97', 'eval_samples_per_second': '273.5', 'eval_steps_per_second': '2.88', 'epoch': '16.59'}
{'loss': '0.372', 'grad_norm': '8.441', 'learning_rate': '0.0001316', 'epoch': '17.56'}
{'eval_loss': '0.3509', 'eval_runtime': '15.97', 'eval_samples_per_second': '273.6', 'eval_steps_per_second': '2.881', 'epoch': '17.56'}
{'loss': '0.3431', 'grad_norm': '0.941', 'learning_rate': '0.0001148', 'epoch': '18.54'}
{'eval_loss': '0.2981', 'eval_runtime': '15.97', 'eval_samples_per_second': '273.6', 'eval_steps_per_second': '2.881', 'epoch': '18.54'}
{'loss': '0.3169', 'grad_norm': '4.115', 'learning_rate': '9.854e-05', 'epoch': '19.51'}
{'eval_loss': '0.2901', 'eval_runtime': '16.01', 'eval_samples_per_second': '272.8', 'eval_steps_per_second': '2.872', 'epoch': '19.51'}
{'loss': '0.2926', 'grad_norm': '3.492', 'learning_rate': '8.291e-05', 'epoch': '20.49'}
{'eval_loss': '0.2741', 'eval_runtime': '15.99', 'eval_samples_per_second': '273.2', 'eval_steps_per_second': '2.877', 'epoch': '20.49'}
{'loss': '0.2642', 'grad_norm': '2.957', 'learning_rate': '6.814e-05', 'epoch': '21.46'}
{'eval_loss': '0.273', 'eval_runtime': '15.96', 'eval_samples_per_second': '273.7', 'eval_steps_per_second': '2.882', 'epoch': '21.46'}
{'loss': '0.2505', 'grad_norm': '0.8039', 'learning_rate': '5.443e-05', 'epoch': '22.44'}
{'eval_loss': '0.2528', 'eval_runtime': '15.96', 'eval_samples_per_second': '273.7', 'eval_steps_per_second': '2.883', 'epoch': '22.44'}
{'loss': '0.2277', 'grad_norm': '6.507', 'learning_rate': '4.195e-05', 'epoch': '23.41'}
{'eval_loss': '0.2562', 'eval_runtime': '15.98', 'eval_samples_per_second': '273.4', 'eval_steps_per_second': '2.879', 'epoch': '23.41'}
{'loss': '0.213', 'grad_norm': '1.527', 'learning_rate': '3.086e-05', 'epoch': '24.39'}
{'eval_loss': '0.2419', 'eval_runtime': '15.98', 'eval_samples_per_second': '273.3', 'eval_steps_per_second': '2.878', 'epoch': '24.39'}
{'loss': '0.2041', 'grad_norm': '0.6511', 'learning_rate': '2.13e-05', 'epoch': '25.37'}
{'eval_loss': '0.2465', 'eval_runtime': '15.99', 'eval_samples_per_second': '273.2', 'eval_steps_per_second': '2.877', 'epoch': '25.37'}
{'loss': '0.1981', 'grad_norm': '0.4316', 'learning_rate': '1.34e-05', 'epoch': '26.34'}
{'eval_loss': '0.2316', 'eval_runtime': '16.02', 'eval_samples_per_second': '272.6', 'eval_steps_per_second': '2.871', 'epoch': '26.34'}
{'loss': '0.1915', 'grad_norm': '0.6187', 'learning_rate': '7.263e-06', 'epoch': '27.32'}
{'eval_loss': '0.2356', 'eval_runtime': '15.97', 'eval_samples_per_second': '273.5', 'eval_steps_per_second': '2.88', 'epoch': '27.32'}
{'loss': '0.1907', 'grad_norm': '2.319', 'learning_rate': '2.958e-06', 'epoch': '28.29'}
{'eval_loss': '0.2303', 'eval_runtime': '15.95', 'eval_samples_per_second': '273.8', 'eval_steps_per_second': '2.883', 'epoch': '28.29'}
{'loss': '0.1885', 'grad_norm': '0.5822', 'learning_rate': '5.469e-07', 'epoch': '29.27'}
{'eval_loss': '0.2348', 'eval_runtime': '16.03', 'eval_samples_per_second': '272.5', 'eval_steps_per_second': '2.87', 'epoch': '29.27'}
{'eval_loss': '0.2341', 'eval_runtime': '16.05', 'eval_samples_per_second': '272.1', 'eval_steps_per_second': '2.865', 'epoch': '30'}
{'train_runtime': '1.295e+04', 'train_samples_per_second': '91.05', 'train_steps_per_second': '0.95', 'train_loss': '0.9272', 'epoch': '30'}
Evaluating (Mean Loss)...
Calculating per-sequence surprisals...
Fold 9 Evaluation per token: 0.2303
Fold 9 Entropy per sequence: 8.7083

--- Starting Fold 10/10 ---
Fold 10 sizes: Train=39314, Eval=4368
Loading tokenizer...
Found 68 POS tags: ['-LRB-', '-RRB-', 'ADD', 'ADJP', 'ADVP', 'AFX', 'CC', 'CD', 'CONJP', 'DT', 'EX', 'FRAG', 'FW', 'HYPH', 'IN', 'INTJ', 'JJ', 'JJR', 'JJS', 'LS', 'LST', 'MD', 'NFP', 'NML', 'NN', 'NNP', 'NNPS', 'NNS', 'NP', 'PDT', 'POS', 'PP', 'PRN', 'PRP', 'PRP$', 'PRT', 'QP', 'RB', 'RBR', 'RBS', 'ROOT', 'RP', 'RRC', 'S', 'SBAR', 'SBARQ', 'SINV', 'SQ', 'SYM', 'TO', 'UCP', 'UH', 'VB', 'VBD', 'VBG', 'VBN', 'VBP', 'VBZ', 'VP', 'WDT', 'WHADJP', 'WHADVP', 'WHNP', 'WHPP', 'WP', 'WP$', 'WRB', 'X']
Found 0 phrase labels: []
Adding manual additions: ( ) # $ . , ''
Preprocessing...
Token length per parse sequence: 37.8658
Initializing DualEncoder model...
Loading  weights...
Missing keys: ['prosody_encoder.pos_table', 'prosody_encoder.mag_table', 'prosody_encoder.transformer.layers.0.self_attn.in_proj_weight', 'prosody_encoder.transformer.layers.0.self_attn.in_proj_bias', 'prosody_encoder.transformer.layers.0.self_attn.out_proj.weight', 'prosody_encoder.transformer.layers.0.self_attn.out_proj.bias', 'prosody_encoder.transformer.layers.0.linear1.weight', 'prosody_encoder.transformer.layers.0.linear1.bias', 'prosody_encoder.transformer.layers.0.linear2.weight', 'prosody_encoder.transformer.layers.0.linear2.bias', 'prosody_encoder.transformer.layers.0.norm1.weight', 'prosody_encoder.transformer.layers.0.norm1.bias', 'prosody_encoder.transformer.layers.0.norm2.weight', 'prosody_encoder.transformer.layers.0.norm2.bias', 'prosody_encoder.transformer.layers.1.self_attn.in_proj_weight', 'prosody_encoder.transformer.layers.1.self_attn.in_proj_bias', 'prosody_encoder.transformer.layers.1.self_attn.out_proj.weight', 'prosody_encoder.transformer.layers.1.self_attn.out_proj.bias', 'prosody_encoder.transformer.layers.1.linear1.weight', 'prosody_encoder.transformer.layers.1.linear1.bias', 'prosody_encoder.transformer.layers.1.linear2.weight', 'prosody_encoder.transformer.layers.1.linear2.bias', 'prosody_encoder.transformer.layers.1.norm1.weight', 'prosody_encoder.transformer.layers.1.norm1.bias', 'prosody_encoder.transformer.layers.1.norm2.weight', 'prosody_encoder.transformer.layers.1.norm2.bias', 'prosody_encoder.up_proj.weight', 'prosody_encoder.up_proj.bias', 'prosody_up.weight', 'prosody_up.bias', 'cross_attn.in_proj_weight', 'cross_attn.in_proj_bias', 'cross_attn.out_proj.weight', 'cross_attn.out_proj.bias', 'fusion_layer_norm.weight', 'fusion_layer_norm.bias']
Unexpected keys: []
Re-initializing decoder layer, to be trained from scratch
Training...
{'loss': '14.8', 'grad_norm': '74.67', 'learning_rate': '9.732e-05', 'epoch': '0.9756'}
{'eval_loss': '1.581', 'eval_runtime': '16', 'eval_samples_per_second': '272.9', 'eval_steps_per_second': '2.874', 'epoch': '0.9756'}
{'loss': '1.785', 'grad_norm': '92.95', 'learning_rate': '0.0001949', 'epoch': '1.951'}
{'eval_loss': '1.987', 'eval_runtime': '16.01', 'eval_samples_per_second': '272.8', 'eval_steps_per_second': '2.873', 'epoch': '1.951'}
{'loss': '1.275', 'grad_norm': '93.44', 'learning_rate': '0.0002924', 'epoch': '2.927'}
{'eval_loss': '1.434', 'eval_runtime': '15.95', 'eval_samples_per_second': '273.9', 'eval_steps_per_second': '2.884', 'epoch': '2.927'}
{'loss': '1.027', 'grad_norm': '9.632', 'learning_rate': '0.0002992', 'epoch': '3.902'}
{'eval_loss': '0.7648', 'eval_runtime': '15.97', 'eval_samples_per_second': '273.5', 'eval_steps_per_second': '2.88', 'epoch': '3.902'}
{'loss': '0.6961', 'grad_norm': '62.03', 'learning_rate': '0.0002964', 'epoch': '4.878'}
{'eval_loss': '0.5834', 'eval_runtime': '15.94', 'eval_samples_per_second': '273.9', 'eval_steps_per_second': '2.885', 'epoch': '4.878'}
{'loss': '0.6026', 'grad_norm': '2.811', 'learning_rate': '0.0002918', 'epoch': '5.854'}
{'eval_loss': '0.511', 'eval_runtime': '15.95', 'eval_samples_per_second': '273.8', 'eval_steps_per_second': '2.884', 'epoch': '5.854'}
{'loss': '0.5767', 'grad_norm': '12.71', 'learning_rate': '0.0002854', 'epoch': '6.829'}
{'eval_loss': '0.5019', 'eval_runtime': '16.01', 'eval_samples_per_second': '272.9', 'eval_steps_per_second': '2.874', 'epoch': '6.829'}
{'loss': '0.5403', 'grad_norm': '4.192', 'learning_rate': '0.0002772', 'epoch': '7.805'}
{'eval_loss': '0.4652', 'eval_runtime': '16.03', 'eval_samples_per_second': '272.5', 'eval_steps_per_second': '2.869', 'epoch': '7.805'}
{'loss': '0.5236', 'grad_norm': '9.799', 'learning_rate': '0.0002674', 'epoch': '8.78'}
{'eval_loss': '0.4568', 'eval_runtime': '16', 'eval_samples_per_second': '273', 'eval_steps_per_second': '2.875', 'epoch': '8.78'}
{'loss': '0.5017', 'grad_norm': '3.354', 'learning_rate': '0.000256', 'epoch': '9.756'}
{'eval_loss': '0.4571', 'eval_runtime': '16.03', 'eval_samples_per_second': '272.4', 'eval_steps_per_second': '2.869', 'epoch': '9.756'}
{'loss': '0.4914', 'grad_norm': '20.13', 'learning_rate': '0.0002433', 'epoch': '10.73'}
{'eval_loss': '0.4447', 'eval_runtime': '15.98', 'eval_samples_per_second': '273.4', 'eval_steps_per_second': '2.879', 'epoch': '10.73'}
{'loss': '0.4706', 'grad_norm': '1.763', 'learning_rate': '0.0002294', 'epoch': '11.71'}
{'eval_loss': '0.4487', 'eval_runtime': '16', 'eval_samples_per_second': '273.1', 'eval_steps_per_second': '2.876', 'epoch': '11.71'}
{'loss': '0.475', 'grad_norm': '13.27', 'learning_rate': '0.0002145', 'epoch': '12.68'}
{'eval_loss': '0.4544', 'eval_runtime': '16.03', 'eval_samples_per_second': '272.5', 'eval_steps_per_second': '2.869', 'epoch': '12.68'}
{'loss': '0.4627', 'grad_norm': '3.702', 'learning_rate': '0.0001987', 'epoch': '13.66'}
{'eval_loss': '0.4535', 'eval_runtime': '16.03', 'eval_samples_per_second': '272.5', 'eval_steps_per_second': '2.869', 'epoch': '13.66'}
{'loss': '0.4463', 'grad_norm': '4.124', 'learning_rate': '0.0001824', 'epoch': '14.63'}
{'eval_loss': '0.4158', 'eval_runtime': '16.03', 'eval_samples_per_second': '272.5', 'eval_steps_per_second': '2.87', 'epoch': '14.63'}
{'loss': '0.4435', 'grad_norm': '40.4', 'learning_rate': '0.0001656', 'epoch': '15.61'}
{'eval_loss': '0.4585', 'eval_runtime': '15.97', 'eval_samples_per_second': '273.6', 'eval_steps_per_second': '2.881', 'epoch': '15.61'}
{'loss': '0.4174', 'grad_norm': '2.315', 'learning_rate': '0.0001486', 'epoch': '16.59'}
{'eval_loss': '0.4011', 'eval_runtime': '16.04', 'eval_samples_per_second': '272.4', 'eval_steps_per_second': '2.868', 'epoch': '16.59'}
{'loss': '0.4119', 'grad_norm': '8.38', 'learning_rate': '0.0001316', 'epoch': '17.56'}
{'eval_loss': '0.4119', 'eval_runtime': '16.03', 'eval_samples_per_second': '272.5', 'eval_steps_per_second': '2.869', 'epoch': '17.56'}
{'loss': '0.3946', 'grad_norm': '6.149', 'learning_rate': '0.0001148', 'epoch': '18.54'}
{'eval_loss': '0.3631', 'eval_runtime': '16.04', 'eval_samples_per_second': '272.3', 'eval_steps_per_second': '2.867', 'epoch': '18.54'}
{'loss': '0.3779', 'grad_norm': '19.26', 'learning_rate': '9.854e-05', 'epoch': '19.51'}
{'eval_loss': '0.4533', 'eval_runtime': '16.01', 'eval_samples_per_second': '272.8', 'eval_steps_per_second': '2.873', 'epoch': '19.51'}
{'loss': '0.362', 'grad_norm': '8.999', 'learning_rate': '8.291e-05', 'epoch': '20.49'}
{'eval_loss': '0.34', 'eval_runtime': '16.04', 'eval_samples_per_second': '272.4', 'eval_steps_per_second': '2.868', 'epoch': '20.49'}
{'loss': '0.3391', 'grad_norm': '7.635', 'learning_rate': '6.814e-05', 'epoch': '21.46'}
{'eval_loss': '0.3466', 'eval_runtime': '16.04', 'eval_samples_per_second': '272.4', 'eval_steps_per_second': '2.868', 'epoch': '21.46'}
{'loss': '0.3167', 'grad_norm': '1.357', 'learning_rate': '5.443e-05', 'epoch': '22.44'}
{'eval_loss': '0.2898', 'eval_runtime': '16.03', 'eval_samples_per_second': '272.6', 'eval_steps_per_second': '2.87', 'epoch': '22.44'}
{'loss': '0.3008', 'grad_norm': '5.83', 'learning_rate': '4.195e-05', 'epoch': '23.41'}
{'eval_loss': '0.2769', 'eval_runtime': '15.97', 'eval_samples_per_second': '273.4', 'eval_steps_per_second': '2.88', 'epoch': '23.41'}
{'loss': '0.2838', 'grad_norm': '1.546', 'learning_rate': '3.086e-05', 'epoch': '24.39'}
{'eval_loss': '0.2732', 'eval_runtime': '16', 'eval_samples_per_second': '273', 'eval_steps_per_second': '2.875', 'epoch': '24.39'}
{'loss': '0.2692', 'grad_norm': '2.092', 'learning_rate': '2.13e-05', 'epoch': '25.37'}
{'eval_loss': '0.2479', 'eval_runtime': '16.03', 'eval_samples_per_second': '272.5', 'eval_steps_per_second': '2.87', 'epoch': '25.37'}
{'loss': '0.2603', 'grad_norm': '4.157', 'learning_rate': '1.34e-05', 'epoch': '26.34'}
{'eval_loss': '0.2677', 'eval_runtime': '16.01', 'eval_samples_per_second': '272.8', 'eval_steps_per_second': '2.873', 'epoch': '26.34'}
{'loss': '0.2548', 'grad_norm': '2.456', 'learning_rate': '7.263e-06', 'epoch': '27.32'}
{'eval_loss': '0.2571', 'eval_runtime': '16', 'eval_samples_per_second': '273', 'eval_steps_per_second': '2.875', 'epoch': '27.32'}
{'loss': '0.2496', 'grad_norm': '0.6316', 'learning_rate': '2.958e-06', 'epoch': '28.29'}
{'eval_loss': '0.2534', 'eval_runtime': '16.02', 'eval_samples_per_second': '272.6', 'eval_steps_per_second': '2.871', 'epoch': '28.29'}
{'loss': '0.2492', 'grad_norm': '1.294', 'learning_rate': '5.469e-07', 'epoch': '29.27'}
{'eval_loss': '0.2501', 'eval_runtime': '16.04', 'eval_samples_per_second': '272.3', 'eval_steps_per_second': '2.868', 'epoch': '29.27'}
{'eval_loss': '0.2511', 'eval_runtime': '16.07', 'eval_samples_per_second': '271.8', 'eval_steps_per_second': '2.863', 'epoch': '30'}
{'train_runtime': '1.297e+04', 'train_samples_per_second': '90.94', 'train_steps_per_second': '0.948', 'train_loss': '0.9686', 'epoch': '30'}
Evaluating (Mean Loss)...
Calculating per-sequence surprisals...
Fold 10 Evaluation per token: 0.2479
Fold 10 Entropy per sequence: 9.3854
Saving detailed results...
Saved per-sequence surprisals to /home/jm3743/prosody-syntax-interface/outputs/libri_text_duration_dyck/cross_validation_results.csv
Global Mean Surprisal: 11.3452

--- Cross-Validation Results ---
Individual Fold Metrics: [15.266759893016427, 15.85140015992864, 12.430416241683913, 10.878004530137712, 9.11840139269392, 8.848752263401236, 11.942012471211699, 10.095860368862148, 8.708326271909115, 9.385428266511077]
Mean Metric (Entropy/Loss): 11.2525
Standard Deviation: 2.4677
Variance: 6.0896
GPU Verified: NVIDIA H100 80GB HBM3 (Allocated: 1 device(s))
Loading data...
Loaded 43682 examples.

--- Starting Fold 1/10 ---
Fold 1 sizes: Train=39313, Eval=4369
Loading tokenizer...
Found 68 POS tags: ['-LRB-', '-RRB-', 'ADD', 'ADJP', 'ADVP', 'AFX', 'CC', 'CD', 'CONJP', 'DT', 'EX', 'FRAG', 'FW', 'HYPH', 'IN', 'INTJ', 'JJ', 'JJR', 'JJS', 'LS', 'LST', 'MD', 'NFP', 'NML', 'NN', 'NNP', 'NNPS', 'NNS', 'NP', 'PDT', 'POS', 'PP', 'PRN', 'PRP', 'PRP$', 'PRT', 'QP', 'RB', 'RBR', 'RBS', 'ROOT', 'RP', 'RRC', 'S', 'SBAR', 'SBARQ', 'SINV', 'SQ', 'SYM', 'TO', 'UCP', 'UH', 'VB', 'VBD', 'VBG', 'VBN', 'VBP', 'VBZ', 'VP', 'WDT', 'WHADJP', 'WHADVP', 'WHNP', 'WHPP', 'WP', 'WP$', 'WRB', 'X']
Found 0 phrase labels: []
Adding manual additions: ( ) # $ . , ''
Preprocessing...
Token length per parse sequence: 37.6812
Initializing DualEncoder model...
Loading  weights...
Missing keys: ['prosody_encoder.pos_table', 'prosody_encoder.mag_table', 'prosody_encoder.transformer.layers.0.self_attn.in_proj_weight', 'prosody_encoder.transformer.layers.0.self_attn.in_proj_bias', 'prosody_encoder.transformer.layers.0.self_attn.out_proj.weight', 'prosody_encoder.transformer.layers.0.self_attn.out_proj.bias', 'prosody_encoder.transformer.layers.0.linear1.weight', 'prosody_encoder.transformer.layers.0.linear1.bias', 'prosody_encoder.transformer.layers.0.linear2.weight', 'prosody_encoder.transformer.layers.0.linear2.bias', 'prosody_encoder.transformer.layers.0.norm1.weight', 'prosody_encoder.transformer.layers.0.norm1.bias', 'prosody_encoder.transformer.layers.0.norm2.weight', 'prosody_encoder.transformer.layers.0.norm2.bias', 'prosody_encoder.transformer.layers.1.self_attn.in_proj_weight', 'prosody_encoder.transformer.layers.1.self_attn.in_proj_bias', 'prosody_encoder.transformer.layers.1.self_attn.out_proj.weight', 'prosody_encoder.transformer.layers.1.self_attn.out_proj.bias', 'prosody_encoder.transformer.layers.1.linear1.weight', 'prosody_encoder.transformer.layers.1.linear1.bias', 'prosody_encoder.transformer.layers.1.linear2.weight', 'prosody_encoder.transformer.layers.1.linear2.bias', 'prosody_encoder.transformer.layers.1.norm1.weight', 'prosody_encoder.transformer.layers.1.norm1.bias', 'prosody_encoder.transformer.layers.1.norm2.weight', 'prosody_encoder.transformer.layers.1.norm2.bias', 'prosody_encoder.up_proj.weight', 'prosody_encoder.up_proj.bias', 'prosody_up.weight', 'prosody_up.bias', 'cross_attn.in_proj_weight', 'cross_attn.in_proj_bias', 'cross_attn.out_proj.weight', 'cross_attn.out_proj.bias', 'fusion_layer_norm.weight', 'fusion_layer_norm.bias']
Unexpected keys: []
Re-initializing decoder layer, to be trained from scratch
Training...
{'loss': '17.23', 'grad_norm': '26.27', 'learning_rate': '5.839e-05', 'epoch': '0.9756'}
{'eval_loss': '1.821', 'eval_runtime': '16.12', 'eval_samples_per_second': '271', 'eval_steps_per_second': '2.853', 'epoch': '0.9756'}
{'loss': '1.87', 'grad_norm': '32.18', 'learning_rate': '0.0001169', 'epoch': '1.951'}
{'eval_loss': '0.7046', 'eval_runtime': '16.04', 'eval_samples_per_second': '272.4', 'eval_steps_per_second': '2.868', 'epoch': '1.951'}
{'loss': '1.277', 'grad_norm': '45.11', 'learning_rate': '0.0001755', 'epoch': '2.927'}
{'eval_loss': '0.5746', 'eval_runtime': '16.03', 'eval_samples_per_second': '272.6', 'eval_steps_per_second': '2.87', 'epoch': '2.927'}
{'loss': '0.9891', 'grad_norm': '39.05', 'learning_rate': '0.000234', 'epoch': '3.902'}
{'eval_loss': '0.5822', 'eval_runtime': '16.04', 'eval_samples_per_second': '272.4', 'eval_steps_per_second': '2.868', 'epoch': '3.902'}
{'loss': '0.8121', 'grad_norm': '35.46', 'learning_rate': '0.0002925', 'epoch': '4.878'}
{'eval_loss': '0.6117', 'eval_runtime': '16.02', 'eval_samples_per_second': '272.8', 'eval_steps_per_second': '2.872', 'epoch': '4.878'}
{'loss': '0.7091', 'grad_norm': '15.51', 'learning_rate': '0.0002997', 'epoch': '5.854'}
{'eval_loss': '0.6192', 'eval_runtime': '16.03', 'eval_samples_per_second': '272.5', 'eval_steps_per_second': '2.869', 'epoch': '5.854'}
{'loss': '0.6403', 'grad_norm': '18.91', 'learning_rate': '0.0002988', 'epoch': '6.829'}
{'eval_loss': '0.5489', 'eval_runtime': '16.05', 'eval_samples_per_second': '272.2', 'eval_steps_per_second': '2.866', 'epoch': '6.829'}
{'loss': '0.6119', 'grad_norm': '32.67', 'learning_rate': '0.0002971', 'epoch': '7.805'}
{'eval_loss': '0.6088', 'eval_runtime': '16.02', 'eval_samples_per_second': '272.7', 'eval_steps_per_second': '2.872', 'epoch': '7.805'}
{'loss': '0.5706', 'grad_norm': '12.4', 'learning_rate': '0.0002948', 'epoch': '8.78'}
{'eval_loss': '0.5503', 'eval_runtime': '16.05', 'eval_samples_per_second': '272.3', 'eval_steps_per_second': '2.867', 'epoch': '8.78'}
{'loss': '0.5393', 'grad_norm': '11.61', 'learning_rate': '0.0002918', 'epoch': '9.756'}
{'eval_loss': '0.4589', 'eval_runtime': '16.03', 'eval_samples_per_second': '272.6', 'eval_steps_per_second': '2.87', 'epoch': '9.756'}
{'loss': '0.5206', 'grad_norm': '9.771', 'learning_rate': '0.0002882', 'epoch': '10.73'}
{'eval_loss': '0.523', 'eval_runtime': '16.06', 'eval_samples_per_second': '272.1', 'eval_steps_per_second': '2.865', 'epoch': '10.73'}
{'loss': '0.5043', 'grad_norm': '11.62', 'learning_rate': '0.0002839', 'epoch': '11.71'}
{'eval_loss': '0.5059', 'eval_runtime': '16.03', 'eval_samples_per_second': '272.6', 'eval_steps_per_second': '2.87', 'epoch': '11.71'}
{'loss': '0.5009', 'grad_norm': '7.856', 'learning_rate': '0.0002789', 'epoch': '12.68'}
{'eval_loss': '0.4832', 'eval_runtime': '16.03', 'eval_samples_per_second': '272.6', 'eval_steps_per_second': '2.87', 'epoch': '12.68'}
{'loss': '0.4786', 'grad_norm': '2.307', 'learning_rate': '0.0002734', 'epoch': '13.66'}
{'eval_loss': '0.4348', 'eval_runtime': '16.05', 'eval_samples_per_second': '272.2', 'eval_steps_per_second': '2.866', 'epoch': '13.66'}
{'loss': '0.4639', 'grad_norm': '27.86', 'learning_rate': '0.0002673', 'epoch': '14.63'}
{'eval_loss': '0.6237', 'eval_runtime': '16.06', 'eval_samples_per_second': '272.1', 'eval_steps_per_second': '2.865', 'epoch': '14.63'}
{'loss': '0.4702', 'grad_norm': '8.001', 'learning_rate': '0.0002607', 'epoch': '15.61'}
{'eval_loss': '0.4468', 'eval_runtime': '16.06', 'eval_samples_per_second': '272', 'eval_steps_per_second': '2.864', 'epoch': '15.61'}
{'loss': '0.4524', 'grad_norm': '11.14', 'learning_rate': '0.0002536', 'epoch': '16.59'}
{'eval_loss': '0.4435', 'eval_runtime': '16.01', 'eval_samples_per_second': '272.9', 'eval_steps_per_second': '2.873', 'epoch': '16.59'}
{'loss': '0.4301', 'grad_norm': '8.271', 'learning_rate': '0.0002459', 'epoch': '17.56'}
{'eval_loss': '0.3748', 'eval_runtime': '16.04', 'eval_samples_per_second': '272.3', 'eval_steps_per_second': '2.867', 'epoch': '17.56'}
{'loss': '0.4092', 'grad_norm': '7.827', 'learning_rate': '0.0002379', 'epoch': '18.54'}
{'eval_loss': '0.3703', 'eval_runtime': '16.06', 'eval_samples_per_second': '272', 'eval_steps_per_second': '2.864', 'epoch': '18.54'}
{'loss': '0.3956', 'grad_norm': '9.163', 'learning_rate': '0.0002294', 'epoch': '19.51'}
{'eval_loss': '0.3491', 'eval_runtime': '16.02', 'eval_samples_per_second': '272.8', 'eval_steps_per_second': '2.872', 'epoch': '19.51'}
{'loss': '0.3742', 'grad_norm': '3.67', 'learning_rate': '0.0002206', 'epoch': '20.49'}
{'eval_loss': '0.3172', 'eval_runtime': '16.05', 'eval_samples_per_second': '272.2', 'eval_steps_per_second': '2.866', 'epoch': '20.49'}
{'loss': '0.3189', 'grad_norm': '13.23', 'learning_rate': '0.0002114', 'epoch': '21.46'}
{'eval_loss': '0.2639', 'eval_runtime': '16.06', 'eval_samples_per_second': '272.1', 'eval_steps_per_second': '2.865', 'epoch': '21.46'}
{'loss': '0.3047', 'grad_norm': '3.878', 'learning_rate': '0.0002019', 'epoch': '22.44'}
{'eval_loss': '0.2654', 'eval_runtime': '16.04', 'eval_samples_per_second': '272.3', 'eval_steps_per_second': '2.867', 'epoch': '22.44'}
{'loss': '0.276', 'grad_norm': '22.62', 'learning_rate': '0.0001922', 'epoch': '23.41'}
{'eval_loss': '0.2625', 'eval_runtime': '16.03', 'eval_samples_per_second': '272.5', 'eval_steps_per_second': '2.869', 'epoch': '23.41'}
{'loss': '0.2529', 'grad_norm': '21.2', 'learning_rate': '0.0001823', 'epoch': '24.39'}
{'eval_loss': '0.2657', 'eval_runtime': '16.02', 'eval_samples_per_second': '272.6', 'eval_steps_per_second': '2.871', 'epoch': '24.39'}
{'loss': '0.2348', 'grad_norm': '2.836', 'learning_rate': '0.0001723', 'epoch': '25.37'}
{'eval_loss': '0.2034', 'eval_runtime': '16.04', 'eval_samples_per_second': '272.4', 'eval_steps_per_second': '2.868', 'epoch': '25.37'}
{'loss': '0.2028', 'grad_norm': '3.477', 'learning_rate': '0.0001621', 'epoch': '26.34'}
{'eval_loss': '0.1941', 'eval_runtime': '16.11', 'eval_samples_per_second': '271.2', 'eval_steps_per_second': '2.856', 'epoch': '26.34'}
{'loss': '0.1893', 'grad_norm': '4.193', 'learning_rate': '0.0001519', 'epoch': '27.32'}
{'eval_loss': '0.1879', 'eval_runtime': '15.95', 'eval_samples_per_second': '274', 'eval_steps_per_second': '2.884', 'epoch': '27.32'}
{'loss': '0.1674', 'grad_norm': '7.388', 'learning_rate': '0.0001417', 'epoch': '28.29'}
{'eval_loss': '0.1947', 'eval_runtime': '16', 'eval_samples_per_second': '273.1', 'eval_steps_per_second': '2.875', 'epoch': '28.29'}
{'loss': '0.1606', 'grad_norm': '4.151', 'learning_rate': '0.0001316', 'epoch': '29.27'}
{'eval_loss': '0.1968', 'eval_runtime': '15.98', 'eval_samples_per_second': '273.3', 'eval_steps_per_second': '2.878', 'epoch': '29.27'}
{'loss': '0.1475', 'grad_norm': '4.551', 'learning_rate': '0.0001215', 'epoch': '30.24'}
{'eval_loss': '0.1951', 'eval_runtime': '16.01', 'eval_samples_per_second': '272.9', 'eval_steps_per_second': '2.873', 'epoch': '30.24'}
{'loss': '0.1375', 'grad_norm': '3.26', 'learning_rate': '0.0001115', 'epoch': '31.22'}
{'eval_loss': '0.2054', 'eval_runtime': '16.02', 'eval_samples_per_second': '272.7', 'eval_steps_per_second': '2.871', 'epoch': '31.22'}
{'loss': '0.1305', 'grad_norm': '1.022', 'learning_rate': '0.0001017', 'epoch': '32.2'}
{'eval_loss': '0.1868', 'eval_runtime': '16.02', 'eval_samples_per_second': '272.7', 'eval_steps_per_second': '2.871', 'epoch': '32.2'}
{'loss': '0.1223', 'grad_norm': '2.492', 'learning_rate': '9.218e-05', 'epoch': '33.17'}
{'eval_loss': '0.1878', 'eval_runtime': '16.02', 'eval_samples_per_second': '272.8', 'eval_steps_per_second': '2.872', 'epoch': '33.17'}
{'loss': '0.1169', 'grad_norm': '1.821', 'learning_rate': '8.289e-05', 'epoch': '34.15'}
{'eval_loss': '0.1883', 'eval_runtime': '16', 'eval_samples_per_second': '273', 'eval_steps_per_second': '2.874', 'epoch': '34.15'}
{'loss': '0.1117', 'grad_norm': '1.11', 'learning_rate': '7.392e-05', 'epoch': '35.12'}
{'eval_loss': '0.196', 'eval_runtime': '16', 'eval_samples_per_second': '273.1', 'eval_steps_per_second': '2.875', 'epoch': '35.12'}
{'loss': '0.1074', 'grad_norm': '1.63', 'learning_rate': '6.53e-05', 'epoch': '36.1'}
{'eval_loss': '0.1822', 'eval_runtime': '16.02', 'eval_samples_per_second': '272.8', 'eval_steps_per_second': '2.872', 'epoch': '36.1'}
{'loss': '0.1037', 'grad_norm': '0.5466', 'learning_rate': '5.707e-05', 'epoch': '37.07'}
{'eval_loss': '0.1876', 'eval_runtime': '16.02', 'eval_samples_per_second': '272.7', 'eval_steps_per_second': '2.871', 'epoch': '37.07'}
{'loss': '0.09994', 'grad_norm': '1.464', 'learning_rate': '4.927e-05', 'epoch': '38.05'}
{'eval_loss': '0.1932', 'eval_runtime': '16.06', 'eval_samples_per_second': '272', 'eval_steps_per_second': '2.864', 'epoch': '38.05'}
{'loss': '0.09716', 'grad_norm': '1.65', 'learning_rate': '4.194e-05', 'epoch': '39.02'}
{'eval_loss': '0.1913', 'eval_runtime': '16.02', 'eval_samples_per_second': '272.8', 'eval_steps_per_second': '2.872', 'epoch': '39.02'}
{'loss': '0.0945', 'grad_norm': '0.8168', 'learning_rate': '3.511e-05', 'epoch': '40'}
{'eval_loss': '0.1901', 'eval_runtime': '16', 'eval_samples_per_second': '273', 'eval_steps_per_second': '2.875', 'epoch': '40'}
{'loss': '0.09263', 'grad_norm': '1.269', 'learning_rate': '2.881e-05', 'epoch': '40.98'}
{'eval_loss': '0.193', 'eval_runtime': '16.01', 'eval_samples_per_second': '272.9', 'eval_steps_per_second': '2.873', 'epoch': '40.98'}
{'train_runtime': '1.761e+04', 'train_samples_per_second': '111.6', 'train_steps_per_second': '1.164', 'train_loss': '0.8029', 'epoch': '40.98'}
Evaluating (Mean Loss)...
Calculating per-sequence surprisals...
Fold 1 Evaluation per token: 0.1822
Fold 1 Entropy per sequence: 6.8669

--- Starting Fold 2/10 ---
Fold 2 sizes: Train=39313, Eval=4369
Loading tokenizer...
Found 68 POS tags: ['-LRB-', '-RRB-', 'ADD', 'ADJP', 'ADVP', 'AFX', 'CC', 'CD', 'CONJP', 'DT', 'EX', 'FRAG', 'FW', 'HYPH', 'IN', 'INTJ', 'JJ', 'JJR', 'JJS', 'LS', 'LST', 'MD', 'NFP', 'NML', 'NN', 'NNP', 'NNPS', 'NNS', 'NP', 'PDT', 'POS', 'PP', 'PRN', 'PRP', 'PRP$', 'PRT', 'QP', 'RB', 'RBR', 'RBS', 'ROOT', 'RP', 'RRC', 'S', 'SBAR', 'SBARQ', 'SINV', 'SQ', 'SYM', 'TO', 'UCP', 'UH', 'VB', 'VBD', 'VBG', 'VBN', 'VBP', 'VBZ', 'VP', 'WDT', 'WHADJP', 'WHADVP', 'WHNP', 'WHPP', 'WP', 'WP$', 'WRB', 'X']
Found 0 phrase labels: []
Adding manual additions: ( ) # $ . , ''
Preprocessing...
Token length per parse sequence: 37.9421
Initializing DualEncoder model...
Loading  weights...
Missing keys: ['prosody_encoder.pos_table', 'prosody_encoder.mag_table', 'prosody_encoder.transformer.layers.0.self_attn.in_proj_weight', 'prosody_encoder.transformer.layers.0.self_attn.in_proj_bias', 'prosody_encoder.transformer.layers.0.self_attn.out_proj.weight', 'prosody_encoder.transformer.layers.0.self_attn.out_proj.bias', 'prosody_encoder.transformer.layers.0.linear1.weight', 'prosody_encoder.transformer.layers.0.linear1.bias', 'prosody_encoder.transformer.layers.0.linear2.weight', 'prosody_encoder.transformer.layers.0.linear2.bias', 'prosody_encoder.transformer.layers.0.norm1.weight', 'prosody_encoder.transformer.layers.0.norm1.bias', 'prosody_encoder.transformer.layers.0.norm2.weight', 'prosody_encoder.transformer.layers.0.norm2.bias', 'prosody_encoder.transformer.layers.1.self_attn.in_proj_weight', 'prosody_encoder.transformer.layers.1.self_attn.in_proj_bias', 'prosody_encoder.transformer.layers.1.self_attn.out_proj.weight', 'prosody_encoder.transformer.layers.1.self_attn.out_proj.bias', 'prosody_encoder.transformer.layers.1.linear1.weight', 'prosody_encoder.transformer.layers.1.linear1.bias', 'prosody_encoder.transformer.layers.1.linear2.weight', 'prosody_encoder.transformer.layers.1.linear2.bias', 'prosody_encoder.transformer.layers.1.norm1.weight', 'prosody_encoder.transformer.layers.1.norm1.bias', 'prosody_encoder.transformer.layers.1.norm2.weight', 'prosody_encoder.transformer.layers.1.norm2.bias', 'prosody_encoder.up_proj.weight', 'prosody_encoder.up_proj.bias', 'prosody_up.weight', 'prosody_up.bias', 'cross_attn.in_proj_weight', 'cross_attn.in_proj_bias', 'cross_attn.out_proj.weight', 'cross_attn.out_proj.bias', 'fusion_layer_norm.weight', 'fusion_layer_norm.bias']
Unexpected keys: []
Re-initializing decoder layer, to be trained from scratch
Training...
{'loss': '22.07', 'grad_norm': '107.7', 'learning_rate': '5.839e-05', 'epoch': '0.9756'}
{'eval_loss': '1.011', 'eval_runtime': '16', 'eval_samples_per_second': '273', 'eval_steps_per_second': '2.875', 'epoch': '0.9756'}
{'loss': '1.7', 'grad_norm': '14.06', 'learning_rate': '0.0001169', 'epoch': '1.951'}
{'eval_loss': '1.154', 'eval_runtime': '16.01', 'eval_samples_per_second': '272.8', 'eval_steps_per_second': '2.872', 'epoch': '1.951'}
{'loss': '1.264', 'grad_norm': '95.58', 'learning_rate': '0.0001755', 'epoch': '2.927'}
{'eval_loss': '0.9676', 'eval_runtime': '16.02', 'eval_samples_per_second': '272.8', 'eval_steps_per_second': '2.872', 'epoch': '2.927'}
{'loss': '0.9544', 'grad_norm': '72.42', 'learning_rate': '0.000234', 'epoch': '3.902'}
{'eval_loss': '0.6528', 'eval_runtime': '16', 'eval_samples_per_second': '273.1', 'eval_steps_per_second': '2.876', 'epoch': '3.902'}
{'loss': '0.8315', 'grad_norm': '29.1', 'learning_rate': '0.0002925', 'epoch': '4.878'}
{'eval_loss': '0.7021', 'eval_runtime': '15.98', 'eval_samples_per_second': '273.3', 'eval_steps_per_second': '2.878', 'epoch': '4.878'}
{'loss': '0.7149', 'grad_norm': '7.318', 'learning_rate': '0.0002997', 'epoch': '5.854'}
{'eval_loss': '0.5108', 'eval_runtime': '16.01', 'eval_samples_per_second': '272.8', 'eval_steps_per_second': '2.872', 'epoch': '5.854'}
{'loss': '0.6054', 'grad_norm': '11.27', 'learning_rate': '0.0002988', 'epoch': '6.829'}
{'eval_loss': '0.7286', 'eval_runtime': '16', 'eval_samples_per_second': '273.1', 'eval_steps_per_second': '2.876', 'epoch': '6.829'}
{'loss': '0.5627', 'grad_norm': '2.155', 'learning_rate': '0.0002971', 'epoch': '7.805'}
{'eval_loss': '0.4712', 'eval_runtime': '16', 'eval_samples_per_second': '273.1', 'eval_steps_per_second': '2.875', 'epoch': '7.805'}
{'loss': '0.5477', 'grad_norm': '6.464', 'learning_rate': '0.0002948', 'epoch': '8.78'}
{'eval_loss': '0.5116', 'eval_runtime': '16', 'eval_samples_per_second': '273', 'eval_steps_per_second': '2.875', 'epoch': '8.78'}
{'loss': '0.5165', 'grad_norm': '3.663', 'learning_rate': '0.0002918', 'epoch': '9.756'}
{'eval_loss': '0.4524', 'eval_runtime': '16', 'eval_samples_per_second': '273.1', 'eval_steps_per_second': '2.875', 'epoch': '9.756'}
{'loss': '0.5057', 'grad_norm': '27.06', 'learning_rate': '0.0002882', 'epoch': '10.73'}
{'eval_loss': '0.4705', 'eval_runtime': '15.98', 'eval_samples_per_second': '273.5', 'eval_steps_per_second': '2.879', 'epoch': '10.73'}
{'loss': '0.4934', 'grad_norm': '10.65', 'learning_rate': '0.0002839', 'epoch': '11.71'}
{'eval_loss': '0.4884', 'eval_runtime': '16', 'eval_samples_per_second': '273', 'eval_steps_per_second': '2.874', 'epoch': '11.71'}
{'loss': '0.4819', 'grad_norm': '17.87', 'learning_rate': '0.0002789', 'epoch': '12.68'}
{'eval_loss': '0.4446', 'eval_runtime': '15.97', 'eval_samples_per_second': '273.5', 'eval_steps_per_second': '2.88', 'epoch': '12.68'}
{'loss': '0.4686', 'grad_norm': '33.74', 'learning_rate': '0.0002734', 'epoch': '13.66'}
{'eval_loss': '0.4856', 'eval_runtime': '15.96', 'eval_samples_per_second': '273.7', 'eval_steps_per_second': '2.881', 'epoch': '13.66'}
{'loss': '0.4606', 'grad_norm': '4.307', 'learning_rate': '0.0002673', 'epoch': '14.63'}
{'eval_loss': '0.4244', 'eval_runtime': '15.95', 'eval_samples_per_second': '273.9', 'eval_steps_per_second': '2.883', 'epoch': '14.63'}
{'loss': '0.4397', 'grad_norm': '12.4', 'learning_rate': '0.0002607', 'epoch': '15.61'}
{'eval_loss': '0.4147', 'eval_runtime': '15.97', 'eval_samples_per_second': '273.5', 'eval_steps_per_second': '2.88', 'epoch': '15.61'}
{'loss': '0.4264', 'grad_norm': '1.007', 'learning_rate': '0.0002536', 'epoch': '16.59'}
{'eval_loss': '0.3712', 'eval_runtime': '16.02', 'eval_samples_per_second': '272.8', 'eval_steps_per_second': '2.872', 'epoch': '16.59'}
{'loss': '0.4106', 'grad_norm': '4.332', 'learning_rate': '0.0002459', 'epoch': '17.56'}
{'eval_loss': '0.3704', 'eval_runtime': '16', 'eval_samples_per_second': '273', 'eval_steps_per_second': '2.874', 'epoch': '17.56'}
{'loss': '0.3834', 'grad_norm': '7.06', 'learning_rate': '0.0002379', 'epoch': '18.54'}
{'eval_loss': '0.3512', 'eval_runtime': '15.95', 'eval_samples_per_second': '274', 'eval_steps_per_second': '2.885', 'epoch': '18.54'}
{'loss': '0.3571', 'grad_norm': '2.861', 'learning_rate': '0.0002294', 'epoch': '19.51'}
{'eval_loss': '0.2827', 'eval_runtime': '16.01', 'eval_samples_per_second': '273', 'eval_steps_per_second': '2.874', 'epoch': '19.51'}
{'loss': '0.3288', 'grad_norm': '2.258', 'learning_rate': '0.0002206', 'epoch': '20.49'}
{'eval_loss': '0.2836', 'eval_runtime': '15.99', 'eval_samples_per_second': '273.3', 'eval_steps_per_second': '2.877', 'epoch': '20.49'}
{'loss': '0.3015', 'grad_norm': '26.73', 'learning_rate': '0.0002114', 'epoch': '21.46'}
{'eval_loss': '0.3605', 'eval_runtime': '16', 'eval_samples_per_second': '273.1', 'eval_steps_per_second': '2.875', 'epoch': '21.46'}
{'loss': '0.2787', 'grad_norm': '15.66', 'learning_rate': '0.0002019', 'epoch': '22.44'}
{'eval_loss': '0.312', 'eval_runtime': '16', 'eval_samples_per_second': '273.1', 'eval_steps_per_second': '2.876', 'epoch': '22.44'}
{'loss': '0.2476', 'grad_norm': '14.7', 'learning_rate': '0.0001922', 'epoch': '23.41'}
{'eval_loss': '0.2243', 'eval_runtime': '15.98', 'eval_samples_per_second': '273.4', 'eval_steps_per_second': '2.878', 'epoch': '23.41'}
{'loss': '0.2264', 'grad_norm': '3.823', 'learning_rate': '0.0001823', 'epoch': '24.39'}
{'eval_loss': '0.2193', 'eval_runtime': '15.98', 'eval_samples_per_second': '273.5', 'eval_steps_per_second': '2.879', 'epoch': '24.39'}
{'loss': '0.2108', 'grad_norm': '0.6719', 'learning_rate': '0.0001723', 'epoch': '25.37'}
{'eval_loss': '0.2088', 'eval_runtime': '16.03', 'eval_samples_per_second': '272.5', 'eval_steps_per_second': '2.869', 'epoch': '25.37'}
{'loss': '0.1998', 'grad_norm': '0.4991', 'learning_rate': '0.0001621', 'epoch': '26.34'}
{'eval_loss': '0.2017', 'eval_runtime': '15.99', 'eval_samples_per_second': '273.2', 'eval_steps_per_second': '2.876', 'epoch': '26.34'}
{'loss': '0.1832', 'grad_norm': '6.862', 'learning_rate': '0.0001519', 'epoch': '27.32'}
{'eval_loss': '0.2144', 'eval_runtime': '16.06', 'eval_samples_per_second': '272.1', 'eval_steps_per_second': '2.865', 'epoch': '27.32'}
{'loss': '0.1726', 'grad_norm': '4.694', 'learning_rate': '0.0001417', 'epoch': '28.29'}
{'eval_loss': '0.1891', 'eval_runtime': '16.03', 'eval_samples_per_second': '272.6', 'eval_steps_per_second': '2.87', 'epoch': '28.29'}
{'loss': '0.1531', 'grad_norm': '1.904', 'learning_rate': '0.0001316', 'epoch': '29.27'}
{'eval_loss': '0.1852', 'eval_runtime': '16.02', 'eval_samples_per_second': '272.7', 'eval_steps_per_second': '2.871', 'epoch': '29.27'}
{'loss': '0.1425', 'grad_norm': '1.394', 'learning_rate': '0.0001215', 'epoch': '30.24'}
{'eval_loss': '0.1934', 'eval_runtime': '16.02', 'eval_samples_per_second': '272.7', 'eval_steps_per_second': '2.872', 'epoch': '30.24'}
{'loss': '0.1339', 'grad_norm': '1.733', 'learning_rate': '0.0001115', 'epoch': '31.22'}
{'eval_loss': '0.1875', 'eval_runtime': '16.05', 'eval_samples_per_second': '272.1', 'eval_steps_per_second': '2.865', 'epoch': '31.22'}
{'loss': '0.1265', 'grad_norm': '3.359', 'learning_rate': '0.0001017', 'epoch': '32.2'}
{'eval_loss': '0.1876', 'eval_runtime': '16.01', 'eval_samples_per_second': '272.9', 'eval_steps_per_second': '2.873', 'epoch': '32.2'}
{'loss': '0.1194', 'grad_norm': '0.996', 'learning_rate': '9.218e-05', 'epoch': '33.17'}
{'eval_loss': '0.1866', 'eval_runtime': '16.05', 'eval_samples_per_second': '272.2', 'eval_steps_per_second': '2.866', 'epoch': '33.17'}
{'loss': '0.1138', 'grad_norm': '0.3733', 'learning_rate': '8.289e-05', 'epoch': '34.15'}
{'eval_loss': '0.1869', 'eval_runtime': '16.02', 'eval_samples_per_second': '272.7', 'eval_steps_per_second': '2.871', 'epoch': '34.15'}
{'train_runtime': '1.467e+04', 'train_samples_per_second': '134', 'train_steps_per_second': '1.397', 'train_loss': '1.061', 'epoch': '34.15'}
Evaluating (Mean Loss)...
Calculating per-sequence surprisals...
Fold 2 Evaluation per token: 0.1852
Fold 2 Entropy per sequence: 7.0269

--- Starting Fold 3/10 ---
Fold 3 sizes: Train=39314, Eval=4368
Loading tokenizer...
Found 68 POS tags: ['-LRB-', '-RRB-', 'ADD', 'ADJP', 'ADVP', 'AFX', 'CC', 'CD', 'CONJP', 'DT', 'EX', 'FRAG', 'FW', 'HYPH', 'IN', 'INTJ', 'JJ', 'JJR', 'JJS', 'LS', 'LST', 'MD', 'NFP', 'NML', 'NN', 'NNP', 'NNPS', 'NNS', 'NP', 'PDT', 'POS', 'PP', 'PRN', 'PRP', 'PRP$', 'PRT', 'QP', 'RB', 'RBR', 'RBS', 'ROOT', 'RP', 'RRC', 'S', 'SBAR', 'SBARQ', 'SINV', 'SQ', 'SYM', 'TO', 'UCP', 'UH', 'VB', 'VBD', 'VBG', 'VBN', 'VBP', 'VBZ', 'VP', 'WDT', 'WHADJP', 'WHADVP', 'WHNP', 'WHPP', 'WP', 'WP$', 'WRB', 'X']
Found 0 phrase labels: []
Adding manual additions: ( ) # $ . , ''
Preprocessing...
Token length per parse sequence: 37.2367
Initializing DualEncoder model...
Loading  weights...
Missing keys: ['prosody_encoder.pos_table', 'prosody_encoder.mag_table', 'prosody_encoder.transformer.layers.0.self_attn.in_proj_weight', 'prosody_encoder.transformer.layers.0.self_attn.in_proj_bias', 'prosody_encoder.transformer.layers.0.self_attn.out_proj.weight', 'prosody_encoder.transformer.layers.0.self_attn.out_proj.bias', 'prosody_encoder.transformer.layers.0.linear1.weight', 'prosody_encoder.transformer.layers.0.linear1.bias', 'prosody_encoder.transformer.layers.0.linear2.weight', 'prosody_encoder.transformer.layers.0.linear2.bias', 'prosody_encoder.transformer.layers.0.norm1.weight', 'prosody_encoder.transformer.layers.0.norm1.bias', 'prosody_encoder.transformer.layers.0.norm2.weight', 'prosody_encoder.transformer.layers.0.norm2.bias', 'prosody_encoder.transformer.layers.1.self_attn.in_proj_weight', 'prosody_encoder.transformer.layers.1.self_attn.in_proj_bias', 'prosody_encoder.transformer.layers.1.self_attn.out_proj.weight', 'prosody_encoder.transformer.layers.1.self_attn.out_proj.bias', 'prosody_encoder.transformer.layers.1.linear1.weight', 'prosody_encoder.transformer.layers.1.linear1.bias', 'prosody_encoder.transformer.layers.1.linear2.weight', 'prosody_encoder.transformer.layers.1.linear2.bias', 'prosody_encoder.transformer.layers.1.norm1.weight', 'prosody_encoder.transformer.layers.1.norm1.bias', 'prosody_encoder.transformer.layers.1.norm2.weight', 'prosody_encoder.transformer.layers.1.norm2.bias', 'prosody_encoder.up_proj.weight', 'prosody_encoder.up_proj.bias', 'prosody_up.weight', 'prosody_up.bias', 'cross_attn.in_proj_weight', 'cross_attn.in_proj_bias', 'cross_attn.out_proj.weight', 'cross_attn.out_proj.bias', 'fusion_layer_norm.weight', 'fusion_layer_norm.bias']
Unexpected keys: []
Re-initializing decoder layer, to be trained from scratch
Training...
{'loss': '16.74', 'grad_norm': '177.9', 'learning_rate': '5.839e-05', 'epoch': '0.9756'}
{'eval_loss': '2.173', 'eval_runtime': '16.05', 'eval_samples_per_second': '272.2', 'eval_steps_per_second': '2.867', 'epoch': '0.9756'}
{'loss': '1.742', 'grad_norm': '72.2', 'learning_rate': '0.0001169', 'epoch': '1.951'}
{'eval_loss': '1.683', 'eval_runtime': '16.05', 'eval_samples_per_second': '272.1', 'eval_steps_per_second': '2.866', 'epoch': '1.951'}
{'loss': '1.252', 'grad_norm': '42.97', 'learning_rate': '0.0001755', 'epoch': '2.927'}
{'eval_loss': '0.7208', 'eval_runtime': '16', 'eval_samples_per_second': '273.1', 'eval_steps_per_second': '2.876', 'epoch': '2.927'}
{'loss': '0.9582', 'grad_norm': '10.84', 'learning_rate': '0.000234', 'epoch': '3.902'}
{'eval_loss': '0.608', 'eval_runtime': '16.02', 'eval_samples_per_second': '272.7', 'eval_steps_per_second': '2.872', 'epoch': '3.902'}
{'loss': '0.8292', 'grad_norm': '36.39', 'learning_rate': '0.0002925', 'epoch': '4.878'}
{'eval_loss': '0.9296', 'eval_runtime': '16', 'eval_samples_per_second': '273.1', 'eval_steps_per_second': '2.876', 'epoch': '4.878'}
{'loss': '0.67', 'grad_norm': '32.12', 'learning_rate': '0.0002997', 'epoch': '5.854'}
{'eval_loss': '0.6125', 'eval_runtime': '16.02', 'eval_samples_per_second': '272.7', 'eval_steps_per_second': '2.872', 'epoch': '5.854'}
{'loss': '0.6338', 'grad_norm': '5.257', 'learning_rate': '0.0002988', 'epoch': '6.829'}
{'eval_loss': '0.487', 'eval_runtime': '16.06', 'eval_samples_per_second': '272', 'eval_steps_per_second': '2.865', 'epoch': '6.829'}
{'loss': '0.573', 'grad_norm': '1.861', 'learning_rate': '0.0002971', 'epoch': '7.805'}
{'eval_loss': '0.4698', 'eval_runtime': '16.06', 'eval_samples_per_second': '271.9', 'eval_steps_per_second': '2.864', 'epoch': '7.805'}
{'loss': '0.5366', 'grad_norm': '0.9296', 'learning_rate': '0.0002948', 'epoch': '8.78'}
{'eval_loss': '0.4853', 'eval_runtime': '16.05', 'eval_samples_per_second': '272.1', 'eval_steps_per_second': '2.865', 'epoch': '8.78'}
{'loss': '0.5303', 'grad_norm': '1.964', 'learning_rate': '0.0002918', 'epoch': '9.756'}
{'eval_loss': '0.4532', 'eval_runtime': '16.05', 'eval_samples_per_second': '272.2', 'eval_steps_per_second': '2.866', 'epoch': '9.756'}
{'loss': '0.5019', 'grad_norm': '2.349', 'learning_rate': '0.0002882', 'epoch': '10.73'}
{'eval_loss': '0.4575', 'eval_runtime': '16.02', 'eval_samples_per_second': '272.7', 'eval_steps_per_second': '2.872', 'epoch': '10.73'}
{'loss': '0.4842', 'grad_norm': '11.69', 'learning_rate': '0.0002839', 'epoch': '11.71'}
{'eval_loss': '0.4916', 'eval_runtime': '16.07', 'eval_samples_per_second': '271.8', 'eval_steps_per_second': '2.862', 'epoch': '11.71'}
{'loss': '0.4827', 'grad_norm': '14.38', 'learning_rate': '0.0002789', 'epoch': '12.68'}
{'eval_loss': '0.4322', 'eval_runtime': '16.06', 'eval_samples_per_second': '272', 'eval_steps_per_second': '2.865', 'epoch': '12.68'}
{'loss': '0.487', 'grad_norm': '10.46', 'learning_rate': '0.0002734', 'epoch': '13.66'}
{'eval_loss': '0.4398', 'eval_runtime': '16.05', 'eval_samples_per_second': '272.1', 'eval_steps_per_second': '2.865', 'epoch': '13.66'}
{'loss': '0.4422', 'grad_norm': '8.164', 'learning_rate': '0.0002673', 'epoch': '14.63'}
{'eval_loss': '0.4299', 'eval_runtime': '16.02', 'eval_samples_per_second': '272.7', 'eval_steps_per_second': '2.872', 'epoch': '14.63'}
{'loss': '0.438', 'grad_norm': '41.23', 'learning_rate': '0.0002607', 'epoch': '15.61'}
{'eval_loss': '0.5405', 'eval_runtime': '16.06', 'eval_samples_per_second': '272', 'eval_steps_per_second': '2.865', 'epoch': '15.61'}
{'loss': '0.414', 'grad_norm': '21.06', 'learning_rate': '0.0002536', 'epoch': '16.59'}
{'eval_loss': '0.3805', 'eval_runtime': '16', 'eval_samples_per_second': '273', 'eval_steps_per_second': '2.875', 'epoch': '16.59'}
{'loss': '0.3902', 'grad_norm': '5.904', 'learning_rate': '0.0002459', 'epoch': '17.56'}
{'eval_loss': '0.3163', 'eval_runtime': '16.04', 'eval_samples_per_second': '272.3', 'eval_steps_per_second': '2.867', 'epoch': '17.56'}
{'loss': '0.3703', 'grad_norm': '15.24', 'learning_rate': '0.0002379', 'epoch': '18.54'}
{'eval_loss': '0.3371', 'eval_runtime': '16.03', 'eval_samples_per_second': '272.4', 'eval_steps_per_second': '2.869', 'epoch': '18.54'}
{'loss': '0.3397', 'grad_norm': '11.17', 'learning_rate': '0.0002294', 'epoch': '19.51'}
{'eval_loss': '0.3942', 'eval_runtime': '16.04', 'eval_samples_per_second': '272.3', 'eval_steps_per_second': '2.868', 'epoch': '19.51'}
{'loss': '0.3115', 'grad_norm': '6.902', 'learning_rate': '0.0002206', 'epoch': '20.49'}
{'eval_loss': '0.2902', 'eval_runtime': '16.01', 'eval_samples_per_second': '272.8', 'eval_steps_per_second': '2.873', 'epoch': '20.49'}
{'loss': '0.2821', 'grad_norm': '16.44', 'learning_rate': '0.0002114', 'epoch': '21.46'}
{'eval_loss': '0.3174', 'eval_runtime': '16.05', 'eval_samples_per_second': '272.1', 'eval_steps_per_second': '2.866', 'epoch': '21.46'}
{'loss': '0.2589', 'grad_norm': '2.536', 'learning_rate': '0.0002019', 'epoch': '22.44'}
{'eval_loss': '0.225', 'eval_runtime': '16.05', 'eval_samples_per_second': '272.1', 'eval_steps_per_second': '2.865', 'epoch': '22.44'}
{'loss': '0.2379', 'grad_norm': '10.43', 'learning_rate': '0.0001922', 'epoch': '23.41'}
{'eval_loss': '0.2487', 'eval_runtime': '16.04', 'eval_samples_per_second': '272.3', 'eval_steps_per_second': '2.868', 'epoch': '23.41'}
{'loss': '0.2104', 'grad_norm': '8.213', 'learning_rate': '0.0001823', 'epoch': '24.39'}
{'eval_loss': '0.2667', 'eval_runtime': '16.07', 'eval_samples_per_second': '271.8', 'eval_steps_per_second': '2.863', 'epoch': '24.39'}
{'loss': '0.2166', 'grad_norm': '6.22', 'learning_rate': '0.0001723', 'epoch': '25.37'}
{'eval_loss': '0.2046', 'eval_runtime': '16.06', 'eval_samples_per_second': '272', 'eval_steps_per_second': '2.865', 'epoch': '25.37'}
{'loss': '0.1836', 'grad_norm': '3.501', 'learning_rate': '0.0001621', 'epoch': '26.34'}
{'eval_loss': '0.2274', 'eval_runtime': '16.06', 'eval_samples_per_second': '272', 'eval_steps_per_second': '2.864', 'epoch': '26.34'}
{'loss': '0.1667', 'grad_norm': '4.024', 'learning_rate': '0.0001519', 'epoch': '27.32'}
{'eval_loss': '0.1934', 'eval_runtime': '16.04', 'eval_samples_per_second': '272.3', 'eval_steps_per_second': '2.867', 'epoch': '27.32'}
{'loss': '0.1516', 'grad_norm': '6.144', 'learning_rate': '0.0001417', 'epoch': '28.29'}
{'eval_loss': '0.2124', 'eval_runtime': '16.04', 'eval_samples_per_second': '272.4', 'eval_steps_per_second': '2.868', 'epoch': '28.29'}
{'loss': '0.1444', 'grad_norm': '0.4287', 'learning_rate': '0.0001316', 'epoch': '29.27'}
{'eval_loss': '0.1944', 'eval_runtime': '16.01', 'eval_samples_per_second': '272.8', 'eval_steps_per_second': '2.873', 'epoch': '29.27'}
{'loss': '0.1374', 'grad_norm': '1.552', 'learning_rate': '0.0001215', 'epoch': '30.24'}
{'eval_loss': '0.208', 'eval_runtime': '16.01', 'eval_samples_per_second': '272.8', 'eval_steps_per_second': '2.873', 'epoch': '30.24'}
{'loss': '0.1279', 'grad_norm': '0.327', 'learning_rate': '0.0001115', 'epoch': '31.22'}
{'eval_loss': '0.1991', 'eval_runtime': '16.01', 'eval_samples_per_second': '272.8', 'eval_steps_per_second': '2.873', 'epoch': '31.22'}
{'loss': '0.1193', 'grad_norm': '3.22', 'learning_rate': '0.0001017', 'epoch': '32.2'}
{'eval_loss': '0.1939', 'eval_runtime': '16', 'eval_samples_per_second': '273', 'eval_steps_per_second': '2.875', 'epoch': '32.2'}
{'train_runtime': '1.384e+04', 'train_samples_per_second': '142', 'train_steps_per_second': '1.481', 'train_loss': '0.9503', 'epoch': '32.2'}
Evaluating (Mean Loss)...
Calculating per-sequence surprisals...
Fold 3 Evaluation per token: 0.1934
Fold 3 Entropy per sequence: 7.2000

--- Starting Fold 4/10 ---
Fold 4 sizes: Train=39314, Eval=4368
Loading tokenizer...
Found 68 POS tags: ['-LRB-', '-RRB-', 'ADD', 'ADJP', 'ADVP', 'AFX', 'CC', 'CD', 'CONJP', 'DT', 'EX', 'FRAG', 'FW', 'HYPH', 'IN', 'INTJ', 'JJ', 'JJR', 'JJS', 'LS', 'LST', 'MD', 'NFP', 'NML', 'NN', 'NNP', 'NNPS', 'NNS', 'NP', 'PDT', 'POS', 'PP', 'PRN', 'PRP', 'PRP$', 'PRT', 'QP', 'RB', 'RBR', 'RBS', 'ROOT', 'RP', 'RRC', 'S', 'SBAR', 'SBARQ', 'SINV', 'SQ', 'SYM', 'TO', 'UCP', 'UH', 'VB', 'VBD', 'VBG', 'VBN', 'VBP', 'VBZ', 'VP', 'WDT', 'WHADJP', 'WHADVP', 'WHNP', 'WHPP', 'WP', 'WP$', 'WRB', 'X']
Found 0 phrase labels: []
Adding manual additions: ( ) # $ . , ''
Preprocessing...
Token length per parse sequence: 38.0055
Initializing DualEncoder model...
Loading  weights...
Missing keys: ['prosody_encoder.pos_table', 'prosody_encoder.mag_table', 'prosody_encoder.transformer.layers.0.self_attn.in_proj_weight', 'prosody_encoder.transformer.layers.0.self_attn.in_proj_bias', 'prosody_encoder.transformer.layers.0.self_attn.out_proj.weight', 'prosody_encoder.transformer.layers.0.self_attn.out_proj.bias', 'prosody_encoder.transformer.layers.0.linear1.weight', 'prosody_encoder.transformer.layers.0.linear1.bias', 'prosody_encoder.transformer.layers.0.linear2.weight', 'prosody_encoder.transformer.layers.0.linear2.bias', 'prosody_encoder.transformer.layers.0.norm1.weight', 'prosody_encoder.transformer.layers.0.norm1.bias', 'prosody_encoder.transformer.layers.0.norm2.weight', 'prosody_encoder.transformer.layers.0.norm2.bias', 'prosody_encoder.transformer.layers.1.self_attn.in_proj_weight', 'prosody_encoder.transformer.layers.1.self_attn.in_proj_bias', 'prosody_encoder.transformer.layers.1.self_attn.out_proj.weight', 'prosody_encoder.transformer.layers.1.self_attn.out_proj.bias', 'prosody_encoder.transformer.layers.1.linear1.weight', 'prosody_encoder.transformer.layers.1.linear1.bias', 'prosody_encoder.transformer.layers.1.linear2.weight', 'prosody_encoder.transformer.layers.1.linear2.bias', 'prosody_encoder.transformer.layers.1.norm1.weight', 'prosody_encoder.transformer.layers.1.norm1.bias', 'prosody_encoder.transformer.layers.1.norm2.weight', 'prosody_encoder.transformer.layers.1.norm2.bias', 'prosody_encoder.up_proj.weight', 'prosody_encoder.up_proj.bias', 'prosody_up.weight', 'prosody_up.bias', 'cross_attn.in_proj_weight', 'cross_attn.in_proj_bias', 'cross_attn.out_proj.weight', 'cross_attn.out_proj.bias', 'fusion_layer_norm.weight', 'fusion_layer_norm.bias']
Unexpected keys: []
Re-initializing decoder layer, to be trained from scratch
Training...
{'loss': '16.74', 'grad_norm': '31.73', 'learning_rate': '5.839e-05', 'epoch': '0.9756'}
{'eval_loss': '1.019', 'eval_runtime': '16.01', 'eval_samples_per_second': '272.8', 'eval_steps_per_second': '2.873', 'epoch': '0.9756'}
{'loss': '1.877', 'grad_norm': '50.99', 'learning_rate': '0.0001169', 'epoch': '1.951'}
{'eval_loss': '1.308', 'eval_runtime': '16.02', 'eval_samples_per_second': '272.6', 'eval_steps_per_second': '2.871', 'epoch': '1.951'}
{'loss': '1.306', 'grad_norm': '8.823', 'learning_rate': '0.0001755', 'epoch': '2.927'}
{'eval_loss': '0.6361', 'eval_runtime': '16.01', 'eval_samples_per_second': '272.9', 'eval_steps_per_second': '2.874', 'epoch': '2.927'}
{'loss': '0.8949', 'grad_norm': '53.58', 'learning_rate': '0.000234', 'epoch': '3.902'}
{'eval_loss': '0.5736', 'eval_runtime': '16', 'eval_samples_per_second': '273', 'eval_steps_per_second': '2.875', 'epoch': '3.902'}
{'loss': '0.8417', 'grad_norm': '35.53', 'learning_rate': '0.0002925', 'epoch': '4.878'}
{'eval_loss': '0.7537', 'eval_runtime': '16.04', 'eval_samples_per_second': '272.3', 'eval_steps_per_second': '2.868', 'epoch': '4.878'}
{'loss': '0.6788', 'grad_norm': '7.562', 'learning_rate': '0.0002997', 'epoch': '5.854'}
{'eval_loss': '0.6751', 'eval_runtime': '16.03', 'eval_samples_per_second': '272.5', 'eval_steps_per_second': '2.87', 'epoch': '5.854'}
{'loss': '0.6587', 'grad_norm': '10.46', 'learning_rate': '0.0002988', 'epoch': '6.829'}
{'eval_loss': '0.5013', 'eval_runtime': '16.01', 'eval_samples_per_second': '272.8', 'eval_steps_per_second': '2.873', 'epoch': '6.829'}
{'loss': '0.5862', 'grad_norm': '1.716', 'learning_rate': '0.0002971', 'epoch': '7.805'}
{'eval_loss': '0.4924', 'eval_runtime': '16.02', 'eval_samples_per_second': '272.7', 'eval_steps_per_second': '2.872', 'epoch': '7.805'}
{'loss': '0.5602', 'grad_norm': '9.515', 'learning_rate': '0.0002948', 'epoch': '8.78'}
{'eval_loss': '0.4756', 'eval_runtime': '16.01', 'eval_samples_per_second': '272.8', 'eval_steps_per_second': '2.872', 'epoch': '8.78'}
{'loss': '0.5233', 'grad_norm': '14.59', 'learning_rate': '0.0002918', 'epoch': '9.756'}
{'eval_loss': '0.4667', 'eval_runtime': '16.02', 'eval_samples_per_second': '272.7', 'eval_steps_per_second': '2.872', 'epoch': '9.756'}
{'loss': '0.5133', 'grad_norm': '25.83', 'learning_rate': '0.0002882', 'epoch': '10.73'}
{'eval_loss': '0.4599', 'eval_runtime': '16.01', 'eval_samples_per_second': '272.8', 'eval_steps_per_second': '2.873', 'epoch': '10.73'}
{'loss': '0.4998', 'grad_norm': '20.82', 'learning_rate': '0.0002839', 'epoch': '11.71'}
{'eval_loss': '0.4982', 'eval_runtime': '16.02', 'eval_samples_per_second': '272.7', 'eval_steps_per_second': '2.872', 'epoch': '11.71'}
{'loss': '0.4854', 'grad_norm': '8.47', 'learning_rate': '0.0002789', 'epoch': '12.68'}
{'eval_loss': '0.4576', 'eval_runtime': '16.02', 'eval_samples_per_second': '272.7', 'eval_steps_per_second': '2.872', 'epoch': '12.68'}
{'loss': '0.4882', 'grad_norm': '13.35', 'learning_rate': '0.0002734', 'epoch': '13.66'}
{'eval_loss': '0.4509', 'eval_runtime': '16.02', 'eval_samples_per_second': '272.7', 'eval_steps_per_second': '2.872', 'epoch': '13.66'}
{'loss': '0.4702', 'grad_norm': '12.34', 'learning_rate': '0.0002673', 'epoch': '14.63'}
{'eval_loss': '0.4695', 'eval_runtime': '16.02', 'eval_samples_per_second': '272.6', 'eval_steps_per_second': '2.871', 'epoch': '14.63'}
{'loss': '0.4759', 'grad_norm': '23.13', 'learning_rate': '0.0002607', 'epoch': '15.61'}
{'eval_loss': '0.4606', 'eval_runtime': '16.07', 'eval_samples_per_second': '271.8', 'eval_steps_per_second': '2.862', 'epoch': '15.61'}
{'loss': '0.4546', 'grad_norm': '4.638', 'learning_rate': '0.0002536', 'epoch': '16.59'}
{'eval_loss': '0.4344', 'eval_runtime': '16.02', 'eval_samples_per_second': '272.6', 'eval_steps_per_second': '2.871', 'epoch': '16.59'}
{'loss': '0.451', 'grad_norm': '10.28', 'learning_rate': '0.0002459', 'epoch': '17.56'}
{'eval_loss': '0.4193', 'eval_runtime': '16.02', 'eval_samples_per_second': '272.7', 'eval_steps_per_second': '2.872', 'epoch': '17.56'}
{'loss': '0.4368', 'grad_norm': '6.02', 'learning_rate': '0.0002379', 'epoch': '18.54'}
{'eval_loss': '0.4001', 'eval_runtime': '16.01', 'eval_samples_per_second': '272.9', 'eval_steps_per_second': '2.874', 'epoch': '18.54'}
{'loss': '0.419', 'grad_norm': '2.018', 'learning_rate': '0.0002294', 'epoch': '19.51'}
{'eval_loss': '0.3881', 'eval_runtime': '16.01', 'eval_samples_per_second': '272.8', 'eval_steps_per_second': '2.873', 'epoch': '19.51'}
{'loss': '0.4125', 'grad_norm': '4.546', 'learning_rate': '0.0002206', 'epoch': '20.49'}
{'eval_loss': '0.4006', 'eval_runtime': '16.01', 'eval_samples_per_second': '272.8', 'eval_steps_per_second': '2.873', 'epoch': '20.49'}
{'loss': '0.3939', 'grad_norm': '7.284', 'learning_rate': '0.0002114', 'epoch': '21.46'}
{'eval_loss': '0.3751', 'eval_runtime': '16.02', 'eval_samples_per_second': '272.7', 'eval_steps_per_second': '2.871', 'epoch': '21.46'}
{'loss': '0.3654', 'grad_norm': '10.65', 'learning_rate': '0.0002019', 'epoch': '22.44'}
{'eval_loss': '0.325', 'eval_runtime': '16.05', 'eval_samples_per_second': '272.1', 'eval_steps_per_second': '2.866', 'epoch': '22.44'}
{'loss': '0.3396', 'grad_norm': '7.219', 'learning_rate': '0.0001922', 'epoch': '23.41'}
{'eval_loss': '0.308', 'eval_runtime': '16', 'eval_samples_per_second': '273.1', 'eval_steps_per_second': '2.876', 'epoch': '23.41'}
{'loss': '0.3064', 'grad_norm': '9.032', 'learning_rate': '0.0001823', 'epoch': '24.39'}
{'eval_loss': '0.3487', 'eval_runtime': '16.01', 'eval_samples_per_second': '272.8', 'eval_steps_per_second': '2.873', 'epoch': '24.39'}
{'loss': '0.2847', 'grad_norm': '0.6621', 'learning_rate': '0.0001723', 'epoch': '25.37'}
{'eval_loss': '0.2525', 'eval_runtime': '15.99', 'eval_samples_per_second': '273.1', 'eval_steps_per_second': '2.876', 'epoch': '25.37'}
{'loss': '0.2783', 'grad_norm': '10.6', 'learning_rate': '0.0001621', 'epoch': '26.34'}
{'eval_loss': '0.2733', 'eval_runtime': '15.99', 'eval_samples_per_second': '273.1', 'eval_steps_per_second': '2.876', 'epoch': '26.34'}
{'loss': '0.2422', 'grad_norm': '4.658', 'learning_rate': '0.0001519', 'epoch': '27.32'}
{'eval_loss': '0.2337', 'eval_runtime': '15.98', 'eval_samples_per_second': '273.4', 'eval_steps_per_second': '2.879', 'epoch': '27.32'}
{'loss': '0.2181', 'grad_norm': '1.597', 'learning_rate': '0.0001417', 'epoch': '28.29'}
{'eval_loss': '0.2077', 'eval_runtime': '16.02', 'eval_samples_per_second': '272.7', 'eval_steps_per_second': '2.872', 'epoch': '28.29'}
{'loss': '0.211', 'grad_norm': '1.665', 'learning_rate': '0.0001316', 'epoch': '29.27'}
{'eval_loss': '0.2152', 'eval_runtime': '16', 'eval_samples_per_second': '272.9', 'eval_steps_per_second': '2.874', 'epoch': '29.27'}
{'loss': '0.1939', 'grad_norm': '5.105', 'learning_rate': '0.0001215', 'epoch': '30.24'}
{'eval_loss': '0.1957', 'eval_runtime': '16', 'eval_samples_per_second': '273', 'eval_steps_per_second': '2.875', 'epoch': '30.24'}
{'loss': '0.1805', 'grad_norm': '2.426', 'learning_rate': '0.0001115', 'epoch': '31.22'}
{'eval_loss': '0.2039', 'eval_runtime': '15.99', 'eval_samples_per_second': '273.1', 'eval_steps_per_second': '2.876', 'epoch': '31.22'}
{'loss': '0.1649', 'grad_norm': '2.094', 'learning_rate': '0.0001017', 'epoch': '32.2'}
{'eval_loss': '0.1976', 'eval_runtime': '16.01', 'eval_samples_per_second': '272.8', 'eval_steps_per_second': '2.873', 'epoch': '32.2'}
{'loss': '0.1543', 'grad_norm': '2.12', 'learning_rate': '9.218e-05', 'epoch': '33.17'}
{'eval_loss': '0.1851', 'eval_runtime': '16', 'eval_samples_per_second': '273', 'eval_steps_per_second': '2.875', 'epoch': '33.17'}
{'loss': '0.146', 'grad_norm': '3.572', 'learning_rate': '8.289e-05', 'epoch': '34.15'}
{'eval_loss': '0.1943', 'eval_runtime': '15.99', 'eval_samples_per_second': '273.2', 'eval_steps_per_second': '2.877', 'epoch': '34.15'}
{'loss': '0.1408', 'grad_norm': '3.038', 'learning_rate': '7.392e-05', 'epoch': '35.12'}
{'eval_loss': '0.1977', 'eval_runtime': '15.99', 'eval_samples_per_second': '273.2', 'eval_steps_per_second': '2.877', 'epoch': '35.12'}
{'loss': '0.134', 'grad_norm': '2.487', 'learning_rate': '6.53e-05', 'epoch': '36.1'}
{'eval_loss': '0.198', 'eval_runtime': '16.01', 'eval_samples_per_second': '272.9', 'eval_steps_per_second': '2.874', 'epoch': '36.1'}
{'loss': '0.1289', 'grad_norm': '1.569', 'learning_rate': '5.707e-05', 'epoch': '37.07'}
{'eval_loss': '0.1902', 'eval_runtime': '16', 'eval_samples_per_second': '273', 'eval_steps_per_second': '2.875', 'epoch': '37.07'}
{'loss': '0.1234', 'grad_norm': '0.6494', 'learning_rate': '4.927e-05', 'epoch': '38.05'}
{'eval_loss': '0.1935', 'eval_runtime': '16.02', 'eval_samples_per_second': '272.7', 'eval_steps_per_second': '2.872', 'epoch': '38.05'}
{'train_runtime': '1.634e+04', 'train_samples_per_second': '120.3', 'train_steps_per_second': '1.254', 'train_loss': '0.8661', 'epoch': '38.05'}
Evaluating (Mean Loss)...
Calculating per-sequence surprisals...
Fold 4 Evaluation per token: 0.1851
Fold 4 Entropy per sequence: 7.0360

--- Starting Fold 5/10 ---
Fold 5 sizes: Train=39314, Eval=4368
Loading tokenizer...
Found 68 POS tags: ['-LRB-', '-RRB-', 'ADD', 'ADJP', 'ADVP', 'AFX', 'CC', 'CD', 'CONJP', 'DT', 'EX', 'FRAG', 'FW', 'HYPH', 'IN', 'INTJ', 'JJ', 'JJR', 'JJS', 'LS', 'LST', 'MD', 'NFP', 'NML', 'NN', 'NNP', 'NNPS', 'NNS', 'NP', 'PDT', 'POS', 'PP', 'PRN', 'PRP', 'PRP$', 'PRT', 'QP', 'RB', 'RBR', 'RBS', 'ROOT', 'RP', 'RRC', 'S', 'SBAR', 'SBARQ', 'SINV', 'SQ', 'SYM', 'TO', 'UCP', 'UH', 'VB', 'VBD', 'VBG', 'VBN', 'VBP', 'VBZ', 'VP', 'WDT', 'WHADJP', 'WHADVP', 'WHNP', 'WHPP', 'WP', 'WP$', 'WRB', 'X']
Found 0 phrase labels: []
Adding manual additions: ( ) # $ . , ''
Preprocessing...
Token length per parse sequence: 38.1392
Initializing DualEncoder model...
Loading  weights...
Missing keys: ['prosody_encoder.pos_table', 'prosody_encoder.mag_table', 'prosody_encoder.transformer.layers.0.self_attn.in_proj_weight', 'prosody_encoder.transformer.layers.0.self_attn.in_proj_bias', 'prosody_encoder.transformer.layers.0.self_attn.out_proj.weight', 'prosody_encoder.transformer.layers.0.self_attn.out_proj.bias', 'prosody_encoder.transformer.layers.0.linear1.weight', 'prosody_encoder.transformer.layers.0.linear1.bias', 'prosody_encoder.transformer.layers.0.linear2.weight', 'prosody_encoder.transformer.layers.0.linear2.bias', 'prosody_encoder.transformer.layers.0.norm1.weight', 'prosody_encoder.transformer.layers.0.norm1.bias', 'prosody_encoder.transformer.layers.0.norm2.weight', 'prosody_encoder.transformer.layers.0.norm2.bias', 'prosody_encoder.transformer.layers.1.self_attn.in_proj_weight', 'prosody_encoder.transformer.layers.1.self_attn.in_proj_bias', 'prosody_encoder.transformer.layers.1.self_attn.out_proj.weight', 'prosody_encoder.transformer.layers.1.self_attn.out_proj.bias', 'prosody_encoder.transformer.layers.1.linear1.weight', 'prosody_encoder.transformer.layers.1.linear1.bias', 'prosody_encoder.transformer.layers.1.linear2.weight', 'prosody_encoder.transformer.layers.1.linear2.bias', 'prosody_encoder.transformer.layers.1.norm1.weight', 'prosody_encoder.transformer.layers.1.norm1.bias', 'prosody_encoder.transformer.layers.1.norm2.weight', 'prosody_encoder.transformer.layers.1.norm2.bias', 'prosody_encoder.up_proj.weight', 'prosody_encoder.up_proj.bias', 'prosody_up.weight', 'prosody_up.bias', 'cross_attn.in_proj_weight', 'cross_attn.in_proj_bias', 'cross_attn.out_proj.weight', 'cross_attn.out_proj.bias', 'fusion_layer_norm.weight', 'fusion_layer_norm.bias']
Unexpected keys: []
Re-initializing decoder layer, to be trained from scratch
Training...
{'loss': '16.16', 'grad_norm': '75.38', 'learning_rate': '5.839e-05', 'epoch': '0.9756'}
{'eval_loss': '0.7952', 'eval_runtime': '15.98', 'eval_samples_per_second': '273.3', 'eval_steps_per_second': '2.878', 'epoch': '0.9756'}
{'loss': '1.696', 'grad_norm': '58.75', 'learning_rate': '0.0001169', 'epoch': '1.951'}
{'eval_loss': '0.8459', 'eval_runtime': '15.99', 'eval_samples_per_second': '273.2', 'eval_steps_per_second': '2.877', 'epoch': '1.951'}
{'loss': '1.201', 'grad_norm': '34.38', 'learning_rate': '0.0001755', 'epoch': '2.927'}
{'eval_loss': '0.6464', 'eval_runtime': '15.99', 'eval_samples_per_second': '273.2', 'eval_steps_per_second': '2.877', 'epoch': '2.927'}
{'loss': '0.9751', 'grad_norm': '26.65', 'learning_rate': '0.000234', 'epoch': '3.902'}
{'eval_loss': '0.6888', 'eval_runtime': '15.95', 'eval_samples_per_second': '273.8', 'eval_steps_per_second': '2.884', 'epoch': '3.902'}
{'loss': '0.7657', 'grad_norm': '11.68', 'learning_rate': '0.0002925', 'epoch': '4.878'}
{'eval_loss': '0.5552', 'eval_runtime': '16.01', 'eval_samples_per_second': '272.9', 'eval_steps_per_second': '2.873', 'epoch': '4.878'}
{'loss': '0.6834', 'grad_norm': '23.44', 'learning_rate': '0.0002997', 'epoch': '5.854'}
{'eval_loss': '0.5171', 'eval_runtime': '16.03', 'eval_samples_per_second': '272.6', 'eval_steps_per_second': '2.87', 'epoch': '5.854'}
{'loss': '0.6087', 'grad_norm': '20.92', 'learning_rate': '0.0002988', 'epoch': '6.829'}
{'eval_loss': '0.5217', 'eval_runtime': '16.03', 'eval_samples_per_second': '272.6', 'eval_steps_per_second': '2.87', 'epoch': '6.829'}
{'loss': '0.5815', 'grad_norm': '7.113', 'learning_rate': '0.0002971', 'epoch': '7.805'}
{'eval_loss': '0.5079', 'eval_runtime': '16.01', 'eval_samples_per_second': '272.9', 'eval_steps_per_second': '2.874', 'epoch': '7.805'}
{'loss': '0.543', 'grad_norm': '9.246', 'learning_rate': '0.0002948', 'epoch': '8.78'}
{'eval_loss': '0.5585', 'eval_runtime': '16.02', 'eval_samples_per_second': '272.7', 'eval_steps_per_second': '2.872', 'epoch': '8.78'}
{'loss': '0.5302', 'grad_norm': '19.26', 'learning_rate': '0.0002918', 'epoch': '9.756'}
{'eval_loss': '0.4893', 'eval_runtime': '16', 'eval_samples_per_second': '272.9', 'eval_steps_per_second': '2.874', 'epoch': '9.756'}
{'loss': '0.505', 'grad_norm': '2.348', 'learning_rate': '0.0002882', 'epoch': '10.73'}
{'eval_loss': '0.4727', 'eval_runtime': '16.01', 'eval_samples_per_second': '272.9', 'eval_steps_per_second': '2.874', 'epoch': '10.73'}
{'loss': '0.5002', 'grad_norm': '12.47', 'learning_rate': '0.0002839', 'epoch': '11.71'}
{'eval_loss': '0.4526', 'eval_runtime': '16', 'eval_samples_per_second': '273', 'eval_steps_per_second': '2.875', 'epoch': '11.71'}
{'loss': '0.5087', 'grad_norm': '17.73', 'learning_rate': '0.0002789', 'epoch': '12.68'}
{'eval_loss': '0.4967', 'eval_runtime': '16.02', 'eval_samples_per_second': '272.7', 'eval_steps_per_second': '2.872', 'epoch': '12.68'}
{'loss': '0.4879', 'grad_norm': '3.841', 'learning_rate': '0.0002734', 'epoch': '13.66'}
{'eval_loss': '0.459', 'eval_runtime': '16', 'eval_samples_per_second': '273.1', 'eval_steps_per_second': '2.876', 'epoch': '13.66'}
{'loss': '0.4919', 'grad_norm': '2.183', 'learning_rate': '0.0002673', 'epoch': '14.63'}
{'eval_loss': '0.4564', 'eval_runtime': '16', 'eval_samples_per_second': '272.9', 'eval_steps_per_second': '2.874', 'epoch': '14.63'}
{'loss': '0.4804', 'grad_norm': '10.73', 'learning_rate': '0.0002607', 'epoch': '15.61'}
{'eval_loss': '0.4584', 'eval_runtime': '16.05', 'eval_samples_per_second': '272.2', 'eval_steps_per_second': '2.866', 'epoch': '15.61'}
{'loss': '0.4687', 'grad_norm': '1.699', 'learning_rate': '0.0002536', 'epoch': '16.59'}
{'eval_loss': '0.4402', 'eval_runtime': '16.04', 'eval_samples_per_second': '272.3', 'eval_steps_per_second': '2.868', 'epoch': '16.59'}
{'loss': '0.4736', 'grad_norm': '1.21', 'learning_rate': '0.0002459', 'epoch': '17.56'}
{'eval_loss': '0.4388', 'eval_runtime': '16.08', 'eval_samples_per_second': '271.6', 'eval_steps_per_second': '2.861', 'epoch': '17.56'}
{'loss': '0.4636', 'grad_norm': '24.46', 'learning_rate': '0.0002379', 'epoch': '18.54'}
{'eval_loss': '0.4491', 'eval_runtime': '16.06', 'eval_samples_per_second': '272', 'eval_steps_per_second': '2.865', 'epoch': '18.54'}
{'loss': '0.4537', 'grad_norm': '4.886', 'learning_rate': '0.0002294', 'epoch': '19.51'}
{'eval_loss': '0.4371', 'eval_runtime': '16.05', 'eval_samples_per_second': '272.1', 'eval_steps_per_second': '2.865', 'epoch': '19.51'}
{'loss': '0.451', 'grad_norm': '1.347', 'learning_rate': '0.0002206', 'epoch': '20.49'}
{'eval_loss': '0.4287', 'eval_runtime': '16.06', 'eval_samples_per_second': '272', 'eval_steps_per_second': '2.864', 'epoch': '20.49'}
{'loss': '0.4473', 'grad_norm': '5.55', 'learning_rate': '0.0002114', 'epoch': '21.46'}
{'eval_loss': '0.4229', 'eval_runtime': '16.05', 'eval_samples_per_second': '272.2', 'eval_steps_per_second': '2.866', 'epoch': '21.46'}
{'loss': '0.447', 'grad_norm': '5.968', 'learning_rate': '0.0002019', 'epoch': '22.44'}
{'eval_loss': '0.4367', 'eval_runtime': '15.99', 'eval_samples_per_second': '273.2', 'eval_steps_per_second': '2.877', 'epoch': '22.44'}
{'loss': '0.4468', 'grad_norm': '2.13', 'learning_rate': '0.0001922', 'epoch': '23.41'}
{'eval_loss': '0.4188', 'eval_runtime': '15.99', 'eval_samples_per_second': '273.2', 'eval_steps_per_second': '2.877', 'epoch': '23.41'}
{'loss': '0.4375', 'grad_norm': '5.175', 'learning_rate': '0.0001823', 'epoch': '24.39'}
{'eval_loss': '0.4259', 'eval_runtime': '16.01', 'eval_samples_per_second': '272.9', 'eval_steps_per_second': '2.874', 'epoch': '24.39'}
{'loss': '0.4353', 'grad_norm': '3.983', 'learning_rate': '0.0001723', 'epoch': '25.37'}
{'eval_loss': '0.4184', 'eval_runtime': '16.01', 'eval_samples_per_second': '272.8', 'eval_steps_per_second': '2.873', 'epoch': '25.37'}
{'loss': '0.4305', 'grad_norm': '5.844', 'learning_rate': '0.0001621', 'epoch': '26.34'}
{'eval_loss': '0.4041', 'eval_runtime': '16', 'eval_samples_per_second': '273.1', 'eval_steps_per_second': '2.876', 'epoch': '26.34'}
{'loss': '0.4192', 'grad_norm': '4.126', 'learning_rate': '0.0001519', 'epoch': '27.32'}
{'eval_loss': '0.4073', 'eval_runtime': '16.04', 'eval_samples_per_second': '272.3', 'eval_steps_per_second': '2.868', 'epoch': '27.32'}
{'loss': '0.3958', 'grad_norm': '11.98', 'learning_rate': '0.0001417', 'epoch': '28.29'}
{'eval_loss': '0.414', 'eval_runtime': '16.03', 'eval_samples_per_second': '272.5', 'eval_steps_per_second': '2.87', 'epoch': '28.29'}
{'loss': '0.3825', 'grad_norm': '7.353', 'learning_rate': '0.0001316', 'epoch': '29.27'}
{'eval_loss': '0.3597', 'eval_runtime': '15.99', 'eval_samples_per_second': '273.2', 'eval_steps_per_second': '2.877', 'epoch': '29.27'}
{'loss': '0.3631', 'grad_norm': '1.158', 'learning_rate': '0.0001215', 'epoch': '30.24'}
{'eval_loss': '0.3338', 'eval_runtime': '16.06', 'eval_samples_per_second': '272', 'eval_steps_per_second': '2.865', 'epoch': '30.24'}
{'loss': '0.3417', 'grad_norm': '8.212', 'learning_rate': '0.0001115', 'epoch': '31.22'}
{'eval_loss': '0.366', 'eval_runtime': '16.06', 'eval_samples_per_second': '271.9', 'eval_steps_per_second': '2.864', 'epoch': '31.22'}
{'loss': '0.3129', 'grad_norm': '10.91', 'learning_rate': '0.0001017', 'epoch': '32.2'}
{'eval_loss': '0.2917', 'eval_runtime': '16.07', 'eval_samples_per_second': '271.9', 'eval_steps_per_second': '2.863', 'epoch': '32.2'}
{'loss': '0.294', 'grad_norm': '4.357', 'learning_rate': '9.218e-05', 'epoch': '33.17'}
{'eval_loss': '0.2617', 'eval_runtime': '16.06', 'eval_samples_per_second': '271.9', 'eval_steps_per_second': '2.864', 'epoch': '33.17'}
{'loss': '0.2715', 'grad_norm': '0.8855', 'learning_rate': '8.289e-05', 'epoch': '34.15'}
{'eval_loss': '0.2471', 'eval_runtime': '16.07', 'eval_samples_per_second': '271.8', 'eval_steps_per_second': '2.862', 'epoch': '34.15'}
{'loss': '0.2492', 'grad_norm': '0.6342', 'learning_rate': '7.392e-05', 'epoch': '35.12'}
{'eval_loss': '0.2367', 'eval_runtime': '16.07', 'eval_samples_per_second': '271.9', 'eval_steps_per_second': '2.863', 'epoch': '35.12'}
{'loss': '0.2332', 'grad_norm': '2.29', 'learning_rate': '6.53e-05', 'epoch': '36.1'}
{'eval_loss': '0.2201', 'eval_runtime': '16.06', 'eval_samples_per_second': '272', 'eval_steps_per_second': '2.864', 'epoch': '36.1'}
{'loss': '0.2174', 'grad_norm': '1.737', 'learning_rate': '5.707e-05', 'epoch': '37.07'}
{'eval_loss': '0.2199', 'eval_runtime': '15.99', 'eval_samples_per_second': '273.1', 'eval_steps_per_second': '2.876', 'epoch': '37.07'}
{'loss': '0.2078', 'grad_norm': '4.294', 'learning_rate': '4.927e-05', 'epoch': '38.05'}
{'eval_loss': '0.2105', 'eval_runtime': '16.01', 'eval_samples_per_second': '272.9', 'eval_steps_per_second': '2.874', 'epoch': '38.05'}
{'loss': '0.198', 'grad_norm': '2.248', 'learning_rate': '4.194e-05', 'epoch': '39.02'}
{'eval_loss': '0.208', 'eval_runtime': '15.95', 'eval_samples_per_second': '273.8', 'eval_steps_per_second': '2.884', 'epoch': '39.02'}
{'loss': '0.1909', 'grad_norm': '1.165', 'learning_rate': '3.511e-05', 'epoch': '40'}
{'eval_loss': '0.2032', 'eval_runtime': '15.97', 'eval_samples_per_second': '273.5', 'eval_steps_per_second': '2.88', 'epoch': '40'}
{'loss': '0.186', 'grad_norm': '2.694', 'learning_rate': '2.881e-05', 'epoch': '40.98'}
{'eval_loss': '0.214', 'eval_runtime': '15.96', 'eval_samples_per_second': '273.7', 'eval_steps_per_second': '2.883', 'epoch': '40.98'}
{'loss': '0.1805', 'grad_norm': '0.5167', 'learning_rate': '2.308e-05', 'epoch': '41.95'}
{'eval_loss': '0.206', 'eval_runtime': '15.96', 'eval_samples_per_second': '273.7', 'eval_steps_per_second': '2.883', 'epoch': '41.95'}
{'loss': '0.1766', 'grad_norm': '0.6995', 'learning_rate': '1.793e-05', 'epoch': '42.93'}
{'eval_loss': '0.2079', 'eval_runtime': '15.96', 'eval_samples_per_second': '273.7', 'eval_steps_per_second': '2.882', 'epoch': '42.93'}
{'loss': '0.1743', 'grad_norm': '0.3823', 'learning_rate': '1.34e-05', 'epoch': '43.9'}
{'eval_loss': '0.1959', 'eval_runtime': '15.96', 'eval_samples_per_second': '273.7', 'eval_steps_per_second': '2.882', 'epoch': '43.9'}
{'loss': '0.172', 'grad_norm': '0.9655', 'learning_rate': '9.497e-06', 'epoch': '44.88'}
{'eval_loss': '0.2036', 'eval_runtime': '15.96', 'eval_samples_per_second': '273.7', 'eval_steps_per_second': '2.882', 'epoch': '44.88'}
{'loss': '0.1699', 'grad_norm': '0.6889', 'learning_rate': '6.248e-06', 'epoch': '45.85'}
{'eval_loss': '0.2018', 'eval_runtime': '15.96', 'eval_samples_per_second': '273.7', 'eval_steps_per_second': '2.882', 'epoch': '45.85'}
{'loss': '0.1694', 'grad_norm': '0.9243', 'learning_rate': '3.666e-06', 'epoch': '46.83'}
{'eval_loss': '0.2059', 'eval_runtime': '15.96', 'eval_samples_per_second': '273.7', 'eval_steps_per_second': '2.882', 'epoch': '46.83'}
{'loss': '0.1686', 'grad_norm': '0.6068', 'learning_rate': '1.762e-06', 'epoch': '47.8'}
{'eval_loss': '0.2034', 'eval_runtime': '15.96', 'eval_samples_per_second': '273.7', 'eval_steps_per_second': '2.882', 'epoch': '47.8'}
{'loss': '0.1685', 'grad_norm': '0.7343', 'learning_rate': '5.455e-07', 'epoch': '48.78'}
{'eval_loss': '0.2021', 'eval_runtime': '15.96', 'eval_samples_per_second': '273.6', 'eval_steps_per_second': '2.882', 'epoch': '48.78'}
{'train_runtime': '2.097e+04', 'train_samples_per_second': '93.72', 'train_steps_per_second': '0.977', 'train_loss': '0.7463', 'epoch': '48.78'}
Evaluating (Mean Loss)...
Calculating per-sequence surprisals...
Fold 5 Evaluation per token: 0.1959
Fold 5 Entropy per sequence: 7.4730

--- Starting Fold 6/10 ---
Fold 6 sizes: Train=39314, Eval=4368
Loading tokenizer...
Found 68 POS tags: ['-LRB-', '-RRB-', 'ADD', 'ADJP', 'ADVP', 'AFX', 'CC', 'CD', 'CONJP', 'DT', 'EX', 'FRAG', 'FW', 'HYPH', 'IN', 'INTJ', 'JJ', 'JJR', 'JJS', 'LS', 'LST', 'MD', 'NFP', 'NML', 'NN', 'NNP', 'NNPS', 'NNS', 'NP', 'PDT', 'POS', 'PP', 'PRN', 'PRP', 'PRP$', 'PRT', 'QP', 'RB', 'RBR', 'RBS', 'ROOT', 'RP', 'RRC', 'S', 'SBAR', 'SBARQ', 'SINV', 'SQ', 'SYM', 'TO', 'UCP', 'UH', 'VB', 'VBD', 'VBG', 'VBN', 'VBP', 'VBZ', 'VP', 'WDT', 'WHADJP', 'WHADVP', 'WHNP', 'WHPP', 'WP', 'WP$', 'WRB', 'X']
Found 0 phrase labels: []
Adding manual additions: ( ) # $ . , ''
Preprocessing...
Token length per parse sequence: 38.0298
Initializing DualEncoder model...
Loading  weights...
Missing keys: ['prosody_encoder.pos_table', 'prosody_encoder.mag_table', 'prosody_encoder.transformer.layers.0.self_attn.in_proj_weight', 'prosody_encoder.transformer.layers.0.self_attn.in_proj_bias', 'prosody_encoder.transformer.layers.0.self_attn.out_proj.weight', 'prosody_encoder.transformer.layers.0.self_attn.out_proj.bias', 'prosody_encoder.transformer.layers.0.linear1.weight', 'prosody_encoder.transformer.layers.0.linear1.bias', 'prosody_encoder.transformer.layers.0.linear2.weight', 'prosody_encoder.transformer.layers.0.linear2.bias', 'prosody_encoder.transformer.layers.0.norm1.weight', 'prosody_encoder.transformer.layers.0.norm1.bias', 'prosody_encoder.transformer.layers.0.norm2.weight', 'prosody_encoder.transformer.layers.0.norm2.bias', 'prosody_encoder.transformer.layers.1.self_attn.in_proj_weight', 'prosody_encoder.transformer.layers.1.self_attn.in_proj_bias', 'prosody_encoder.transformer.layers.1.self_attn.out_proj.weight', 'prosody_encoder.transformer.layers.1.self_attn.out_proj.bias', 'prosody_encoder.transformer.layers.1.linear1.weight', 'prosody_encoder.transformer.layers.1.linear1.bias', 'prosody_encoder.transformer.layers.1.linear2.weight', 'prosody_encoder.transformer.layers.1.linear2.bias', 'prosody_encoder.transformer.layers.1.norm1.weight', 'prosody_encoder.transformer.layers.1.norm1.bias', 'prosody_encoder.transformer.layers.1.norm2.weight', 'prosody_encoder.transformer.layers.1.norm2.bias', 'prosody_encoder.up_proj.weight', 'prosody_encoder.up_proj.bias', 'prosody_up.weight', 'prosody_up.bias', 'cross_attn.in_proj_weight', 'cross_attn.in_proj_bias', 'cross_attn.out_proj.weight', 'cross_attn.out_proj.bias', 'fusion_layer_norm.weight', 'fusion_layer_norm.bias']
Unexpected keys: []
Re-initializing decoder layer, to be trained from scratch
Training...
{'loss': '17.94', 'grad_norm': '123.7', 'learning_rate': '5.839e-05', 'epoch': '0.9756'}
{'eval_loss': '1.497', 'eval_runtime': '15.96', 'eval_samples_per_second': '273.6', 'eval_steps_per_second': '2.881', 'epoch': '0.9756'}
{'loss': '1.581', 'grad_norm': '11.51', 'learning_rate': '0.0001169', 'epoch': '1.951'}
{'eval_loss': '0.928', 'eval_runtime': '15.97', 'eval_samples_per_second': '273.6', 'eval_steps_per_second': '2.881', 'epoch': '1.951'}
{'loss': '1.275', 'grad_norm': '30.67', 'learning_rate': '0.0001755', 'epoch': '2.927'}
{'eval_loss': '0.6553', 'eval_runtime': '15.97', 'eval_samples_per_second': '273.6', 'eval_steps_per_second': '2.881', 'epoch': '2.927'}
{'loss': '0.9456', 'grad_norm': '42.71', 'learning_rate': '0.000234', 'epoch': '3.902'}
{'eval_loss': '0.8493', 'eval_runtime': '15.96', 'eval_samples_per_second': '273.6', 'eval_steps_per_second': '2.882', 'epoch': '3.902'}
{'loss': '0.7897', 'grad_norm': '4.929', 'learning_rate': '0.0002925', 'epoch': '4.878'}
{'eval_loss': '0.5282', 'eval_runtime': '15.97', 'eval_samples_per_second': '273.6', 'eval_steps_per_second': '2.881', 'epoch': '4.878'}
{'loss': '0.6786', 'grad_norm': '77.6', 'learning_rate': '0.0002997', 'epoch': '5.854'}
{'eval_loss': '0.9435', 'eval_runtime': '15.97', 'eval_samples_per_second': '273.6', 'eval_steps_per_second': '2.881', 'epoch': '5.854'}
{'loss': '0.6264', 'grad_norm': '2.591', 'learning_rate': '0.0002988', 'epoch': '6.829'}
{'eval_loss': '0.5907', 'eval_runtime': '15.98', 'eval_samples_per_second': '273.4', 'eval_steps_per_second': '2.879', 'epoch': '6.829'}
{'loss': '0.5755', 'grad_norm': '8.26', 'learning_rate': '0.0002971', 'epoch': '7.805'}
{'eval_loss': '0.4944', 'eval_runtime': '15.97', 'eval_samples_per_second': '273.6', 'eval_steps_per_second': '2.881', 'epoch': '7.805'}
{'loss': '0.5409', 'grad_norm': '13.89', 'learning_rate': '0.0002948', 'epoch': '8.78'}
{'eval_loss': '0.4967', 'eval_runtime': '15.97', 'eval_samples_per_second': '273.5', 'eval_steps_per_second': '2.88', 'epoch': '8.78'}
{'loss': '0.5108', 'grad_norm': '9.687', 'learning_rate': '0.0002918', 'epoch': '9.756'}
{'eval_loss': '0.4754', 'eval_runtime': '15.98', 'eval_samples_per_second': '273.3', 'eval_steps_per_second': '2.878', 'epoch': '9.756'}
{'loss': '0.4997', 'grad_norm': '7.693', 'learning_rate': '0.0002882', 'epoch': '10.73'}
{'eval_loss': '0.4917', 'eval_runtime': '15.97', 'eval_samples_per_second': '273.5', 'eval_steps_per_second': '2.881', 'epoch': '10.73'}
{'loss': '0.4908', 'grad_norm': '1.32', 'learning_rate': '0.0002839', 'epoch': '11.71'}
{'eval_loss': '0.4438', 'eval_runtime': '15.97', 'eval_samples_per_second': '273.5', 'eval_steps_per_second': '2.881', 'epoch': '11.71'}
{'loss': '0.4731', 'grad_norm': '6.487', 'learning_rate': '0.0002789', 'epoch': '12.68'}
{'eval_loss': '0.4333', 'eval_runtime': '15.97', 'eval_samples_per_second': '273.5', 'eval_steps_per_second': '2.88', 'epoch': '12.68'}
{'loss': '0.4657', 'grad_norm': '19.72', 'learning_rate': '0.0002734', 'epoch': '13.66'}
{'eval_loss': '0.4505', 'eval_runtime': '15.98', 'eval_samples_per_second': '273.3', 'eval_steps_per_second': '2.878', 'epoch': '13.66'}
{'loss': '0.4626', 'grad_norm': '2.943', 'learning_rate': '0.0002673', 'epoch': '14.63'}
{'eval_loss': '0.4266', 'eval_runtime': '16.01', 'eval_samples_per_second': '272.8', 'eval_steps_per_second': '2.873', 'epoch': '14.63'}
{'loss': '0.4365', 'grad_norm': '0.6114', 'learning_rate': '0.0002607', 'epoch': '15.61'}
{'eval_loss': '0.3834', 'eval_runtime': '15.98', 'eval_samples_per_second': '273.3', 'eval_steps_per_second': '2.878', 'epoch': '15.61'}
{'loss': '0.4276', 'grad_norm': '27.79', 'learning_rate': '0.0002536', 'epoch': '16.59'}
{'eval_loss': '0.3758', 'eval_runtime': '15.98', 'eval_samples_per_second': '273.4', 'eval_steps_per_second': '2.879', 'epoch': '16.59'}
{'loss': '0.3942', 'grad_norm': '6.64', 'learning_rate': '0.0002459', 'epoch': '17.56'}
{'eval_loss': '0.35', 'eval_runtime': '15.97', 'eval_samples_per_second': '273.6', 'eval_steps_per_second': '2.881', 'epoch': '17.56'}
{'loss': '0.3675', 'grad_norm': '5.571', 'learning_rate': '0.0002379', 'epoch': '18.54'}
{'eval_loss': '0.3113', 'eval_runtime': '15.97', 'eval_samples_per_second': '273.5', 'eval_steps_per_second': '2.88', 'epoch': '18.54'}
{'loss': '0.347', 'grad_norm': '0.8577', 'learning_rate': '0.0002294', 'epoch': '19.51'}
{'eval_loss': '0.2954', 'eval_runtime': '15.98', 'eval_samples_per_second': '273.3', 'eval_steps_per_second': '2.878', 'epoch': '19.51'}
{'loss': '0.3062', 'grad_norm': '7.878', 'learning_rate': '0.0002206', 'epoch': '20.49'}
{'eval_loss': '0.2735', 'eval_runtime': '15.98', 'eval_samples_per_second': '273.3', 'eval_steps_per_second': '2.879', 'epoch': '20.49'}
{'loss': '0.2776', 'grad_norm': '18.74', 'learning_rate': '0.0002114', 'epoch': '21.46'}
{'eval_loss': '0.2566', 'eval_runtime': '15.98', 'eval_samples_per_second': '273.3', 'eval_steps_per_second': '2.879', 'epoch': '21.46'}
{'loss': '0.252', 'grad_norm': '15.15', 'learning_rate': '0.0002019', 'epoch': '22.44'}
{'eval_loss': '0.255', 'eval_runtime': '15.98', 'eval_samples_per_second': '273.3', 'eval_steps_per_second': '2.878', 'epoch': '22.44'}
{'loss': '0.2297', 'grad_norm': '1.27', 'learning_rate': '0.0001922', 'epoch': '23.41'}
{'eval_loss': '0.2117', 'eval_runtime': '15.98', 'eval_samples_per_second': '273.4', 'eval_steps_per_second': '2.879', 'epoch': '23.41'}
{'loss': '0.2023', 'grad_norm': '3.585', 'learning_rate': '0.0001823', 'epoch': '24.39'}
{'eval_loss': '0.2229', 'eval_runtime': '15.98', 'eval_samples_per_second': '273.4', 'eval_steps_per_second': '2.879', 'epoch': '24.39'}
{'loss': '0.1925', 'grad_norm': '3.952', 'learning_rate': '0.0001723', 'epoch': '25.37'}
{'eval_loss': '0.2051', 'eval_runtime': '15.98', 'eval_samples_per_second': '273.4', 'eval_steps_per_second': '2.879', 'epoch': '25.37'}
{'loss': '0.1719', 'grad_norm': '12.85', 'learning_rate': '0.0001621', 'epoch': '26.34'}
{'eval_loss': '0.2137', 'eval_runtime': '15.98', 'eval_samples_per_second': '273.4', 'eval_steps_per_second': '2.879', 'epoch': '26.34'}
{'loss': '0.157', 'grad_norm': '2.137', 'learning_rate': '0.0001519', 'epoch': '27.32'}
{'eval_loss': '0.2219', 'eval_runtime': '15.98', 'eval_samples_per_second': '273.4', 'eval_steps_per_second': '2.879', 'epoch': '27.32'}
{'loss': '0.1445', 'grad_norm': '1.514', 'learning_rate': '0.0001417', 'epoch': '28.29'}
{'eval_loss': '0.1941', 'eval_runtime': '15.99', 'eval_samples_per_second': '273.2', 'eval_steps_per_second': '2.877', 'epoch': '28.29'}
{'loss': '0.135', 'grad_norm': '2.2', 'learning_rate': '0.0001316', 'epoch': '29.27'}
{'eval_loss': '0.1943', 'eval_runtime': '15.98', 'eval_samples_per_second': '273.3', 'eval_steps_per_second': '2.878', 'epoch': '29.27'}
{'loss': '0.1274', 'grad_norm': '0.7615', 'learning_rate': '0.0001215', 'epoch': '30.24'}
{'eval_loss': '0.1974', 'eval_runtime': '15.98', 'eval_samples_per_second': '273.4', 'eval_steps_per_second': '2.879', 'epoch': '30.24'}
{'loss': '0.1197', 'grad_norm': '5.804', 'learning_rate': '0.0001115', 'epoch': '31.22'}
{'eval_loss': '0.2172', 'eval_runtime': '15.98', 'eval_samples_per_second': '273.4', 'eval_steps_per_second': '2.879', 'epoch': '31.22'}
{'loss': '0.1127', 'grad_norm': '4.69', 'learning_rate': '0.0001017', 'epoch': '32.2'}
{'eval_loss': '0.2188', 'eval_runtime': '15.98', 'eval_samples_per_second': '273.3', 'eval_steps_per_second': '2.878', 'epoch': '32.2'}
{'loss': '0.1069', 'grad_norm': '1.287', 'learning_rate': '9.218e-05', 'epoch': '33.17'}
{'eval_loss': '0.1954', 'eval_runtime': '15.98', 'eval_samples_per_second': '273.3', 'eval_steps_per_second': '2.878', 'epoch': '33.17'}
{'train_runtime': '1.426e+04', 'train_samples_per_second': '137.9', 'train_steps_per_second': '1.438', 'train_loss': '0.9519', 'epoch': '33.17'}
Evaluating (Mean Loss)...
Calculating per-sequence surprisals...
Fold 6 Evaluation per token: 0.1941
Fold 6 Entropy per sequence: 7.3823

--- Starting Fold 7/10 ---
Fold 7 sizes: Train=39314, Eval=4368
Loading tokenizer...
Found 68 POS tags: ['-LRB-', '-RRB-', 'ADD', 'ADJP', 'ADVP', 'AFX', 'CC', 'CD', 'CONJP', 'DT', 'EX', 'FRAG', 'FW', 'HYPH', 'IN', 'INTJ', 'JJ', 'JJR', 'JJS', 'LS', 'LST', 'MD', 'NFP', 'NML', 'NN', 'NNP', 'NNPS', 'NNS', 'NP', 'PDT', 'POS', 'PP', 'PRN', 'PRP', 'PRP$', 'PRT', 'QP', 'RB', 'RBR', 'RBS', 'ROOT', 'RP', 'RRC', 'S', 'SBAR', 'SBARQ', 'SINV', 'SQ', 'SYM', 'TO', 'UCP', 'UH', 'VB', 'VBD', 'VBG', 'VBN', 'VBP', 'VBZ', 'VP', 'WDT', 'WHADJP', 'WHADVP', 'WHNP', 'WHPP', 'WP', 'WP$', 'WRB', 'X']
Found 0 phrase labels: []
Adding manual additions: ( ) # $ . , ''
Preprocessing...
Token length per parse sequence: 37.9185
Initializing DualEncoder model...
Loading  weights...
Missing keys: ['prosody_encoder.pos_table', 'prosody_encoder.mag_table', 'prosody_encoder.transformer.layers.0.self_attn.in_proj_weight', 'prosody_encoder.transformer.layers.0.self_attn.in_proj_bias', 'prosody_encoder.transformer.layers.0.self_attn.out_proj.weight', 'prosody_encoder.transformer.layers.0.self_attn.out_proj.bias', 'prosody_encoder.transformer.layers.0.linear1.weight', 'prosody_encoder.transformer.layers.0.linear1.bias', 'prosody_encoder.transformer.layers.0.linear2.weight', 'prosody_encoder.transformer.layers.0.linear2.bias', 'prosody_encoder.transformer.layers.0.norm1.weight', 'prosody_encoder.transformer.layers.0.norm1.bias', 'prosody_encoder.transformer.layers.0.norm2.weight', 'prosody_encoder.transformer.layers.0.norm2.bias', 'prosody_encoder.transformer.layers.1.self_attn.in_proj_weight', 'prosody_encoder.transformer.layers.1.self_attn.in_proj_bias', 'prosody_encoder.transformer.layers.1.self_attn.out_proj.weight', 'prosody_encoder.transformer.layers.1.self_attn.out_proj.bias', 'prosody_encoder.transformer.layers.1.linear1.weight', 'prosody_encoder.transformer.layers.1.linear1.bias', 'prosody_encoder.transformer.layers.1.linear2.weight', 'prosody_encoder.transformer.layers.1.linear2.bias', 'prosody_encoder.transformer.layers.1.norm1.weight', 'prosody_encoder.transformer.layers.1.norm1.bias', 'prosody_encoder.transformer.layers.1.norm2.weight', 'prosody_encoder.transformer.layers.1.norm2.bias', 'prosody_encoder.up_proj.weight', 'prosody_encoder.up_proj.bias', 'prosody_up.weight', 'prosody_up.bias', 'cross_attn.in_proj_weight', 'cross_attn.in_proj_bias', 'cross_attn.out_proj.weight', 'cross_attn.out_proj.bias', 'fusion_layer_norm.weight', 'fusion_layer_norm.bias']
Unexpected keys: []
Re-initializing decoder layer, to be trained from scratch
Training...
{'loss': '14.18', 'grad_norm': '47.89', 'learning_rate': '5.839e-05', 'epoch': '0.9756'}
{'eval_loss': '0.8789', 'eval_runtime': '15.97', 'eval_samples_per_second': '273.5', 'eval_steps_per_second': '2.88', 'epoch': '0.9756'}
{'loss': '1.846', 'grad_norm': '130.8', 'learning_rate': '0.0001169', 'epoch': '1.951'}
{'eval_loss': '1.176', 'eval_runtime': '15.98', 'eval_samples_per_second': '273.4', 'eval_steps_per_second': '2.879', 'epoch': '1.951'}
{'loss': '1.248', 'grad_norm': '28.17', 'learning_rate': '0.0001755', 'epoch': '2.927'}
{'eval_loss': '0.6705', 'eval_runtime': '15.98', 'eval_samples_per_second': '273.3', 'eval_steps_per_second': '2.879', 'epoch': '2.927'}
{'loss': '0.9211', 'grad_norm': '1.703', 'learning_rate': '0.000234', 'epoch': '3.902'}
{'eval_loss': '0.5538', 'eval_runtime': '15.98', 'eval_samples_per_second': '273.3', 'eval_steps_per_second': '2.879', 'epoch': '3.902'}
{'loss': '0.8165', 'grad_norm': '21.76', 'learning_rate': '0.0002925', 'epoch': '4.878'}
{'eval_loss': '0.5441', 'eval_runtime': '15.98', 'eval_samples_per_second': '273.4', 'eval_steps_per_second': '2.879', 'epoch': '4.878'}
{'loss': '0.6909', 'grad_norm': '36.75', 'learning_rate': '0.0002997', 'epoch': '5.854'}
{'eval_loss': '0.567', 'eval_runtime': '15.98', 'eval_samples_per_second': '273.3', 'eval_steps_per_second': '2.878', 'epoch': '5.854'}
{'loss': '0.6022', 'grad_norm': '10.26', 'learning_rate': '0.0002988', 'epoch': '6.829'}
{'eval_loss': '0.5047', 'eval_runtime': '15.98', 'eval_samples_per_second': '273.4', 'eval_steps_per_second': '2.879', 'epoch': '6.829'}
{'loss': '0.5743', 'grad_norm': '23.71', 'learning_rate': '0.0002971', 'epoch': '7.805'}
{'eval_loss': '0.5281', 'eval_runtime': '15.97', 'eval_samples_per_second': '273.5', 'eval_steps_per_second': '2.881', 'epoch': '7.805'}
{'loss': '0.5511', 'grad_norm': '10.98', 'learning_rate': '0.0002948', 'epoch': '8.78'}
{'eval_loss': '0.4726', 'eval_runtime': '15.97', 'eval_samples_per_second': '273.5', 'eval_steps_per_second': '2.88', 'epoch': '8.78'}
{'loss': '0.5312', 'grad_norm': '21.53', 'learning_rate': '0.0002918', 'epoch': '9.756'}
{'eval_loss': '0.5382', 'eval_runtime': '15.98', 'eval_samples_per_second': '273.4', 'eval_steps_per_second': '2.879', 'epoch': '9.756'}
{'loss': '0.5106', 'grad_norm': '19.73', 'learning_rate': '0.0002882', 'epoch': '10.73'}
{'eval_loss': '0.4987', 'eval_runtime': '16', 'eval_samples_per_second': '273', 'eval_steps_per_second': '2.875', 'epoch': '10.73'}
{'loss': '0.5008', 'grad_norm': '6.864', 'learning_rate': '0.0002839', 'epoch': '11.71'}
{'eval_loss': '0.4561', 'eval_runtime': '15.98', 'eval_samples_per_second': '273.3', 'eval_steps_per_second': '2.878', 'epoch': '11.71'}
{'loss': '0.4865', 'grad_norm': '4.285', 'learning_rate': '0.0002789', 'epoch': '12.68'}
{'eval_loss': '0.4387', 'eval_runtime': '15.98', 'eval_samples_per_second': '273.3', 'eval_steps_per_second': '2.878', 'epoch': '12.68'}
{'loss': '0.4801', 'grad_norm': '7.835', 'learning_rate': '0.0002734', 'epoch': '13.66'}
{'eval_loss': '0.4765', 'eval_runtime': '16', 'eval_samples_per_second': '273', 'eval_steps_per_second': '2.875', 'epoch': '13.66'}
{'loss': '0.4637', 'grad_norm': '5.332', 'learning_rate': '0.0002673', 'epoch': '14.63'}
{'eval_loss': '0.4339', 'eval_runtime': '15.98', 'eval_samples_per_second': '273.3', 'eval_steps_per_second': '2.878', 'epoch': '14.63'}
{'loss': '0.4563', 'grad_norm': '6.271', 'learning_rate': '0.0002607', 'epoch': '15.61'}
{'eval_loss': '0.4113', 'eval_runtime': '15.99', 'eval_samples_per_second': '273.2', 'eval_steps_per_second': '2.877', 'epoch': '15.61'}
{'loss': '0.44', 'grad_norm': '17.86', 'learning_rate': '0.0002536', 'epoch': '16.59'}
{'eval_loss': '0.4179', 'eval_runtime': '15.99', 'eval_samples_per_second': '273.2', 'eval_steps_per_second': '2.877', 'epoch': '16.59'}
{'loss': '0.4157', 'grad_norm': '2.828', 'learning_rate': '0.0002459', 'epoch': '17.56'}
{'eval_loss': '0.381', 'eval_runtime': '15.99', 'eval_samples_per_second': '273.2', 'eval_steps_per_second': '2.877', 'epoch': '17.56'}
{'loss': '0.4033', 'grad_norm': '11.11', 'learning_rate': '0.0002379', 'epoch': '18.54'}
{'eval_loss': '0.3479', 'eval_runtime': '15.99', 'eval_samples_per_second': '273.1', 'eval_steps_per_second': '2.876', 'epoch': '18.54'}
{'loss': '0.3781', 'grad_norm': '17.89', 'learning_rate': '0.0002294', 'epoch': '19.51'}
{'eval_loss': '0.3173', 'eval_runtime': '15.99', 'eval_samples_per_second': '273.2', 'eval_steps_per_second': '2.877', 'epoch': '19.51'}
{'loss': '0.3371', 'grad_norm': '16.24', 'learning_rate': '0.0002206', 'epoch': '20.49'}
{'eval_loss': '0.326', 'eval_runtime': '15.98', 'eval_samples_per_second': '273.3', 'eval_steps_per_second': '2.878', 'epoch': '20.49'}
{'loss': '0.3203', 'grad_norm': '14.56', 'learning_rate': '0.0002114', 'epoch': '21.46'}
{'eval_loss': '0.3096', 'eval_runtime': '15.98', 'eval_samples_per_second': '273.3', 'eval_steps_per_second': '2.878', 'epoch': '21.46'}
{'loss': '0.2882', 'grad_norm': '9.627', 'learning_rate': '0.0002019', 'epoch': '22.44'}
{'eval_loss': '0.2572', 'eval_runtime': '16.02', 'eval_samples_per_second': '272.7', 'eval_steps_per_second': '2.872', 'epoch': '22.44'}
{'loss': '0.2689', 'grad_norm': '9.035', 'learning_rate': '0.0001922', 'epoch': '23.41'}
{'eval_loss': '0.2334', 'eval_runtime': '16.02', 'eval_samples_per_second': '272.7', 'eval_steps_per_second': '2.872', 'epoch': '23.41'}
{'loss': '0.251', 'grad_norm': '10.89', 'learning_rate': '0.0001823', 'epoch': '24.39'}
{'eval_loss': '0.208', 'eval_runtime': '16.02', 'eval_samples_per_second': '272.7', 'eval_steps_per_second': '2.872', 'epoch': '24.39'}
{'loss': '0.2316', 'grad_norm': '0.7124', 'learning_rate': '0.0001723', 'epoch': '25.37'}
{'eval_loss': '0.2192', 'eval_runtime': '16.01', 'eval_samples_per_second': '272.8', 'eval_steps_per_second': '2.873', 'epoch': '25.37'}
{'loss': '0.2126', 'grad_norm': '3.878', 'learning_rate': '0.0001621', 'epoch': '26.34'}
{'eval_loss': '0.1995', 'eval_runtime': '16.04', 'eval_samples_per_second': '272.4', 'eval_steps_per_second': '2.868', 'epoch': '26.34'}
{'loss': '0.187', 'grad_norm': '3.174', 'learning_rate': '0.0001519', 'epoch': '27.32'}
{'eval_loss': '0.2321', 'eval_runtime': '16.05', 'eval_samples_per_second': '272.2', 'eval_steps_per_second': '2.867', 'epoch': '27.32'}
{'loss': '0.188', 'grad_norm': '9.353', 'learning_rate': '0.0001417', 'epoch': '28.29'}
{'eval_loss': '0.2914', 'eval_runtime': '16.04', 'eval_samples_per_second': '272.3', 'eval_steps_per_second': '2.868', 'epoch': '28.29'}
{'loss': '0.1741', 'grad_norm': '1.26', 'learning_rate': '0.0001316', 'epoch': '29.27'}
{'eval_loss': '0.1899', 'eval_runtime': '16.04', 'eval_samples_per_second': '272.3', 'eval_steps_per_second': '2.868', 'epoch': '29.27'}
{'loss': '0.1595', 'grad_norm': '2.667', 'learning_rate': '0.0001215', 'epoch': '30.24'}
{'eval_loss': '0.1802', 'eval_runtime': '16.02', 'eval_samples_per_second': '272.6', 'eval_steps_per_second': '2.871', 'epoch': '30.24'}
{'loss': '0.1525', 'grad_norm': '1.392', 'learning_rate': '0.0001115', 'epoch': '31.22'}
{'eval_loss': '0.1906', 'eval_runtime': '16.02', 'eval_samples_per_second': '272.6', 'eval_steps_per_second': '2.871', 'epoch': '31.22'}
{'loss': '0.1416', 'grad_norm': '4.898', 'learning_rate': '0.0001017', 'epoch': '32.2'}
{'eval_loss': '0.1865', 'eval_runtime': '16.02', 'eval_samples_per_second': '272.7', 'eval_steps_per_second': '2.871', 'epoch': '32.2'}
{'loss': '0.1323', 'grad_norm': '0.7741', 'learning_rate': '9.218e-05', 'epoch': '33.17'}
{'eval_loss': '0.1899', 'eval_runtime': '16.02', 'eval_samples_per_second': '272.6', 'eval_steps_per_second': '2.871', 'epoch': '33.17'}
{'loss': '0.1263', 'grad_norm': '0.414', 'learning_rate': '8.289e-05', 'epoch': '34.15'}
{'eval_loss': '0.1868', 'eval_runtime': '16.05', 'eval_samples_per_second': '272.2', 'eval_steps_per_second': '2.867', 'epoch': '34.15'}
{'loss': '0.1201', 'grad_norm': '1.58', 'learning_rate': '7.392e-05', 'epoch': '35.12'}
{'eval_loss': '0.1906', 'eval_runtime': '16.03', 'eval_samples_per_second': '272.5', 'eval_steps_per_second': '2.869', 'epoch': '35.12'}
{'train_runtime': '1.509e+04', 'train_samples_per_second': '130.2', 'train_steps_per_second': '1.358', 'train_loss': '0.8273', 'epoch': '35.12'}
Evaluating (Mean Loss)...
Calculating per-sequence surprisals...
Fold 7 Evaluation per token: 0.1802
Fold 7 Entropy per sequence: 6.8317

--- Starting Fold 8/10 ---
Fold 8 sizes: Train=39314, Eval=4368
Loading tokenizer...
Found 68 POS tags: ['-LRB-', '-RRB-', 'ADD', 'ADJP', 'ADVP', 'AFX', 'CC', 'CD', 'CONJP', 'DT', 'EX', 'FRAG', 'FW', 'HYPH', 'IN', 'INTJ', 'JJ', 'JJR', 'JJS', 'LS', 'LST', 'MD', 'NFP', 'NML', 'NN', 'NNP', 'NNPS', 'NNS', 'NP', 'PDT', 'POS', 'PP', 'PRN', 'PRP', 'PRP$', 'PRT', 'QP', 'RB', 'RBR', 'RBS', 'ROOT', 'RP', 'RRC', 'S', 'SBAR', 'SBARQ', 'SINV', 'SQ', 'SYM', 'TO', 'UCP', 'UH', 'VB', 'VBD', 'VBG', 'VBN', 'VBP', 'VBZ', 'VP', 'WDT', 'WHADJP', 'WHADVP', 'WHNP', 'WHPP', 'WP', 'WP$', 'WRB', 'X']
Found 0 phrase labels: []
Adding manual additions: ( ) # $ . , ''
Preprocessing...
Token length per parse sequence: 37.2166
Initializing DualEncoder model...
Loading  weights...
Missing keys: ['prosody_encoder.pos_table', 'prosody_encoder.mag_table', 'prosody_encoder.transformer.layers.0.self_attn.in_proj_weight', 'prosody_encoder.transformer.layers.0.self_attn.in_proj_bias', 'prosody_encoder.transformer.layers.0.self_attn.out_proj.weight', 'prosody_encoder.transformer.layers.0.self_attn.out_proj.bias', 'prosody_encoder.transformer.layers.0.linear1.weight', 'prosody_encoder.transformer.layers.0.linear1.bias', 'prosody_encoder.transformer.layers.0.linear2.weight', 'prosody_encoder.transformer.layers.0.linear2.bias', 'prosody_encoder.transformer.layers.0.norm1.weight', 'prosody_encoder.transformer.layers.0.norm1.bias', 'prosody_encoder.transformer.layers.0.norm2.weight', 'prosody_encoder.transformer.layers.0.norm2.bias', 'prosody_encoder.transformer.layers.1.self_attn.in_proj_weight', 'prosody_encoder.transformer.layers.1.self_attn.in_proj_bias', 'prosody_encoder.transformer.layers.1.self_attn.out_proj.weight', 'prosody_encoder.transformer.layers.1.self_attn.out_proj.bias', 'prosody_encoder.transformer.layers.1.linear1.weight', 'prosody_encoder.transformer.layers.1.linear1.bias', 'prosody_encoder.transformer.layers.1.linear2.weight', 'prosody_encoder.transformer.layers.1.linear2.bias', 'prosody_encoder.transformer.layers.1.norm1.weight', 'prosody_encoder.transformer.layers.1.norm1.bias', 'prosody_encoder.transformer.layers.1.norm2.weight', 'prosody_encoder.transformer.layers.1.norm2.bias', 'prosody_encoder.up_proj.weight', 'prosody_encoder.up_proj.bias', 'prosody_up.weight', 'prosody_up.bias', 'cross_attn.in_proj_weight', 'cross_attn.in_proj_bias', 'cross_attn.out_proj.weight', 'cross_attn.out_proj.bias', 'fusion_layer_norm.weight', 'fusion_layer_norm.bias']
Unexpected keys: []
Re-initializing decoder layer, to be trained from scratch
Training...
{'loss': '18.67', 'grad_norm': '116', 'learning_rate': '5.839e-05', 'epoch': '0.9756'}
{'eval_loss': '1.693', 'eval_runtime': '16.02', 'eval_samples_per_second': '272.7', 'eval_steps_per_second': '2.872', 'epoch': '0.9756'}
{'loss': '1.85', 'grad_norm': '197.3', 'learning_rate': '0.0001169', 'epoch': '1.951'}
{'eval_loss': '3.252', 'eval_runtime': '16.02', 'eval_samples_per_second': '272.6', 'eval_steps_per_second': '2.871', 'epoch': '1.951'}
{'loss': '1.388', 'grad_norm': '34.41', 'learning_rate': '0.0001755', 'epoch': '2.927'}
{'eval_loss': '1.316', 'eval_runtime': '16.02', 'eval_samples_per_second': '272.6', 'eval_steps_per_second': '2.871', 'epoch': '2.927'}
{'loss': '0.9191', 'grad_norm': '49.28', 'learning_rate': '0.000234', 'epoch': '3.902'}
{'eval_loss': '0.776', 'eval_runtime': '16.01', 'eval_samples_per_second': '272.9', 'eval_steps_per_second': '2.874', 'epoch': '3.902'}
{'loss': '0.7881', 'grad_norm': '39.46', 'learning_rate': '0.0002925', 'epoch': '4.878'}
{'eval_loss': '0.5503', 'eval_runtime': '16.02', 'eval_samples_per_second': '272.6', 'eval_steps_per_second': '2.871', 'epoch': '4.878'}
{'loss': '0.6492', 'grad_norm': '21.42', 'learning_rate': '0.0002997', 'epoch': '5.854'}
{'eval_loss': '0.5555', 'eval_runtime': '16.04', 'eval_samples_per_second': '272.4', 'eval_steps_per_second': '2.869', 'epoch': '5.854'}
{'loss': '0.6295', 'grad_norm': '18.05', 'learning_rate': '0.0002988', 'epoch': '6.829'}
{'eval_loss': '0.505', 'eval_runtime': '16.03', 'eval_samples_per_second': '272.5', 'eval_steps_per_second': '2.87', 'epoch': '6.829'}
{'loss': '0.5689', 'grad_norm': '10.93', 'learning_rate': '0.0002971', 'epoch': '7.805'}
{'eval_loss': '0.5297', 'eval_runtime': '15.98', 'eval_samples_per_second': '273.3', 'eval_steps_per_second': '2.878', 'epoch': '7.805'}
{'loss': '0.5552', 'grad_norm': '2.824', 'learning_rate': '0.0002948', 'epoch': '8.78'}
{'eval_loss': '0.4726', 'eval_runtime': '15.97', 'eval_samples_per_second': '273.4', 'eval_steps_per_second': '2.88', 'epoch': '8.78'}
{'loss': '0.5226', 'grad_norm': '10.11', 'learning_rate': '0.0002918', 'epoch': '9.756'}
{'eval_loss': '0.4806', 'eval_runtime': '15.97', 'eval_samples_per_second': '273.4', 'eval_steps_per_second': '2.88', 'epoch': '9.756'}
{'loss': '0.5021', 'grad_norm': '21.39', 'learning_rate': '0.0002882', 'epoch': '10.73'}
{'eval_loss': '0.4972', 'eval_runtime': '15.98', 'eval_samples_per_second': '273.3', 'eval_steps_per_second': '2.878', 'epoch': '10.73'}
{'loss': '0.4964', 'grad_norm': '1.892', 'learning_rate': '0.0002839', 'epoch': '11.71'}
{'eval_loss': '0.4439', 'eval_runtime': '15.97', 'eval_samples_per_second': '273.4', 'eval_steps_per_second': '2.88', 'epoch': '11.71'}
{'loss': '0.4914', 'grad_norm': '3.683', 'learning_rate': '0.0002789', 'epoch': '12.68'}
{'eval_loss': '0.4421', 'eval_runtime': '16.08', 'eval_samples_per_second': '271.6', 'eval_steps_per_second': '2.86', 'epoch': '12.68'}
{'loss': '0.4765', 'grad_norm': '12.15', 'learning_rate': '0.0002734', 'epoch': '13.66'}
{'eval_loss': '0.4468', 'eval_runtime': '16.1', 'eval_samples_per_second': '271.3', 'eval_steps_per_second': '2.857', 'epoch': '13.66'}
{'loss': '0.4643', 'grad_norm': '14.19', 'learning_rate': '0.0002673', 'epoch': '14.63'}
{'eval_loss': '0.4457', 'eval_runtime': '16.06', 'eval_samples_per_second': '272.1', 'eval_steps_per_second': '2.865', 'epoch': '14.63'}
{'loss': '0.46', 'grad_norm': '1.913', 'learning_rate': '0.0002607', 'epoch': '15.61'}
{'eval_loss': '0.4328', 'eval_runtime': '16.08', 'eval_samples_per_second': '271.6', 'eval_steps_per_second': '2.86', 'epoch': '15.61'}
{'loss': '0.4596', 'grad_norm': '10.65', 'learning_rate': '0.0002536', 'epoch': '16.59'}
{'eval_loss': '0.4188', 'eval_runtime': '16.1', 'eval_samples_per_second': '271.3', 'eval_steps_per_second': '2.857', 'epoch': '16.59'}
{'loss': '0.4556', 'grad_norm': '14.96', 'learning_rate': '0.0002459', 'epoch': '17.56'}
{'eval_loss': '0.4348', 'eval_runtime': '16.08', 'eval_samples_per_second': '271.6', 'eval_steps_per_second': '2.861', 'epoch': '17.56'}
{'loss': '0.4559', 'grad_norm': '20.51', 'learning_rate': '0.0002379', 'epoch': '18.54'}
{'eval_loss': '0.4377', 'eval_runtime': '15.94', 'eval_samples_per_second': '274', 'eval_steps_per_second': '2.885', 'epoch': '18.54'}
{'loss': '0.4476', 'grad_norm': '6.484', 'learning_rate': '0.0002294', 'epoch': '19.51'}
{'eval_loss': '0.4115', 'eval_runtime': '15.95', 'eval_samples_per_second': '273.9', 'eval_steps_per_second': '2.885', 'epoch': '19.51'}
{'loss': '0.4398', 'grad_norm': '8.444', 'learning_rate': '0.0002206', 'epoch': '20.49'}
{'eval_loss': '0.4257', 'eval_runtime': '15.95', 'eval_samples_per_second': '273.8', 'eval_steps_per_second': '2.883', 'epoch': '20.49'}
{'loss': '0.4284', 'grad_norm': '3.493', 'learning_rate': '0.0002114', 'epoch': '21.46'}
{'eval_loss': '0.3932', 'eval_runtime': '15.96', 'eval_samples_per_second': '273.6', 'eval_steps_per_second': '2.882', 'epoch': '21.46'}
{'loss': '0.4163', 'grad_norm': '3.253', 'learning_rate': '0.0002019', 'epoch': '22.44'}
{'eval_loss': '0.3889', 'eval_runtime': '15.94', 'eval_samples_per_second': '274', 'eval_steps_per_second': '2.885', 'epoch': '22.44'}
{'loss': '0.4015', 'grad_norm': '5.865', 'learning_rate': '0.0001922', 'epoch': '23.41'}
{'eval_loss': '0.3739', 'eval_runtime': '15.94', 'eval_samples_per_second': '274.1', 'eval_steps_per_second': '2.886', 'epoch': '23.41'}
{'loss': '0.3829', 'grad_norm': '3.14', 'learning_rate': '0.0001823', 'epoch': '24.39'}
{'eval_loss': '0.3829', 'eval_runtime': '15.97', 'eval_samples_per_second': '273.6', 'eval_steps_per_second': '2.881', 'epoch': '24.39'}
{'loss': '0.3642', 'grad_norm': '11.87', 'learning_rate': '0.0001723', 'epoch': '25.37'}
{'eval_loss': '0.3176', 'eval_runtime': '15.95', 'eval_samples_per_second': '273.9', 'eval_steps_per_second': '2.885', 'epoch': '25.37'}
{'loss': '0.3435', 'grad_norm': '4.829', 'learning_rate': '0.0001621', 'epoch': '26.34'}
{'eval_loss': '0.3297', 'eval_runtime': '15.94', 'eval_samples_per_second': '274', 'eval_steps_per_second': '2.885', 'epoch': '26.34'}
{'loss': '0.3222', 'grad_norm': '2.357', 'learning_rate': '0.0001519', 'epoch': '27.32'}
{'eval_loss': '0.3028', 'eval_runtime': '16.07', 'eval_samples_per_second': '271.8', 'eval_steps_per_second': '2.862', 'epoch': '27.32'}
{'loss': '0.296', 'grad_norm': '19.4', 'learning_rate': '0.0001417', 'epoch': '28.29'}
{'eval_loss': '0.2762', 'eval_runtime': '16.17', 'eval_samples_per_second': '270.2', 'eval_steps_per_second': '2.845', 'epoch': '28.29'}
{'loss': '0.2712', 'grad_norm': '6.102', 'learning_rate': '0.0001316', 'epoch': '29.27'}
{'eval_loss': '0.2413', 'eval_runtime': '16.17', 'eval_samples_per_second': '270.2', 'eval_steps_per_second': '2.845', 'epoch': '29.27'}
{'loss': '0.2567', 'grad_norm': '7.538', 'learning_rate': '0.0001215', 'epoch': '30.24'}
{'eval_loss': '0.2644', 'eval_runtime': '16.16', 'eval_samples_per_second': '270.3', 'eval_steps_per_second': '2.847', 'epoch': '30.24'}
{'loss': '0.2351', 'grad_norm': '1.146', 'learning_rate': '0.0001115', 'epoch': '31.22'}
{'eval_loss': '0.2178', 'eval_runtime': '15.95', 'eval_samples_per_second': '273.9', 'eval_steps_per_second': '2.884', 'epoch': '31.22'}
{'loss': '0.2243', 'grad_norm': '5.759', 'learning_rate': '0.0001017', 'epoch': '32.2'}
{'eval_loss': '0.2423', 'eval_runtime': '15.93', 'eval_samples_per_second': '274.1', 'eval_steps_per_second': '2.887', 'epoch': '32.2'}
{'loss': '0.2044', 'grad_norm': '1.487', 'learning_rate': '9.218e-05', 'epoch': '33.17'}
{'eval_loss': '0.2041', 'eval_runtime': '16.07', 'eval_samples_per_second': '271.8', 'eval_steps_per_second': '2.862', 'epoch': '33.17'}
{'loss': '0.1912', 'grad_norm': '0.6246', 'learning_rate': '8.289e-05', 'epoch': '34.15'}
{'eval_loss': '0.2048', 'eval_runtime': '16.07', 'eval_samples_per_second': '271.9', 'eval_steps_per_second': '2.863', 'epoch': '34.15'}
{'loss': '0.1787', 'grad_norm': '0.7613', 'learning_rate': '7.392e-05', 'epoch': '35.12'}
{'eval_loss': '0.2022', 'eval_runtime': '15.94', 'eval_samples_per_second': '274.1', 'eval_steps_per_second': '2.887', 'epoch': '35.12'}
{'loss': '0.1711', 'grad_norm': '1.421', 'learning_rate': '6.53e-05', 'epoch': '36.1'}
{'eval_loss': '0.1989', 'eval_runtime': '16.08', 'eval_samples_per_second': '271.7', 'eval_steps_per_second': '2.861', 'epoch': '36.1'}
{'loss': '0.1626', 'grad_norm': '1.455', 'learning_rate': '5.707e-05', 'epoch': '37.07'}
{'eval_loss': '0.1952', 'eval_runtime': '15.98', 'eval_samples_per_second': '273.4', 'eval_steps_per_second': '2.879', 'epoch': '37.07'}
{'loss': '0.1573', 'grad_norm': '1.909', 'learning_rate': '4.927e-05', 'epoch': '38.05'}
{'eval_loss': '0.1913', 'eval_runtime': '16.11', 'eval_samples_per_second': '271.1', 'eval_steps_per_second': '2.855', 'epoch': '38.05'}
{'loss': '0.1517', 'grad_norm': '2.387', 'learning_rate': '4.194e-05', 'epoch': '39.02'}
{'eval_loss': '0.1961', 'eval_runtime': '16.12', 'eval_samples_per_second': '271', 'eval_steps_per_second': '2.854', 'epoch': '39.02'}
{'loss': '0.1474', 'grad_norm': '0.5237', 'learning_rate': '3.511e-05', 'epoch': '40'}
{'eval_loss': '0.2042', 'eval_runtime': '16.15', 'eval_samples_per_second': '270.4', 'eval_steps_per_second': '2.848', 'epoch': '40'}
{'loss': '0.144', 'grad_norm': '0.6412', 'learning_rate': '2.881e-05', 'epoch': '40.98'}
{'eval_loss': '0.2037', 'eval_runtime': '15.94', 'eval_samples_per_second': '274', 'eval_steps_per_second': '2.885', 'epoch': '40.98'}
{'loss': '0.1409', 'grad_norm': '3.323', 'learning_rate': '2.308e-05', 'epoch': '41.95'}
{'eval_loss': '0.1997', 'eval_runtime': '16.09', 'eval_samples_per_second': '271.4', 'eval_steps_per_second': '2.859', 'epoch': '41.95'}
{'loss': '0.1388', 'grad_norm': '0.457', 'learning_rate': '1.793e-05', 'epoch': '42.93'}
{'eval_loss': '0.1978', 'eval_runtime': '16.09', 'eval_samples_per_second': '271.5', 'eval_steps_per_second': '2.859', 'epoch': '42.93'}
{'train_runtime': '1.843e+04', 'train_samples_per_second': '106.6', 'train_steps_per_second': '1.112', 'train_loss': '0.8504', 'epoch': '42.93'}
Evaluating (Mean Loss)...
Calculating per-sequence surprisals...
Fold 8 Evaluation per token: 0.1913
Fold 8 Entropy per sequence: 7.1191

--- Starting Fold 9/10 ---
Fold 9 sizes: Train=39314, Eval=4368
Loading tokenizer...
Found 68 POS tags: ['-LRB-', '-RRB-', 'ADD', 'ADJP', 'ADVP', 'AFX', 'CC', 'CD', 'CONJP', 'DT', 'EX', 'FRAG', 'FW', 'HYPH', 'IN', 'INTJ', 'JJ', 'JJR', 'JJS', 'LS', 'LST', 'MD', 'NFP', 'NML', 'NN', 'NNP', 'NNPS', 'NNS', 'NP', 'PDT', 'POS', 'PP', 'PRN', 'PRP', 'PRP$', 'PRT', 'QP', 'RB', 'RBR', 'RBS', 'ROOT', 'RP', 'RRC', 'S', 'SBAR', 'SBARQ', 'SINV', 'SQ', 'SYM', 'TO', 'UCP', 'UH', 'VB', 'VBD', 'VBG', 'VBN', 'VBP', 'VBZ', 'VP', 'WDT', 'WHADJP', 'WHADVP', 'WHNP', 'WHPP', 'WP', 'WP$', 'WRB', 'X']
Found 0 phrase labels: []
Adding manual additions: ( ) # $ . , ''
Preprocessing...
Token length per parse sequence: 37.8191
Initializing DualEncoder model...
Loading  weights...
Missing keys: ['prosody_encoder.pos_table', 'prosody_encoder.mag_table', 'prosody_encoder.transformer.layers.0.self_attn.in_proj_weight', 'prosody_encoder.transformer.layers.0.self_attn.in_proj_bias', 'prosody_encoder.transformer.layers.0.self_attn.out_proj.weight', 'prosody_encoder.transformer.layers.0.self_attn.out_proj.bias', 'prosody_encoder.transformer.layers.0.linear1.weight', 'prosody_encoder.transformer.layers.0.linear1.bias', 'prosody_encoder.transformer.layers.0.linear2.weight', 'prosody_encoder.transformer.layers.0.linear2.bias', 'prosody_encoder.transformer.layers.0.norm1.weight', 'prosody_encoder.transformer.layers.0.norm1.bias', 'prosody_encoder.transformer.layers.0.norm2.weight', 'prosody_encoder.transformer.layers.0.norm2.bias', 'prosody_encoder.transformer.layers.1.self_attn.in_proj_weight', 'prosody_encoder.transformer.layers.1.self_attn.in_proj_bias', 'prosody_encoder.transformer.layers.1.self_attn.out_proj.weight', 'prosody_encoder.transformer.layers.1.self_attn.out_proj.bias', 'prosody_encoder.transformer.layers.1.linear1.weight', 'prosody_encoder.transformer.layers.1.linear1.bias', 'prosody_encoder.transformer.layers.1.linear2.weight', 'prosody_encoder.transformer.layers.1.linear2.bias', 'prosody_encoder.transformer.layers.1.norm1.weight', 'prosody_encoder.transformer.layers.1.norm1.bias', 'prosody_encoder.transformer.layers.1.norm2.weight', 'prosody_encoder.transformer.layers.1.norm2.bias', 'prosody_encoder.up_proj.weight', 'prosody_encoder.up_proj.bias', 'prosody_up.weight', 'prosody_up.bias', 'cross_attn.in_proj_weight', 'cross_attn.in_proj_bias', 'cross_attn.out_proj.weight', 'cross_attn.out_proj.bias', 'fusion_layer_norm.weight', 'fusion_layer_norm.bias']
Unexpected keys: []
Re-initializing decoder layer, to be trained from scratch
Training...
{'loss': '12.79', 'grad_norm': '142.5', 'learning_rate': '5.839e-05', 'epoch': '0.9756'}
{'eval_loss': '1.988', 'eval_runtime': '15.96', 'eval_samples_per_second': '273.7', 'eval_steps_per_second': '2.882', 'epoch': '0.9756'}
{'loss': '1.818', 'grad_norm': '43.36', 'learning_rate': '0.0001169', 'epoch': '1.951'}
{'eval_loss': '0.9766', 'eval_runtime': '15.94', 'eval_samples_per_second': '274.1', 'eval_steps_per_second': '2.886', 'epoch': '1.951'}
{'loss': '1.299', 'grad_norm': '31.91', 'learning_rate': '0.0001755', 'epoch': '2.927'}
{'eval_loss': '0.5845', 'eval_runtime': '15.94', 'eval_samples_per_second': '274', 'eval_steps_per_second': '2.885', 'epoch': '2.927'}
{'loss': '0.8955', 'grad_norm': '11.16', 'learning_rate': '0.000234', 'epoch': '3.902'}
{'eval_loss': '0.5776', 'eval_runtime': '15.94', 'eval_samples_per_second': '273.9', 'eval_steps_per_second': '2.885', 'epoch': '3.902'}
{'loss': '0.7914', 'grad_norm': '3.537', 'learning_rate': '0.0002925', 'epoch': '4.878'}
{'eval_loss': '0.6126', 'eval_runtime': '16.32', 'eval_samples_per_second': '267.6', 'eval_steps_per_second': '2.818', 'epoch': '4.878'}
{'loss': '0.6897', 'grad_norm': '20.85', 'learning_rate': '0.0002997', 'epoch': '5.854'}
{'eval_loss': '0.5508', 'eval_runtime': '16.3', 'eval_samples_per_second': '268.1', 'eval_steps_per_second': '2.823', 'epoch': '5.854'}
{'loss': '0.6083', 'grad_norm': '29.89', 'learning_rate': '0.0002988', 'epoch': '6.829'}
{'eval_loss': '0.632', 'eval_runtime': '16.28', 'eval_samples_per_second': '268.4', 'eval_steps_per_second': '2.826', 'epoch': '6.829'}
{'loss': '0.578', 'grad_norm': '8.82', 'learning_rate': '0.0002971', 'epoch': '7.805'}
{'eval_loss': '0.5032', 'eval_runtime': '16.23', 'eval_samples_per_second': '269.2', 'eval_steps_per_second': '2.835', 'epoch': '7.805'}
{'loss': '0.5322', 'grad_norm': '26.7', 'learning_rate': '0.0002948', 'epoch': '8.78'}
{'eval_loss': '0.499', 'eval_runtime': '16.21', 'eval_samples_per_second': '269.4', 'eval_steps_per_second': '2.837', 'epoch': '8.78'}
{'loss': '0.525', 'grad_norm': '16.61', 'learning_rate': '0.0002918', 'epoch': '9.756'}
{'eval_loss': '0.4587', 'eval_runtime': '15.95', 'eval_samples_per_second': '273.8', 'eval_steps_per_second': '2.884', 'epoch': '9.756'}
{'loss': '0.5076', 'grad_norm': '7.107', 'learning_rate': '0.0002882', 'epoch': '10.73'}
{'eval_loss': '0.4833', 'eval_runtime': '16.05', 'eval_samples_per_second': '272.1', 'eval_steps_per_second': '2.866', 'epoch': '10.73'}
{'loss': '0.5023', 'grad_norm': '1.591', 'learning_rate': '0.0002839', 'epoch': '11.71'}
{'eval_loss': '0.4502', 'eval_runtime': '16.06', 'eval_samples_per_second': '272', 'eval_steps_per_second': '2.865', 'epoch': '11.71'}
{'loss': '0.4851', 'grad_norm': '2.063', 'learning_rate': '0.0002789', 'epoch': '12.68'}
{'eval_loss': '0.4479', 'eval_runtime': '15.94', 'eval_samples_per_second': '274', 'eval_steps_per_second': '2.885', 'epoch': '12.68'}
{'loss': '0.4728', 'grad_norm': '3.16', 'learning_rate': '0.0002734', 'epoch': '13.66'}
{'eval_loss': '0.4424', 'eval_runtime': '16.11', 'eval_samples_per_second': '271.1', 'eval_steps_per_second': '2.855', 'epoch': '13.66'}
{'loss': '0.4736', 'grad_norm': '6.475', 'learning_rate': '0.0002673', 'epoch': '14.63'}
{'eval_loss': '0.4267', 'eval_runtime': '16.11', 'eval_samples_per_second': '271.1', 'eval_steps_per_second': '2.856', 'epoch': '14.63'}
{'loss': '0.457', 'grad_norm': '10.38', 'learning_rate': '0.0002607', 'epoch': '15.61'}
{'eval_loss': '0.4195', 'eval_runtime': '15.94', 'eval_samples_per_second': '273.9', 'eval_steps_per_second': '2.885', 'epoch': '15.61'}
{'loss': '0.4546', 'grad_norm': '9.766', 'learning_rate': '0.0002536', 'epoch': '16.59'}
{'eval_loss': '0.4412', 'eval_runtime': '15.95', 'eval_samples_per_second': '273.9', 'eval_steps_per_second': '2.885', 'epoch': '16.59'}
{'loss': '0.4351', 'grad_norm': '8.636', 'learning_rate': '0.0002459', 'epoch': '17.56'}
{'eval_loss': '0.4214', 'eval_runtime': '15.95', 'eval_samples_per_second': '273.9', 'eval_steps_per_second': '2.885', 'epoch': '17.56'}
{'loss': '0.4246', 'grad_norm': '3.753', 'learning_rate': '0.0002379', 'epoch': '18.54'}
{'eval_loss': '0.4256', 'eval_runtime': '15.94', 'eval_samples_per_second': '274', 'eval_steps_per_second': '2.886', 'epoch': '18.54'}
{'loss': '0.4188', 'grad_norm': '1.709', 'learning_rate': '0.0002294', 'epoch': '19.51'}
{'eval_loss': '0.3761', 'eval_runtime': '15.95', 'eval_samples_per_second': '273.9', 'eval_steps_per_second': '2.885', 'epoch': '19.51'}
{'loss': '0.3909', 'grad_norm': '5.592', 'learning_rate': '0.0002206', 'epoch': '20.49'}
{'eval_loss': '0.3531', 'eval_runtime': '15.95', 'eval_samples_per_second': '273.9', 'eval_steps_per_second': '2.884', 'epoch': '20.49'}
{'loss': '0.3992', 'grad_norm': '10.03', 'learning_rate': '0.0002114', 'epoch': '21.46'}
{'eval_loss': '0.3525', 'eval_runtime': '15.93', 'eval_samples_per_second': '274.2', 'eval_steps_per_second': '2.887', 'epoch': '21.46'}
{'loss': '0.3594', 'grad_norm': '7.888', 'learning_rate': '0.0002019', 'epoch': '22.44'}
{'eval_loss': '0.3054', 'eval_runtime': '15.94', 'eval_samples_per_second': '274', 'eval_steps_per_second': '2.886', 'epoch': '22.44'}
{'loss': '0.3334', 'grad_norm': '1.665', 'learning_rate': '0.0001922', 'epoch': '23.41'}
{'eval_loss': '0.3013', 'eval_runtime': '15.95', 'eval_samples_per_second': '273.9', 'eval_steps_per_second': '2.884', 'epoch': '23.41'}
{'loss': '0.3089', 'grad_norm': '3.173', 'learning_rate': '0.0001823', 'epoch': '24.39'}
{'eval_loss': '0.273', 'eval_runtime': '15.94', 'eval_samples_per_second': '274.1', 'eval_steps_per_second': '2.887', 'epoch': '24.39'}
{'loss': '0.2895', 'grad_norm': '1.903', 'learning_rate': '0.0001723', 'epoch': '25.37'}
{'eval_loss': '0.2433', 'eval_runtime': '15.94', 'eval_samples_per_second': '274.1', 'eval_steps_per_second': '2.886', 'epoch': '25.37'}
{'loss': '0.2688', 'grad_norm': '7.356', 'learning_rate': '0.0001621', 'epoch': '26.34'}
{'eval_loss': '0.292', 'eval_runtime': '15.94', 'eval_samples_per_second': '274.1', 'eval_steps_per_second': '2.886', 'epoch': '26.34'}
{'loss': '0.2463', 'grad_norm': '5.474', 'learning_rate': '0.0001519', 'epoch': '27.32'}
{'eval_loss': '0.2323', 'eval_runtime': '15.94', 'eval_samples_per_second': '274', 'eval_steps_per_second': '2.886', 'epoch': '27.32'}
{'loss': '0.2251', 'grad_norm': '12.64', 'learning_rate': '0.0001417', 'epoch': '28.29'}
{'eval_loss': '0.2683', 'eval_runtime': '15.95', 'eval_samples_per_second': '273.9', 'eval_steps_per_second': '2.885', 'epoch': '28.29'}
{'loss': '0.2038', 'grad_norm': '9.509', 'learning_rate': '0.0001316', 'epoch': '29.27'}
{'eval_loss': '0.2025', 'eval_runtime': '15.95', 'eval_samples_per_second': '273.9', 'eval_steps_per_second': '2.885', 'epoch': '29.27'}
{'loss': '0.1966', 'grad_norm': '4.567', 'learning_rate': '0.0001215', 'epoch': '30.24'}
{'eval_loss': '0.1972', 'eval_runtime': '15.95', 'eval_samples_per_second': '273.9', 'eval_steps_per_second': '2.884', 'epoch': '30.24'}
{'loss': '0.1817', 'grad_norm': '2.614', 'learning_rate': '0.0001115', 'epoch': '31.22'}
{'eval_loss': '0.2033', 'eval_runtime': '15.96', 'eval_samples_per_second': '273.8', 'eval_steps_per_second': '2.883', 'epoch': '31.22'}
{'loss': '0.1652', 'grad_norm': '1.579', 'learning_rate': '0.0001017', 'epoch': '32.2'}
{'eval_loss': '0.2024', 'eval_runtime': '15.98', 'eval_samples_per_second': '273.4', 'eval_steps_per_second': '2.879', 'epoch': '32.2'}
{'loss': '0.1552', 'grad_norm': '0.4057', 'learning_rate': '9.218e-05', 'epoch': '33.17'}
{'eval_loss': '0.1967', 'eval_runtime': '15.95', 'eval_samples_per_second': '273.8', 'eval_steps_per_second': '2.883', 'epoch': '33.17'}
{'loss': '0.1485', 'grad_norm': '2.413', 'learning_rate': '8.289e-05', 'epoch': '34.15'}
{'eval_loss': '0.1986', 'eval_runtime': '15.94', 'eval_samples_per_second': '274', 'eval_steps_per_second': '2.885', 'epoch': '34.15'}
{'loss': '0.1393', 'grad_norm': '1.061', 'learning_rate': '7.392e-05', 'epoch': '35.12'}
{'eval_loss': '0.1986', 'eval_runtime': '15.94', 'eval_samples_per_second': '274.1', 'eval_steps_per_second': '2.886', 'epoch': '35.12'}
{'loss': '0.1339', 'grad_norm': '1.649', 'learning_rate': '6.53e-05', 'epoch': '36.1'}
{'eval_loss': '0.1984', 'eval_runtime': '16.09', 'eval_samples_per_second': '271.5', 'eval_steps_per_second': '2.859', 'epoch': '36.1'}
{'loss': '0.1276', 'grad_norm': '0.8524', 'learning_rate': '5.707e-05', 'epoch': '37.07'}
{'eval_loss': '0.1985', 'eval_runtime': '15.94', 'eval_samples_per_second': '274', 'eval_steps_per_second': '2.885', 'epoch': '37.07'}
{'loss': '0.1234', 'grad_norm': '1.143', 'learning_rate': '4.927e-05', 'epoch': '38.05'}
{'eval_loss': '0.2002', 'eval_runtime': '15.94', 'eval_samples_per_second': '274', 'eval_steps_per_second': '2.885', 'epoch': '38.05'}
{'train_runtime': '1.634e+04', 'train_samples_per_second': '120.3', 'train_steps_per_second': '1.255', 'train_loss': '0.7579', 'epoch': '38.05'}
Evaluating (Mean Loss)...
Calculating per-sequence surprisals...
Fold 9 Evaluation per token: 0.1967
Fold 9 Entropy per sequence: 7.4398

--- Starting Fold 10/10 ---
Fold 10 sizes: Train=39314, Eval=4368
Loading tokenizer...
Found 68 POS tags: ['-LRB-', '-RRB-', 'ADD', 'ADJP', 'ADVP', 'AFX', 'CC', 'CD', 'CONJP', 'DT', 'EX', 'FRAG', 'FW', 'HYPH', 'IN', 'INTJ', 'JJ', 'JJR', 'JJS', 'LS', 'LST', 'MD', 'NFP', 'NML', 'NN', 'NNP', 'NNPS', 'NNS', 'NP', 'PDT', 'POS', 'PP', 'PRN', 'PRP', 'PRP$', 'PRT', 'QP', 'RB', 'RBR', 'RBS', 'ROOT', 'RP', 'RRC', 'S', 'SBAR', 'SBARQ', 'SINV', 'SQ', 'SYM', 'TO', 'UCP', 'UH', 'VB', 'VBD', 'VBG', 'VBN', 'VBP', 'VBZ', 'VP', 'WDT', 'WHADJP', 'WHADVP', 'WHNP', 'WHPP', 'WP', 'WP$', 'WRB', 'X']
Found 0 phrase labels: []
Adding manual additions: ( ) # $ . , ''
Preprocessing...
Token length per parse sequence: 37.8658
Initializing DualEncoder model...
Loading  weights...
Missing keys: ['prosody_encoder.pos_table', 'prosody_encoder.mag_table', 'prosody_encoder.transformer.layers.0.self_attn.in_proj_weight', 'prosody_encoder.transformer.layers.0.self_attn.in_proj_bias', 'prosody_encoder.transformer.layers.0.self_attn.out_proj.weight', 'prosody_encoder.transformer.layers.0.self_attn.out_proj.bias', 'prosody_encoder.transformer.layers.0.linear1.weight', 'prosody_encoder.transformer.layers.0.linear1.bias', 'prosody_encoder.transformer.layers.0.linear2.weight', 'prosody_encoder.transformer.layers.0.linear2.bias', 'prosody_encoder.transformer.layers.0.norm1.weight', 'prosody_encoder.transformer.layers.0.norm1.bias', 'prosody_encoder.transformer.layers.0.norm2.weight', 'prosody_encoder.transformer.layers.0.norm2.bias', 'prosody_encoder.transformer.layers.1.self_attn.in_proj_weight', 'prosody_encoder.transformer.layers.1.self_attn.in_proj_bias', 'prosody_encoder.transformer.layers.1.self_attn.out_proj.weight', 'prosody_encoder.transformer.layers.1.self_attn.out_proj.bias', 'prosody_encoder.transformer.layers.1.linear1.weight', 'prosody_encoder.transformer.layers.1.linear1.bias', 'prosody_encoder.transformer.layers.1.linear2.weight', 'prosody_encoder.transformer.layers.1.linear2.bias', 'prosody_encoder.transformer.layers.1.norm1.weight', 'prosody_encoder.transformer.layers.1.norm1.bias', 'prosody_encoder.transformer.layers.1.norm2.weight', 'prosody_encoder.transformer.layers.1.norm2.bias', 'prosody_encoder.up_proj.weight', 'prosody_encoder.up_proj.bias', 'prosody_up.weight', 'prosody_up.bias', 'cross_attn.in_proj_weight', 'cross_attn.in_proj_bias', 'cross_attn.out_proj.weight', 'cross_attn.out_proj.bias', 'fusion_layer_norm.weight', 'fusion_layer_norm.bias']
Unexpected keys: []
Re-initializing decoder layer, to be trained from scratch
Training...
{'loss': '16.11', 'grad_norm': '143.2', 'learning_rate': '5.839e-05', 'epoch': '0.9756'}
{'eval_loss': '1.602', 'eval_runtime': '15.93', 'eval_samples_per_second': '274.1', 'eval_steps_per_second': '2.887', 'epoch': '0.9756'}
{'loss': '1.796', 'grad_norm': '54.28', 'learning_rate': '0.0001169', 'epoch': '1.951'}
{'eval_loss': '1.479', 'eval_runtime': '15.94', 'eval_samples_per_second': '274.1', 'eval_steps_per_second': '2.887', 'epoch': '1.951'}
{'loss': '1.27', 'grad_norm': '39.07', 'learning_rate': '0.0001755', 'epoch': '2.927'}
{'eval_loss': '0.9367', 'eval_runtime': '15.93', 'eval_samples_per_second': '274.1', 'eval_steps_per_second': '2.887', 'epoch': '2.927'}
{'loss': '0.8797', 'grad_norm': '30.34', 'learning_rate': '0.000234', 'epoch': '3.902'}
{'eval_loss': '0.7553', 'eval_runtime': '15.94', 'eval_samples_per_second': '274', 'eval_steps_per_second': '2.886', 'epoch': '3.902'}
{'loss': '0.7828', 'grad_norm': '7.377', 'learning_rate': '0.0002925', 'epoch': '4.878'}
{'eval_loss': '0.658', 'eval_runtime': '15.94', 'eval_samples_per_second': '274', 'eval_steps_per_second': '2.885', 'epoch': '4.878'}
{'loss': '0.7228', 'grad_norm': '20.68', 'learning_rate': '0.0002997', 'epoch': '5.854'}
{'eval_loss': '0.5094', 'eval_runtime': '15.94', 'eval_samples_per_second': '274', 'eval_steps_per_second': '2.885', 'epoch': '5.854'}
{'loss': '0.6016', 'grad_norm': '19.96', 'learning_rate': '0.0002988', 'epoch': '6.829'}
{'eval_loss': '0.508', 'eval_runtime': '15.94', 'eval_samples_per_second': '274', 'eval_steps_per_second': '2.886', 'epoch': '6.829'}
{'loss': '0.5775', 'grad_norm': '14.86', 'learning_rate': '0.0002971', 'epoch': '7.805'}
{'eval_loss': '0.4821', 'eval_runtime': '15.93', 'eval_samples_per_second': '274.1', 'eval_steps_per_second': '2.887', 'epoch': '7.805'}
{'loss': '0.5407', 'grad_norm': '10.31', 'learning_rate': '0.0002948', 'epoch': '8.78'}
{'eval_loss': '0.4883', 'eval_runtime': '15.94', 'eval_samples_per_second': '274.1', 'eval_steps_per_second': '2.886', 'epoch': '8.78'}
{'loss': '0.5347', 'grad_norm': '1.289', 'learning_rate': '0.0002918', 'epoch': '9.756'}
{'eval_loss': '0.5151', 'eval_runtime': '15.94', 'eval_samples_per_second': '274', 'eval_steps_per_second': '2.885', 'epoch': '9.756'}
{'loss': '0.5062', 'grad_norm': '30.9', 'learning_rate': '0.0002882', 'epoch': '10.73'}
{'eval_loss': '0.5124', 'eval_runtime': '15.94', 'eval_samples_per_second': '274.1', 'eval_steps_per_second': '2.886', 'epoch': '10.73'}
{'loss': '0.5031', 'grad_norm': '26.26', 'learning_rate': '0.0002839', 'epoch': '11.71'}
{'eval_loss': '0.4826', 'eval_runtime': '16.04', 'eval_samples_per_second': '272.3', 'eval_steps_per_second': '2.867', 'epoch': '11.71'}
{'loss': '0.496', 'grad_norm': '13.07', 'learning_rate': '0.0002789', 'epoch': '12.68'}
{'eval_loss': '0.4547', 'eval_runtime': '16.17', 'eval_samples_per_second': '270.1', 'eval_steps_per_second': '2.845', 'epoch': '12.68'}
{'loss': '0.4721', 'grad_norm': '3.468', 'learning_rate': '0.0002734', 'epoch': '13.66'}
{'eval_loss': '0.4392', 'eval_runtime': '16.24', 'eval_samples_per_second': '268.9', 'eval_steps_per_second': '2.832', 'epoch': '13.66'}
{'loss': '0.4671', 'grad_norm': '14.87', 'learning_rate': '0.0002673', 'epoch': '14.63'}
{'eval_loss': '0.4508', 'eval_runtime': '16.18', 'eval_samples_per_second': '269.9', 'eval_steps_per_second': '2.843', 'epoch': '14.63'}
{'loss': '0.4507', 'grad_norm': '21.08', 'learning_rate': '0.0002607', 'epoch': '15.61'}
{'eval_loss': '0.4187', 'eval_runtime': '16.19', 'eval_samples_per_second': '269.7', 'eval_steps_per_second': '2.841', 'epoch': '15.61'}
{'loss': '0.4438', 'grad_norm': '16.07', 'learning_rate': '0.0002536', 'epoch': '16.59'}
{'eval_loss': '0.4111', 'eval_runtime': '15.99', 'eval_samples_per_second': '273.1', 'eval_steps_per_second': '2.877', 'epoch': '16.59'}
{'loss': '0.4286', 'grad_norm': '13.74', 'learning_rate': '0.0002459', 'epoch': '17.56'}
{'eval_loss': '0.4013', 'eval_runtime': '16.14', 'eval_samples_per_second': '270.5', 'eval_steps_per_second': '2.849', 'epoch': '17.56'}
{'loss': '0.3979', 'grad_norm': '4.769', 'learning_rate': '0.0002379', 'epoch': '18.54'}
{'eval_loss': '0.377', 'eval_runtime': '16.14', 'eval_samples_per_second': '270.6', 'eval_steps_per_second': '2.85', 'epoch': '18.54'}
{'loss': '0.395', 'grad_norm': '6.989', 'learning_rate': '0.0002294', 'epoch': '19.51'}
{'eval_loss': '0.3601', 'eval_runtime': '15.94', 'eval_samples_per_second': '274', 'eval_steps_per_second': '2.886', 'epoch': '19.51'}
{'loss': '0.3616', 'grad_norm': '11.66', 'learning_rate': '0.0002206', 'epoch': '20.49'}
{'eval_loss': '0.3903', 'eval_runtime': '15.94', 'eval_samples_per_second': '274.1', 'eval_steps_per_second': '2.887', 'epoch': '20.49'}
{'loss': '0.3396', 'grad_norm': '1.362', 'learning_rate': '0.0002114', 'epoch': '21.46'}
{'eval_loss': '0.3077', 'eval_runtime': '15.93', 'eval_samples_per_second': '274.2', 'eval_steps_per_second': '2.887', 'epoch': '21.46'}
{'loss': '0.3191', 'grad_norm': '1.353', 'learning_rate': '0.0002019', 'epoch': '22.44'}
{'eval_loss': '0.2684', 'eval_runtime': '15.95', 'eval_samples_per_second': '273.8', 'eval_steps_per_second': '2.883', 'epoch': '22.44'}
{'loss': '0.2864', 'grad_norm': '11.62', 'learning_rate': '0.0001922', 'epoch': '23.41'}
{'eval_loss': '0.2412', 'eval_runtime': '15.93', 'eval_samples_per_second': '274.1', 'eval_steps_per_second': '2.887', 'epoch': '23.41'}
{'loss': '0.276', 'grad_norm': '17.4', 'learning_rate': '0.0001823', 'epoch': '24.39'}
{'eval_loss': '0.2472', 'eval_runtime': '15.93', 'eval_samples_per_second': '274.2', 'eval_steps_per_second': '2.887', 'epoch': '24.39'}
{'loss': '0.2446', 'grad_norm': '4.303', 'learning_rate': '0.0001723', 'epoch': '25.37'}
{'eval_loss': '0.2352', 'eval_runtime': '15.94', 'eval_samples_per_second': '274.1', 'eval_steps_per_second': '2.887', 'epoch': '25.37'}
{'loss': '0.2192', 'grad_norm': '1.912', 'learning_rate': '0.0001621', 'epoch': '26.34'}
{'eval_loss': '0.2148', 'eval_runtime': '15.93', 'eval_samples_per_second': '274.2', 'eval_steps_per_second': '2.887', 'epoch': '26.34'}
{'loss': '0.1959', 'grad_norm': '11.63', 'learning_rate': '0.0001519', 'epoch': '27.32'}
{'eval_loss': '0.3188', 'eval_runtime': '15.93', 'eval_samples_per_second': '274.2', 'eval_steps_per_second': '2.887', 'epoch': '27.32'}
{'loss': '0.1881', 'grad_norm': '6.67', 'learning_rate': '0.0001417', 'epoch': '28.29'}
{'eval_loss': '0.2047', 'eval_runtime': '15.93', 'eval_samples_per_second': '274.1', 'eval_steps_per_second': '2.887', 'epoch': '28.29'}
{'loss': '0.1776', 'grad_norm': '0.6326', 'learning_rate': '0.0001316', 'epoch': '29.27'}
{'eval_loss': '0.2005', 'eval_runtime': '15.94', 'eval_samples_per_second': '274', 'eval_steps_per_second': '2.886', 'epoch': '29.27'}
{'loss': '0.1577', 'grad_norm': '5.058', 'learning_rate': '0.0001215', 'epoch': '30.24'}
{'eval_loss': '0.2097', 'eval_runtime': '15.93', 'eval_samples_per_second': '274.1', 'eval_steps_per_second': '2.887', 'epoch': '30.24'}
{'loss': '0.1483', 'grad_norm': '3.715', 'learning_rate': '0.0001115', 'epoch': '31.22'}
{'eval_loss': '0.1968', 'eval_runtime': '15.94', 'eval_samples_per_second': '274', 'eval_steps_per_second': '2.885', 'epoch': '31.22'}
{'loss': '0.1385', 'grad_norm': '3.66', 'learning_rate': '0.0001017', 'epoch': '32.2'}
{'eval_loss': '0.1999', 'eval_runtime': '15.93', 'eval_samples_per_second': '274.2', 'eval_steps_per_second': '2.887', 'epoch': '32.2'}
{'loss': '0.1305', 'grad_norm': '4.527', 'learning_rate': '9.218e-05', 'epoch': '33.17'}
{'eval_loss': '0.1834', 'eval_runtime': '15.93', 'eval_samples_per_second': '274.1', 'eval_steps_per_second': '2.887', 'epoch': '33.17'}
{'loss': '0.1244', 'grad_norm': '0.6393', 'learning_rate': '8.289e-05', 'epoch': '34.15'}
{'eval_loss': '0.1911', 'eval_runtime': '15.94', 'eval_samples_per_second': '274.1', 'eval_steps_per_second': '2.887', 'epoch': '34.15'}
{'loss': '0.1177', 'grad_norm': '0.411', 'learning_rate': '7.392e-05', 'epoch': '35.12'}
{'eval_loss': '0.1948', 'eval_runtime': '15.93', 'eval_samples_per_second': '274.1', 'eval_steps_per_second': '2.887', 'epoch': '35.12'}
{'loss': '0.1134', 'grad_norm': '0.441', 'learning_rate': '6.53e-05', 'epoch': '36.1'}
{'eval_loss': '0.1888', 'eval_runtime': '16.08', 'eval_samples_per_second': '271.6', 'eval_steps_per_second': '2.86', 'epoch': '36.1'}
{'loss': '0.1091', 'grad_norm': '0.7104', 'learning_rate': '5.707e-05', 'epoch': '37.07'}
{'eval_loss': '0.1975', 'eval_runtime': '15.93', 'eval_samples_per_second': '274.2', 'eval_steps_per_second': '2.887', 'epoch': '37.07'}
{'loss': '0.1061', 'grad_norm': '1.188', 'learning_rate': '4.927e-05', 'epoch': '38.05'}
{'eval_loss': '0.1908', 'eval_runtime': '15.93', 'eval_samples_per_second': '274.2', 'eval_steps_per_second': '2.887', 'epoch': '38.05'}
{'train_runtime': '1.632e+04', 'train_samples_per_second': '120.5', 'train_steps_per_second': '1.256', 'train_loss': '0.8239', 'epoch': '38.05'}
Evaluating (Mean Loss)...
Calculating per-sequence surprisals...
Fold 10 Evaluation per token: 0.1834
Fold 10 Entropy per sequence: 6.9434
Saving detailed results...
Saved per-sequence surprisals to /home/jm3743/prosody-syntax-interface/outputs/libri_text_duration_dyck/cross_validation_results.csv
Global Mean Surprisal: 7.2115

--- Cross-Validation Results ---
Individual Fold Metrics: [6.866942453906912, 7.026889794050596, 7.199960463294834, 7.036035355139564, 7.473030178756504, 7.382310361468367, 6.831740202962151, 7.119121163339788, 7.43979755956202, 6.943360573663325]
Mean Metric (Entropy/Loss): 7.1319
Standard Deviation: 0.2224
Variance: 0.0495
