GPU Verified: NVIDIA H100 80GB HBM3 (Allocated: 1 device(s))
Loading data...
Loaded 43682 examples.

--- Starting Fold 1/10 ---
Fold 1 sizes: Train=39313, Eval=4369
Loading tokenizer...
Found 68 POS tags: ['-LRB-', '-RRB-', 'ADD', 'ADJP', 'ADVP', 'AFX', 'CC', 'CD', 'CONJP', 'DT', 'EX', 'FRAG', 'FW', 'HYPH', 'IN', 'INTJ', 'JJ', 'JJR', 'JJS', 'LS', 'LST', 'MD', 'NFP', 'NML', 'NN', 'NNP', 'NNPS', 'NNS', 'NP', 'PDT', 'POS', 'PP', 'PRN', 'PRP', 'PRP$', 'PRT', 'QP', 'RB', 'RBR', 'RBS', 'ROOT', 'RP', 'RRC', 'S', 'SBAR', 'SBARQ', 'SINV', 'SQ', 'SYM', 'TO', 'UCP', 'UH', 'VB', 'VBD', 'VBG', 'VBN', 'VBP', 'VBZ', 'VP', 'WDT', 'WHADJP', 'WHADVP', 'WHNP', 'WHPP', 'WP', 'WP$', 'WRB', 'X']
Found 0 phrase labels: []
Adding manual additions: ( ) # $ . , ''
Preprocessing...
Token length per parse sequence: 37.6812
Initializing DualEncoder model...
Loading  weights...
Missing keys: ['prosody_encoder.pos_table', 'prosody_encoder.mag_table', 'prosody_encoder.transformer.layers.0.self_attn.in_proj_weight', 'prosody_encoder.transformer.layers.0.self_attn.in_proj_bias', 'prosody_encoder.transformer.layers.0.self_attn.out_proj.weight', 'prosody_encoder.transformer.layers.0.self_attn.out_proj.bias', 'prosody_encoder.transformer.layers.0.linear1.weight', 'prosody_encoder.transformer.layers.0.linear1.bias', 'prosody_encoder.transformer.layers.0.linear2.weight', 'prosody_encoder.transformer.layers.0.linear2.bias', 'prosody_encoder.transformer.layers.0.norm1.weight', 'prosody_encoder.transformer.layers.0.norm1.bias', 'prosody_encoder.transformer.layers.0.norm2.weight', 'prosody_encoder.transformer.layers.0.norm2.bias', 'prosody_encoder.transformer.layers.1.self_attn.in_proj_weight', 'prosody_encoder.transformer.layers.1.self_attn.in_proj_bias', 'prosody_encoder.transformer.layers.1.self_attn.out_proj.weight', 'prosody_encoder.transformer.layers.1.self_attn.out_proj.bias', 'prosody_encoder.transformer.layers.1.linear1.weight', 'prosody_encoder.transformer.layers.1.linear1.bias', 'prosody_encoder.transformer.layers.1.linear2.weight', 'prosody_encoder.transformer.layers.1.linear2.bias', 'prosody_encoder.transformer.layers.1.norm1.weight', 'prosody_encoder.transformer.layers.1.norm1.bias', 'prosody_encoder.transformer.layers.1.norm2.weight', 'prosody_encoder.transformer.layers.1.norm2.bias', 'prosody_encoder.up_proj.weight', 'prosody_encoder.up_proj.bias', 'prosody_up.weight', 'prosody_up.bias', 'cross_attn.in_proj_weight', 'cross_attn.in_proj_bias', 'cross_attn.out_proj.weight', 'cross_attn.out_proj.bias', 'fusion_layer_norm.weight', 'fusion_layer_norm.bias']
Unexpected keys: []
Re-initializing decoder layer, to be trained from scratch
Training...
{'loss': '15.67', 'grad_norm': '153.2', 'learning_rate': '9.732e-05', 'epoch': '0.9756'}
{'eval_loss': '2.07', 'eval_runtime': '16.09', 'eval_samples_per_second': '271.6', 'eval_steps_per_second': '2.859', 'epoch': '0.9756'}
{'loss': '1.847', 'grad_norm': '54.57', 'learning_rate': '0.0001949', 'epoch': '1.951'}
{'eval_loss': '0.9521', 'eval_runtime': '15.98', 'eval_samples_per_second': '273.5', 'eval_steps_per_second': '2.879', 'epoch': '1.951'}
{'loss': '1.232', 'grad_norm': '23.68', 'learning_rate': '0.0002924', 'epoch': '2.927'}
{'eval_loss': '0.6771', 'eval_runtime': '15.99', 'eval_samples_per_second': '273.2', 'eval_steps_per_second': '2.877', 'epoch': '2.927'}
{'loss': '0.8743', 'grad_norm': '1.604', 'learning_rate': '0.0002992', 'epoch': '3.902'}
{'eval_loss': '0.5352', 'eval_runtime': '15.99', 'eval_samples_per_second': '273.2', 'eval_steps_per_second': '2.876', 'epoch': '3.902'}
{'loss': '0.665', 'grad_norm': '37.08', 'learning_rate': '0.0002964', 'epoch': '4.878'}
{'eval_loss': '0.6329', 'eval_runtime': '16.34', 'eval_samples_per_second': '267.4', 'eval_steps_per_second': '2.816', 'epoch': '4.878'}
{'loss': '0.6113', 'grad_norm': '18.47', 'learning_rate': '0.0002918', 'epoch': '5.854'}
{'eval_loss': '0.4898', 'eval_runtime': '15.99', 'eval_samples_per_second': '273.3', 'eval_steps_per_second': '2.878', 'epoch': '5.854'}
{'loss': '0.5818', 'grad_norm': '9.11', 'learning_rate': '0.0002854', 'epoch': '6.829'}
{'eval_loss': '0.49', 'eval_runtime': '16', 'eval_samples_per_second': '273.1', 'eval_steps_per_second': '2.875', 'epoch': '6.829'}
{'loss': '0.5345', 'grad_norm': '6.532', 'learning_rate': '0.0002772', 'epoch': '7.805'}
{'eval_loss': '0.4713', 'eval_runtime': '15.97', 'eval_samples_per_second': '273.5', 'eval_steps_per_second': '2.88', 'epoch': '7.805'}
{'loss': '0.5235', 'grad_norm': '13.57', 'learning_rate': '0.0002674', 'epoch': '8.78'}
{'eval_loss': '0.5097', 'eval_runtime': '15.98', 'eval_samples_per_second': '273.3', 'eval_steps_per_second': '2.878', 'epoch': '8.78'}
{'loss': '0.5122', 'grad_norm': '0.7489', 'learning_rate': '0.000256', 'epoch': '9.756'}
{'eval_loss': '0.4581', 'eval_runtime': '15.99', 'eval_samples_per_second': '273.2', 'eval_steps_per_second': '2.877', 'epoch': '9.756'}
{'loss': '0.4974', 'grad_norm': '36.86', 'learning_rate': '0.0002433', 'epoch': '10.73'}
{'eval_loss': '0.542', 'eval_runtime': '15.99', 'eval_samples_per_second': '273.2', 'eval_steps_per_second': '2.877', 'epoch': '10.73'}
{'loss': '0.4767', 'grad_norm': '18.96', 'learning_rate': '0.0002294', 'epoch': '11.71'}
{'eval_loss': '0.4681', 'eval_runtime': '15.99', 'eval_samples_per_second': '273.2', 'eval_steps_per_second': '2.877', 'epoch': '11.71'}
{'loss': '0.4745', 'grad_norm': '1.534', 'learning_rate': '0.0002145', 'epoch': '12.68'}
{'eval_loss': '0.4383', 'eval_runtime': '15.99', 'eval_samples_per_second': '273.2', 'eval_steps_per_second': '2.877', 'epoch': '12.68'}
{'loss': '0.4688', 'grad_norm': '34.68', 'learning_rate': '0.0001987', 'epoch': '13.66'}
{'eval_loss': '0.5104', 'eval_runtime': '15.98', 'eval_samples_per_second': '273.4', 'eval_steps_per_second': '2.879', 'epoch': '13.66'}
{'loss': '0.4517', 'grad_norm': '4.374', 'learning_rate': '0.0001824', 'epoch': '14.63'}
{'eval_loss': '0.4231', 'eval_runtime': '15.99', 'eval_samples_per_second': '273.2', 'eval_steps_per_second': '2.876', 'epoch': '14.63'}
{'loss': '0.432', 'grad_norm': '3.835', 'learning_rate': '0.0001656', 'epoch': '15.61'}
{'eval_loss': '0.3922', 'eval_runtime': '16.01', 'eval_samples_per_second': '272.8', 'eval_steps_per_second': '2.873', 'epoch': '15.61'}
{'loss': '0.4164', 'grad_norm': '3.808', 'learning_rate': '0.0001486', 'epoch': '16.59'}
{'eval_loss': '0.3913', 'eval_runtime': '16', 'eval_samples_per_second': '273', 'eval_steps_per_second': '2.875', 'epoch': '16.59'}
{'loss': '0.4092', 'grad_norm': '4.81', 'learning_rate': '0.0001316', 'epoch': '17.56'}
{'eval_loss': '0.3759', 'eval_runtime': '16', 'eval_samples_per_second': '273', 'eval_steps_per_second': '2.875', 'epoch': '17.56'}
{'loss': '0.3904', 'grad_norm': '8.579', 'learning_rate': '0.0001148', 'epoch': '18.54'}
{'eval_loss': '0.3571', 'eval_runtime': '15.98', 'eval_samples_per_second': '273.4', 'eval_steps_per_second': '2.878', 'epoch': '18.54'}
{'loss': '0.3595', 'grad_norm': '13.37', 'learning_rate': '9.854e-05', 'epoch': '19.51'}
{'eval_loss': '0.3262', 'eval_runtime': '16.01', 'eval_samples_per_second': '272.9', 'eval_steps_per_second': '2.874', 'epoch': '19.51'}
{'loss': '0.3374', 'grad_norm': '5.075', 'learning_rate': '8.291e-05', 'epoch': '20.49'}
{'eval_loss': '0.2885', 'eval_runtime': '15.99', 'eval_samples_per_second': '273.2', 'eval_steps_per_second': '2.876', 'epoch': '20.49'}
{'loss': '0.3146', 'grad_norm': '2.904', 'learning_rate': '6.814e-05', 'epoch': '21.46'}
{'eval_loss': '0.2736', 'eval_runtime': '15.99', 'eval_samples_per_second': '273.2', 'eval_steps_per_second': '2.877', 'epoch': '21.46'}
{'loss': '0.2902', 'grad_norm': '3.162', 'learning_rate': '5.443e-05', 'epoch': '22.44'}
{'eval_loss': '0.2497', 'eval_runtime': '15.99', 'eval_samples_per_second': '273.2', 'eval_steps_per_second': '2.877', 'epoch': '22.44'}
{'loss': '0.2705', 'grad_norm': '2.904', 'learning_rate': '4.195e-05', 'epoch': '23.41'}
{'eval_loss': '0.2718', 'eval_runtime': '15.99', 'eval_samples_per_second': '273.3', 'eval_steps_per_second': '2.877', 'epoch': '23.41'}
{'loss': '0.2543', 'grad_norm': '0.6999', 'learning_rate': '3.086e-05', 'epoch': '24.39'}
{'eval_loss': '0.2351', 'eval_runtime': '15.98', 'eval_samples_per_second': '273.4', 'eval_steps_per_second': '2.879', 'epoch': '24.39'}
{'loss': '0.2436', 'grad_norm': '1.359', 'learning_rate': '2.13e-05', 'epoch': '25.37'}
{'eval_loss': '0.2328', 'eval_runtime': '16', 'eval_samples_per_second': '273.1', 'eval_steps_per_second': '2.875', 'epoch': '25.37'}
{'loss': '0.2309', 'grad_norm': '1.962', 'learning_rate': '1.34e-05', 'epoch': '26.34'}
{'eval_loss': '0.2279', 'eval_runtime': '16', 'eval_samples_per_second': '273.1', 'eval_steps_per_second': '2.876', 'epoch': '26.34'}
{'loss': '0.2278', 'grad_norm': '1.379', 'learning_rate': '7.263e-06', 'epoch': '27.32'}
{'eval_loss': '0.2193', 'eval_runtime': '16.01', 'eval_samples_per_second': '272.9', 'eval_steps_per_second': '2.874', 'epoch': '27.32'}
{'loss': '0.2227', 'grad_norm': '0.9079', 'learning_rate': '2.958e-06', 'epoch': '28.29'}
{'eval_loss': '0.2173', 'eval_runtime': '16', 'eval_samples_per_second': '273.1', 'eval_steps_per_second': '2.875', 'epoch': '28.29'}
{'loss': '0.2221', 'grad_norm': '1.431', 'learning_rate': '5.469e-07', 'epoch': '29.27'}
{'eval_loss': '0.2202', 'eval_runtime': '15.99', 'eval_samples_per_second': '273.2', 'eval_steps_per_second': '2.876', 'epoch': '29.27'}
{'eval_loss': '0.2195', 'eval_runtime': '15.99', 'eval_samples_per_second': '273.3', 'eval_steps_per_second': '2.877', 'epoch': '30'}
{'train_runtime': '1.293e+04', 'train_samples_per_second': '91.24', 'train_steps_per_second': '0.952', 'train_loss': '0.9826', 'epoch': '30'}
Evaluating (Mean Loss)...
Calculating per-sequence surprisals...
Fold 1 Evaluation per token: 0.2173
Fold 1 Entropy per sequence: 8.1876

--- Starting Fold 2/10 ---
Fold 2 sizes: Train=39313, Eval=4369
Loading tokenizer...
Found 68 POS tags: ['-LRB-', '-RRB-', 'ADD', 'ADJP', 'ADVP', 'AFX', 'CC', 'CD', 'CONJP', 'DT', 'EX', 'FRAG', 'FW', 'HYPH', 'IN', 'INTJ', 'JJ', 'JJR', 'JJS', 'LS', 'LST', 'MD', 'NFP', 'NML', 'NN', 'NNP', 'NNPS', 'NNS', 'NP', 'PDT', 'POS', 'PP', 'PRN', 'PRP', 'PRP$', 'PRT', 'QP', 'RB', 'RBR', 'RBS', 'ROOT', 'RP', 'RRC', 'S', 'SBAR', 'SBARQ', 'SINV', 'SQ', 'SYM', 'TO', 'UCP', 'UH', 'VB', 'VBD', 'VBG', 'VBN', 'VBP', 'VBZ', 'VP', 'WDT', 'WHADJP', 'WHADVP', 'WHNP', 'WHPP', 'WP', 'WP$', 'WRB', 'X']
Found 0 phrase labels: []
Adding manual additions: ( ) # $ . , ''
Preprocessing...
Token length per parse sequence: 37.9421
Initializing DualEncoder model...
Loading  weights...
Missing keys: ['prosody_encoder.pos_table', 'prosody_encoder.mag_table', 'prosody_encoder.transformer.layers.0.self_attn.in_proj_weight', 'prosody_encoder.transformer.layers.0.self_attn.in_proj_bias', 'prosody_encoder.transformer.layers.0.self_attn.out_proj.weight', 'prosody_encoder.transformer.layers.0.self_attn.out_proj.bias', 'prosody_encoder.transformer.layers.0.linear1.weight', 'prosody_encoder.transformer.layers.0.linear1.bias', 'prosody_encoder.transformer.layers.0.linear2.weight', 'prosody_encoder.transformer.layers.0.linear2.bias', 'prosody_encoder.transformer.layers.0.norm1.weight', 'prosody_encoder.transformer.layers.0.norm1.bias', 'prosody_encoder.transformer.layers.0.norm2.weight', 'prosody_encoder.transformer.layers.0.norm2.bias', 'prosody_encoder.transformer.layers.1.self_attn.in_proj_weight', 'prosody_encoder.transformer.layers.1.self_attn.in_proj_bias', 'prosody_encoder.transformer.layers.1.self_attn.out_proj.weight', 'prosody_encoder.transformer.layers.1.self_attn.out_proj.bias', 'prosody_encoder.transformer.layers.1.linear1.weight', 'prosody_encoder.transformer.layers.1.linear1.bias', 'prosody_encoder.transformer.layers.1.linear2.weight', 'prosody_encoder.transformer.layers.1.linear2.bias', 'prosody_encoder.transformer.layers.1.norm1.weight', 'prosody_encoder.transformer.layers.1.norm1.bias', 'prosody_encoder.transformer.layers.1.norm2.weight', 'prosody_encoder.transformer.layers.1.norm2.bias', 'prosody_encoder.up_proj.weight', 'prosody_encoder.up_proj.bias', 'prosody_up.weight', 'prosody_up.bias', 'cross_attn.in_proj_weight', 'cross_attn.in_proj_bias', 'cross_attn.out_proj.weight', 'cross_attn.out_proj.bias', 'fusion_layer_norm.weight', 'fusion_layer_norm.bias']
Unexpected keys: []
Re-initializing decoder layer, to be trained from scratch
Training...
{'loss': '15.08', 'grad_norm': '71.73', 'learning_rate': '9.732e-05', 'epoch': '0.9756'}
{'eval_loss': '1.686', 'eval_runtime': '15.99', 'eval_samples_per_second': '273.2', 'eval_steps_per_second': '2.877', 'epoch': '0.9756'}
{'loss': '1.838', 'grad_norm': '116.2', 'learning_rate': '0.0001949', 'epoch': '1.951'}
{'eval_loss': '0.9258', 'eval_runtime': '15.97', 'eval_samples_per_second': '273.5', 'eval_steps_per_second': '2.88', 'epoch': '1.951'}
{'loss': '1.282', 'grad_norm': '92.89', 'learning_rate': '0.0002924', 'epoch': '2.927'}
{'eval_loss': '1.139', 'eval_runtime': '16.01', 'eval_samples_per_second': '273', 'eval_steps_per_second': '2.874', 'epoch': '2.927'}
{'loss': '0.9124', 'grad_norm': '28.57', 'learning_rate': '0.0002992', 'epoch': '3.902'}
{'eval_loss': '0.5237', 'eval_runtime': '15.96', 'eval_samples_per_second': '273.7', 'eval_steps_per_second': '2.882', 'epoch': '3.902'}
{'loss': '0.7111', 'grad_norm': '16.89', 'learning_rate': '0.0002964', 'epoch': '4.878'}
{'eval_loss': '0.5821', 'eval_runtime': '16.03', 'eval_samples_per_second': '272.6', 'eval_steps_per_second': '2.87', 'epoch': '4.878'}
{'loss': '0.6494', 'grad_norm': '9.752', 'learning_rate': '0.0002918', 'epoch': '5.854'}
{'eval_loss': '0.5696', 'eval_runtime': '16.04', 'eval_samples_per_second': '272.5', 'eval_steps_per_second': '2.869', 'epoch': '5.854'}
{'loss': '0.5755', 'grad_norm': '7.385', 'learning_rate': '0.0002854', 'epoch': '6.829'}
{'eval_loss': '0.4828', 'eval_runtime': '16.03', 'eval_samples_per_second': '272.6', 'eval_steps_per_second': '2.87', 'epoch': '6.829'}
{'loss': '0.548', 'grad_norm': '3.35', 'learning_rate': '0.0002772', 'epoch': '7.805'}
{'eval_loss': '0.488', 'eval_runtime': '16.06', 'eval_samples_per_second': '272.1', 'eval_steps_per_second': '2.865', 'epoch': '7.805'}
{'loss': '0.5387', 'grad_norm': '12.44', 'learning_rate': '0.0002674', 'epoch': '8.78'}
{'eval_loss': '0.4726', 'eval_runtime': '16.02', 'eval_samples_per_second': '272.7', 'eval_steps_per_second': '2.871', 'epoch': '8.78'}
{'loss': '0.5099', 'grad_norm': '18.23', 'learning_rate': '0.000256', 'epoch': '9.756'}
{'eval_loss': '0.5043', 'eval_runtime': '16.04', 'eval_samples_per_second': '272.3', 'eval_steps_per_second': '2.867', 'epoch': '9.756'}
{'loss': '0.4977', 'grad_norm': '5.028', 'learning_rate': '0.0002433', 'epoch': '10.73'}
{'eval_loss': '0.4519', 'eval_runtime': '16', 'eval_samples_per_second': '273', 'eval_steps_per_second': '2.874', 'epoch': '10.73'}
{'loss': '0.4848', 'grad_norm': '13.65', 'learning_rate': '0.0002294', 'epoch': '11.71'}
{'eval_loss': '0.4367', 'eval_runtime': '16.02', 'eval_samples_per_second': '272.8', 'eval_steps_per_second': '2.872', 'epoch': '11.71'}
{'loss': '0.4845', 'grad_norm': '2.224', 'learning_rate': '0.0002145', 'epoch': '12.68'}
{'eval_loss': '0.4543', 'eval_runtime': '16.02', 'eval_samples_per_second': '272.8', 'eval_steps_per_second': '2.872', 'epoch': '12.68'}
{'loss': '0.473', 'grad_norm': '2.522', 'learning_rate': '0.0001987', 'epoch': '13.66'}
{'eval_loss': '0.438', 'eval_runtime': '16.02', 'eval_samples_per_second': '272.7', 'eval_steps_per_second': '2.871', 'epoch': '13.66'}
{'loss': '0.4652', 'grad_norm': '4.385', 'learning_rate': '0.0001824', 'epoch': '14.63'}
{'eval_loss': '0.4573', 'eval_runtime': '16.02', 'eval_samples_per_second': '272.8', 'eval_steps_per_second': '2.872', 'epoch': '14.63'}
{'loss': '0.4713', 'grad_norm': '9.262', 'learning_rate': '0.0001656', 'epoch': '15.61'}
{'eval_loss': '0.4504', 'eval_runtime': '16.23', 'eval_samples_per_second': '269.2', 'eval_steps_per_second': '2.834', 'epoch': '15.61'}
{'loss': '0.4562', 'grad_norm': '9.801', 'learning_rate': '0.0001486', 'epoch': '16.59'}
{'eval_loss': '0.4344', 'eval_runtime': '16.01', 'eval_samples_per_second': '272.8', 'eval_steps_per_second': '2.873', 'epoch': '16.59'}
{'loss': '0.447', 'grad_norm': '1.171', 'learning_rate': '0.0001316', 'epoch': '17.56'}
{'eval_loss': '0.4284', 'eval_runtime': '16.04', 'eval_samples_per_second': '272.4', 'eval_steps_per_second': '2.868', 'epoch': '17.56'}
{'loss': '0.4434', 'grad_norm': '13.29', 'learning_rate': '0.0001148', 'epoch': '18.54'}
{'eval_loss': '0.43', 'eval_runtime': '16.02', 'eval_samples_per_second': '272.7', 'eval_steps_per_second': '2.872', 'epoch': '18.54'}
{'loss': '0.4393', 'grad_norm': '19.99', 'learning_rate': '9.854e-05', 'epoch': '19.51'}
{'eval_loss': '0.4749', 'eval_runtime': '16.02', 'eval_samples_per_second': '272.7', 'eval_steps_per_second': '2.871', 'epoch': '19.51'}
{'loss': '0.4306', 'grad_norm': '10.34', 'learning_rate': '8.291e-05', 'epoch': '20.49'}
{'eval_loss': '0.4063', 'eval_runtime': '15.99', 'eval_samples_per_second': '273.2', 'eval_steps_per_second': '2.876', 'epoch': '20.49'}
{'loss': '0.4204', 'grad_norm': '12.77', 'learning_rate': '6.814e-05', 'epoch': '21.46'}
{'eval_loss': '0.4299', 'eval_runtime': '15.94', 'eval_samples_per_second': '274', 'eval_steps_per_second': '2.885', 'epoch': '21.46'}
{'loss': '0.4145', 'grad_norm': '2.402', 'learning_rate': '5.443e-05', 'epoch': '22.44'}
{'eval_loss': '0.4052', 'eval_runtime': '15.95', 'eval_samples_per_second': '274', 'eval_steps_per_second': '2.884', 'epoch': '22.44'}
{'loss': '0.4095', 'grad_norm': '1.252', 'learning_rate': '4.195e-05', 'epoch': '23.41'}
{'eval_loss': '0.3975', 'eval_runtime': '15.94', 'eval_samples_per_second': '274.1', 'eval_steps_per_second': '2.886', 'epoch': '23.41'}
{'loss': '0.3978', 'grad_norm': '1.02', 'learning_rate': '3.086e-05', 'epoch': '24.39'}
{'eval_loss': '0.3866', 'eval_runtime': '15.94', 'eval_samples_per_second': '274.1', 'eval_steps_per_second': '2.886', 'epoch': '24.39'}
{'loss': '0.391', 'grad_norm': '4.011', 'learning_rate': '2.13e-05', 'epoch': '25.37'}
{'eval_loss': '0.3772', 'eval_runtime': '15.94', 'eval_samples_per_second': '274', 'eval_steps_per_second': '2.885', 'epoch': '25.37'}
{'loss': '0.383', 'grad_norm': '1.652', 'learning_rate': '1.34e-05', 'epoch': '26.34'}
{'eval_loss': '0.3845', 'eval_runtime': '15.94', 'eval_samples_per_second': '274', 'eval_steps_per_second': '2.885', 'epoch': '26.34'}
{'loss': '0.3784', 'grad_norm': '0.5952', 'learning_rate': '7.263e-06', 'epoch': '27.32'}
{'eval_loss': '0.3824', 'eval_runtime': '15.96', 'eval_samples_per_second': '273.7', 'eval_steps_per_second': '2.882', 'epoch': '27.32'}
{'loss': '0.3755', 'grad_norm': '0.6138', 'learning_rate': '2.958e-06', 'epoch': '28.29'}
{'eval_loss': '0.3788', 'eval_runtime': '15.95', 'eval_samples_per_second': '274', 'eval_steps_per_second': '2.885', 'epoch': '28.29'}
{'loss': '0.3741', 'grad_norm': '2.747', 'learning_rate': '5.469e-07', 'epoch': '29.27'}
{'eval_loss': '0.3776', 'eval_runtime': '15.94', 'eval_samples_per_second': '274.1', 'eval_steps_per_second': '2.885', 'epoch': '29.27'}
{'eval_loss': '0.3791', 'eval_runtime': '15.95', 'eval_samples_per_second': '274', 'eval_steps_per_second': '2.885', 'epoch': '30'}
{'train_runtime': '1.298e+04', 'train_samples_per_second': '90.88', 'train_steps_per_second': '0.948', 'train_loss': '1.026', 'epoch': '30'}
Evaluating (Mean Loss)...
Calculating per-sequence surprisals...
Fold 2 Evaluation per token: 0.3772
Fold 2 Entropy per sequence: 14.3130

--- Starting Fold 3/10 ---
Fold 3 sizes: Train=39314, Eval=4368
Loading tokenizer...
Found 68 POS tags: ['-LRB-', '-RRB-', 'ADD', 'ADJP', 'ADVP', 'AFX', 'CC', 'CD', 'CONJP', 'DT', 'EX', 'FRAG', 'FW', 'HYPH', 'IN', 'INTJ', 'JJ', 'JJR', 'JJS', 'LS', 'LST', 'MD', 'NFP', 'NML', 'NN', 'NNP', 'NNPS', 'NNS', 'NP', 'PDT', 'POS', 'PP', 'PRN', 'PRP', 'PRP$', 'PRT', 'QP', 'RB', 'RBR', 'RBS', 'ROOT', 'RP', 'RRC', 'S', 'SBAR', 'SBARQ', 'SINV', 'SQ', 'SYM', 'TO', 'UCP', 'UH', 'VB', 'VBD', 'VBG', 'VBN', 'VBP', 'VBZ', 'VP', 'WDT', 'WHADJP', 'WHADVP', 'WHNP', 'WHPP', 'WP', 'WP$', 'WRB', 'X']
Found 0 phrase labels: []
Adding manual additions: ( ) # $ . , ''
Preprocessing...
Token length per parse sequence: 37.2367
Initializing DualEncoder model...
Loading  weights...
Missing keys: ['prosody_encoder.pos_table', 'prosody_encoder.mag_table', 'prosody_encoder.transformer.layers.0.self_attn.in_proj_weight', 'prosody_encoder.transformer.layers.0.self_attn.in_proj_bias', 'prosody_encoder.transformer.layers.0.self_attn.out_proj.weight', 'prosody_encoder.transformer.layers.0.self_attn.out_proj.bias', 'prosody_encoder.transformer.layers.0.linear1.weight', 'prosody_encoder.transformer.layers.0.linear1.bias', 'prosody_encoder.transformer.layers.0.linear2.weight', 'prosody_encoder.transformer.layers.0.linear2.bias', 'prosody_encoder.transformer.layers.0.norm1.weight', 'prosody_encoder.transformer.layers.0.norm1.bias', 'prosody_encoder.transformer.layers.0.norm2.weight', 'prosody_encoder.transformer.layers.0.norm2.bias', 'prosody_encoder.transformer.layers.1.self_attn.in_proj_weight', 'prosody_encoder.transformer.layers.1.self_attn.in_proj_bias', 'prosody_encoder.transformer.layers.1.self_attn.out_proj.weight', 'prosody_encoder.transformer.layers.1.self_attn.out_proj.bias', 'prosody_encoder.transformer.layers.1.linear1.weight', 'prosody_encoder.transformer.layers.1.linear1.bias', 'prosody_encoder.transformer.layers.1.linear2.weight', 'prosody_encoder.transformer.layers.1.linear2.bias', 'prosody_encoder.transformer.layers.1.norm1.weight', 'prosody_encoder.transformer.layers.1.norm1.bias', 'prosody_encoder.transformer.layers.1.norm2.weight', 'prosody_encoder.transformer.layers.1.norm2.bias', 'prosody_encoder.up_proj.weight', 'prosody_encoder.up_proj.bias', 'prosody_up.weight', 'prosody_up.bias', 'cross_attn.in_proj_weight', 'cross_attn.in_proj_bias', 'cross_attn.out_proj.weight', 'cross_attn.out_proj.bias', 'fusion_layer_norm.weight', 'fusion_layer_norm.bias']
Unexpected keys: []
Re-initializing decoder layer, to be trained from scratch
Training...
{'loss': '15.11', 'grad_norm': '84.23', 'learning_rate': '9.732e-05', 'epoch': '0.9756'}
{'eval_loss': '0.987', 'eval_runtime': '15.95', 'eval_samples_per_second': '273.9', 'eval_steps_per_second': '2.885', 'epoch': '0.9756'}
{'loss': '1.731', 'grad_norm': '14.51', 'learning_rate': '0.0001949', 'epoch': '1.951'}
{'eval_loss': '0.7483', 'eval_runtime': '15.93', 'eval_samples_per_second': '274.1', 'eval_steps_per_second': '2.887', 'epoch': '1.951'}
{'loss': '1.173', 'grad_norm': '20.44', 'learning_rate': '0.0002924', 'epoch': '2.927'}
{'eval_loss': '0.9444', 'eval_runtime': '15.94', 'eval_samples_per_second': '274.1', 'eval_steps_per_second': '2.886', 'epoch': '2.927'}
{'loss': '0.9053', 'grad_norm': '42.68', 'learning_rate': '0.0002992', 'epoch': '3.902'}
{'eval_loss': '0.7053', 'eval_runtime': '15.93', 'eval_samples_per_second': '274.2', 'eval_steps_per_second': '2.888', 'epoch': '3.902'}
{'loss': '0.7516', 'grad_norm': '25.15', 'learning_rate': '0.0002964', 'epoch': '4.878'}
{'eval_loss': '0.5661', 'eval_runtime': '15.93', 'eval_samples_per_second': '274.2', 'eval_steps_per_second': '2.887', 'epoch': '4.878'}
{'loss': '0.6509', 'grad_norm': '30.84', 'learning_rate': '0.0002918', 'epoch': '5.854'}
{'eval_loss': '0.5618', 'eval_runtime': '15.95', 'eval_samples_per_second': '273.9', 'eval_steps_per_second': '2.885', 'epoch': '5.854'}
{'loss': '0.5918', 'grad_norm': '3.503', 'learning_rate': '0.0002854', 'epoch': '6.829'}
{'eval_loss': '0.5085', 'eval_runtime': '16.08', 'eval_samples_per_second': '271.7', 'eval_steps_per_second': '2.862', 'epoch': '6.829'}
{'loss': '0.5505', 'grad_norm': '4.515', 'learning_rate': '0.0002772', 'epoch': '7.805'}
{'eval_loss': '0.5217', 'eval_runtime': '15.93', 'eval_samples_per_second': '274.2', 'eval_steps_per_second': '2.887', 'epoch': '7.805'}
{'loss': '0.5355', 'grad_norm': '1.519', 'learning_rate': '0.0002674', 'epoch': '8.78'}
{'eval_loss': '0.4708', 'eval_runtime': '15.93', 'eval_samples_per_second': '274.3', 'eval_steps_per_second': '2.888', 'epoch': '8.78'}
{'loss': '0.5074', 'grad_norm': '7.498', 'learning_rate': '0.000256', 'epoch': '9.756'}
{'eval_loss': '0.4883', 'eval_runtime': '15.94', 'eval_samples_per_second': '274', 'eval_steps_per_second': '2.885', 'epoch': '9.756'}
{'loss': '0.4946', 'grad_norm': '9.176', 'learning_rate': '0.0002433', 'epoch': '10.73'}
{'eval_loss': '0.4525', 'eval_runtime': '15.94', 'eval_samples_per_second': '274', 'eval_steps_per_second': '2.885', 'epoch': '10.73'}
{'loss': '0.4812', 'grad_norm': '3.192', 'learning_rate': '0.0002294', 'epoch': '11.71'}
{'eval_loss': '0.4403', 'eval_runtime': '15.94', 'eval_samples_per_second': '274.1', 'eval_steps_per_second': '2.886', 'epoch': '11.71'}
{'loss': '0.4788', 'grad_norm': '20.14', 'learning_rate': '0.0002145', 'epoch': '12.68'}
{'eval_loss': '0.4765', 'eval_runtime': '15.93', 'eval_samples_per_second': '274.2', 'eval_steps_per_second': '2.887', 'epoch': '12.68'}
{'loss': '0.4678', 'grad_norm': '3.959', 'learning_rate': '0.0001987', 'epoch': '13.66'}
{'eval_loss': '0.4267', 'eval_runtime': '15.94', 'eval_samples_per_second': '274.1', 'eval_steps_per_second': '2.886', 'epoch': '13.66'}
{'loss': '0.4391', 'grad_norm': '13.29', 'learning_rate': '0.0001824', 'epoch': '14.63'}
{'eval_loss': '0.3994', 'eval_runtime': '15.94', 'eval_samples_per_second': '274.1', 'eval_steps_per_second': '2.886', 'epoch': '14.63'}
{'loss': '0.4229', 'grad_norm': '18.91', 'learning_rate': '0.0001656', 'epoch': '15.61'}
{'eval_loss': '0.4184', 'eval_runtime': '15.93', 'eval_samples_per_second': '274.2', 'eval_steps_per_second': '2.887', 'epoch': '15.61'}
{'loss': '0.3994', 'grad_norm': '9.374', 'learning_rate': '0.0001486', 'epoch': '16.59'}
{'eval_loss': '0.3546', 'eval_runtime': '15.96', 'eval_samples_per_second': '273.7', 'eval_steps_per_second': '2.882', 'epoch': '16.59'}
{'loss': '0.3812', 'grad_norm': '20.9', 'learning_rate': '0.0001316', 'epoch': '17.56'}
{'eval_loss': '0.3467', 'eval_runtime': '15.93', 'eval_samples_per_second': '274.2', 'eval_steps_per_second': '2.887', 'epoch': '17.56'}
{'loss': '0.3474', 'grad_norm': '16.45', 'learning_rate': '0.0001148', 'epoch': '18.54'}
{'eval_loss': '0.3057', 'eval_runtime': '15.94', 'eval_samples_per_second': '274.1', 'eval_steps_per_second': '2.887', 'epoch': '18.54'}
{'loss': '0.3223', 'grad_norm': '6.033', 'learning_rate': '9.854e-05', 'epoch': '19.51'}
{'eval_loss': '0.2702', 'eval_runtime': '15.93', 'eval_samples_per_second': '274.1', 'eval_steps_per_second': '2.887', 'epoch': '19.51'}
{'loss': '0.3118', 'grad_norm': '8.861', 'learning_rate': '8.291e-05', 'epoch': '20.49'}
{'eval_loss': '0.2967', 'eval_runtime': '15.94', 'eval_samples_per_second': '274.1', 'eval_steps_per_second': '2.887', 'epoch': '20.49'}
{'loss': '0.282', 'grad_norm': '7.79', 'learning_rate': '6.814e-05', 'epoch': '21.46'}
{'eval_loss': '0.2483', 'eval_runtime': '15.93', 'eval_samples_per_second': '274.2', 'eval_steps_per_second': '2.888', 'epoch': '21.46'}
{'loss': '0.2623', 'grad_norm': '4.225', 'learning_rate': '5.443e-05', 'epoch': '22.44'}
{'eval_loss': '0.2867', 'eval_runtime': '15.93', 'eval_samples_per_second': '274.1', 'eval_steps_per_second': '2.887', 'epoch': '22.44'}
{'loss': '0.2364', 'grad_norm': '5.444', 'learning_rate': '4.195e-05', 'epoch': '23.41'}
{'eval_loss': '0.2669', 'eval_runtime': '15.94', 'eval_samples_per_second': '274.1', 'eval_steps_per_second': '2.886', 'epoch': '23.41'}
{'loss': '0.2208', 'grad_norm': '2.946', 'learning_rate': '3.086e-05', 'epoch': '24.39'}
{'eval_loss': '0.2352', 'eval_runtime': '15.94', 'eval_samples_per_second': '274', 'eval_steps_per_second': '2.886', 'epoch': '24.39'}
{'loss': '0.2113', 'grad_norm': '3.46', 'learning_rate': '2.13e-05', 'epoch': '25.37'}
{'eval_loss': '0.2332', 'eval_runtime': '15.94', 'eval_samples_per_second': '274.1', 'eval_steps_per_second': '2.886', 'epoch': '25.37'}
{'loss': '0.2034', 'grad_norm': '3.544', 'learning_rate': '1.34e-05', 'epoch': '26.34'}
{'eval_loss': '0.2204', 'eval_runtime': '15.93', 'eval_samples_per_second': '274.1', 'eval_steps_per_second': '2.887', 'epoch': '26.34'}
{'loss': '0.1993', 'grad_norm': '0.6399', 'learning_rate': '7.263e-06', 'epoch': '27.32'}
{'eval_loss': '0.2172', 'eval_runtime': '15.93', 'eval_samples_per_second': '274.1', 'eval_steps_per_second': '2.887', 'epoch': '27.32'}
{'loss': '0.1958', 'grad_norm': '3.545', 'learning_rate': '2.958e-06', 'epoch': '28.29'}
{'eval_loss': '0.2216', 'eval_runtime': '15.94', 'eval_samples_per_second': '274.1', 'eval_steps_per_second': '2.886', 'epoch': '28.29'}
{'loss': '0.1953', 'grad_norm': '3.279', 'learning_rate': '5.469e-07', 'epoch': '29.27'}
{'eval_loss': '0.2197', 'eval_runtime': '15.93', 'eval_samples_per_second': '274.1', 'eval_steps_per_second': '2.887', 'epoch': '29.27'}
{'eval_loss': '0.2205', 'eval_runtime': '15.94', 'eval_samples_per_second': '274', 'eval_steps_per_second': '2.885', 'epoch': '30'}
{'train_runtime': '1.295e+04', 'train_samples_per_second': '91.08', 'train_steps_per_second': '0.95', 'train_loss': '0.9498', 'epoch': '30'}
Evaluating (Mean Loss)...
Calculating per-sequence surprisals...
Fold 3 Evaluation per token: 0.2172
Fold 3 Entropy per sequence: 8.0875

--- Starting Fold 4/10 ---
Fold 4 sizes: Train=39314, Eval=4368
Loading tokenizer...
Found 68 POS tags: ['-LRB-', '-RRB-', 'ADD', 'ADJP', 'ADVP', 'AFX', 'CC', 'CD', 'CONJP', 'DT', 'EX', 'FRAG', 'FW', 'HYPH', 'IN', 'INTJ', 'JJ', 'JJR', 'JJS', 'LS', 'LST', 'MD', 'NFP', 'NML', 'NN', 'NNP', 'NNPS', 'NNS', 'NP', 'PDT', 'POS', 'PP', 'PRN', 'PRP', 'PRP$', 'PRT', 'QP', 'RB', 'RBR', 'RBS', 'ROOT', 'RP', 'RRC', 'S', 'SBAR', 'SBARQ', 'SINV', 'SQ', 'SYM', 'TO', 'UCP', 'UH', 'VB', 'VBD', 'VBG', 'VBN', 'VBP', 'VBZ', 'VP', 'WDT', 'WHADJP', 'WHADVP', 'WHNP', 'WHPP', 'WP', 'WP$', 'WRB', 'X']
Found 0 phrase labels: []
Adding manual additions: ( ) # $ . , ''
Preprocessing...
Token length per parse sequence: 38.0055
Initializing DualEncoder model...
Loading  weights...
Missing keys: ['prosody_encoder.pos_table', 'prosody_encoder.mag_table', 'prosody_encoder.transformer.layers.0.self_attn.in_proj_weight', 'prosody_encoder.transformer.layers.0.self_attn.in_proj_bias', 'prosody_encoder.transformer.layers.0.self_attn.out_proj.weight', 'prosody_encoder.transformer.layers.0.self_attn.out_proj.bias', 'prosody_encoder.transformer.layers.0.linear1.weight', 'prosody_encoder.transformer.layers.0.linear1.bias', 'prosody_encoder.transformer.layers.0.linear2.weight', 'prosody_encoder.transformer.layers.0.linear2.bias', 'prosody_encoder.transformer.layers.0.norm1.weight', 'prosody_encoder.transformer.layers.0.norm1.bias', 'prosody_encoder.transformer.layers.0.norm2.weight', 'prosody_encoder.transformer.layers.0.norm2.bias', 'prosody_encoder.transformer.layers.1.self_attn.in_proj_weight', 'prosody_encoder.transformer.layers.1.self_attn.in_proj_bias', 'prosody_encoder.transformer.layers.1.self_attn.out_proj.weight', 'prosody_encoder.transformer.layers.1.self_attn.out_proj.bias', 'prosody_encoder.transformer.layers.1.linear1.weight', 'prosody_encoder.transformer.layers.1.linear1.bias', 'prosody_encoder.transformer.layers.1.linear2.weight', 'prosody_encoder.transformer.layers.1.linear2.bias', 'prosody_encoder.transformer.layers.1.norm1.weight', 'prosody_encoder.transformer.layers.1.norm1.bias', 'prosody_encoder.transformer.layers.1.norm2.weight', 'prosody_encoder.transformer.layers.1.norm2.bias', 'prosody_encoder.up_proj.weight', 'prosody_encoder.up_proj.bias', 'prosody_up.weight', 'prosody_up.bias', 'cross_attn.in_proj_weight', 'cross_attn.in_proj_bias', 'cross_attn.out_proj.weight', 'cross_attn.out_proj.bias', 'fusion_layer_norm.weight', 'fusion_layer_norm.bias']
Unexpected keys: []
Re-initializing decoder layer, to be trained from scratch
Training...
{'loss': '14.9', 'grad_norm': '39.8', 'learning_rate': '9.732e-05', 'epoch': '0.9756'}
{'eval_loss': '1.831', 'eval_runtime': '15.94', 'eval_samples_per_second': '274', 'eval_steps_per_second': '2.886', 'epoch': '0.9756'}
{'loss': '1.831', 'grad_norm': '57.14', 'learning_rate': '0.0001949', 'epoch': '1.951'}
{'eval_loss': '0.6418', 'eval_runtime': '15.93', 'eval_samples_per_second': '274.2', 'eval_steps_per_second': '2.888', 'epoch': '1.951'}
{'loss': '1.106', 'grad_norm': '37.33', 'learning_rate': '0.0002924', 'epoch': '2.927'}
{'eval_loss': '0.8143', 'eval_runtime': '15.93', 'eval_samples_per_second': '274.2', 'eval_steps_per_second': '2.887', 'epoch': '2.927'}
{'loss': '0.9235', 'grad_norm': '4.596', 'learning_rate': '0.0002992', 'epoch': '3.902'}
{'eval_loss': '0.761', 'eval_runtime': '15.94', 'eval_samples_per_second': '274.1', 'eval_steps_per_second': '2.886', 'epoch': '3.902'}
{'loss': '0.7269', 'grad_norm': '22.29', 'learning_rate': '0.0002964', 'epoch': '4.878'}
{'eval_loss': '0.538', 'eval_runtime': '15.94', 'eval_samples_per_second': '274.1', 'eval_steps_per_second': '2.886', 'epoch': '4.878'}
{'loss': '0.6496', 'grad_norm': '50.31', 'learning_rate': '0.0002918', 'epoch': '5.854'}
{'eval_loss': '0.6641', 'eval_runtime': '15.94', 'eval_samples_per_second': '274', 'eval_steps_per_second': '2.886', 'epoch': '5.854'}
{'loss': '0.6051', 'grad_norm': '7.528', 'learning_rate': '0.0002854', 'epoch': '6.829'}
{'eval_loss': '0.507', 'eval_runtime': '15.93', 'eval_samples_per_second': '274.2', 'eval_steps_per_second': '2.887', 'epoch': '6.829'}
{'loss': '0.5478', 'grad_norm': '9.205', 'learning_rate': '0.0002772', 'epoch': '7.805'}
{'eval_loss': '0.4723', 'eval_runtime': '15.94', 'eval_samples_per_second': '274', 'eval_steps_per_second': '2.885', 'epoch': '7.805'}
{'loss': '0.5169', 'grad_norm': '11.23', 'learning_rate': '0.0002674', 'epoch': '8.78'}
{'eval_loss': '0.5022', 'eval_runtime': '15.95', 'eval_samples_per_second': '273.9', 'eval_steps_per_second': '2.884', 'epoch': '8.78'}
{'loss': '0.5201', 'grad_norm': '2.55', 'learning_rate': '0.000256', 'epoch': '9.756'}
{'eval_loss': '0.4564', 'eval_runtime': '15.94', 'eval_samples_per_second': '274.1', 'eval_steps_per_second': '2.887', 'epoch': '9.756'}
{'loss': '0.4884', 'grad_norm': '6.355', 'learning_rate': '0.0002433', 'epoch': '10.73'}
{'eval_loss': '0.4649', 'eval_runtime': '16.62', 'eval_samples_per_second': '262.7', 'eval_steps_per_second': '2.767', 'epoch': '10.73'}
{'loss': '0.4739', 'grad_norm': '7.088', 'learning_rate': '0.0002294', 'epoch': '11.71'}
{'eval_loss': '0.4498', 'eval_runtime': '15.95', 'eval_samples_per_second': '273.9', 'eval_steps_per_second': '2.884', 'epoch': '11.71'}
{'loss': '0.464', 'grad_norm': '10.66', 'learning_rate': '0.0002145', 'epoch': '12.68'}
{'eval_loss': '0.4144', 'eval_runtime': '15.93', 'eval_samples_per_second': '274.2', 'eval_steps_per_second': '2.887', 'epoch': '12.68'}
{'loss': '0.445', 'grad_norm': '22.65', 'learning_rate': '0.0001987', 'epoch': '13.66'}
{'eval_loss': '0.4472', 'eval_runtime': '15.94', 'eval_samples_per_second': '274.1', 'eval_steps_per_second': '2.886', 'epoch': '13.66'}
{'loss': '0.433', 'grad_norm': '2.675', 'learning_rate': '0.0001824', 'epoch': '14.63'}
{'eval_loss': '0.4012', 'eval_runtime': '15.94', 'eval_samples_per_second': '274.1', 'eval_steps_per_second': '2.886', 'epoch': '14.63'}
{'loss': '0.403', 'grad_norm': '10.74', 'learning_rate': '0.0001656', 'epoch': '15.61'}
{'eval_loss': '0.3763', 'eval_runtime': '15.93', 'eval_samples_per_second': '274.1', 'eval_steps_per_second': '2.887', 'epoch': '15.61'}
{'loss': '0.3789', 'grad_norm': '10.36', 'learning_rate': '0.0001486', 'epoch': '16.59'}
{'eval_loss': '0.3258', 'eval_runtime': '15.94', 'eval_samples_per_second': '274.1', 'eval_steps_per_second': '2.887', 'epoch': '16.59'}
{'loss': '0.3515', 'grad_norm': '2.88', 'learning_rate': '0.0001316', 'epoch': '17.56'}
{'eval_loss': '0.3169', 'eval_runtime': '15.93', 'eval_samples_per_second': '274.2', 'eval_steps_per_second': '2.887', 'epoch': '17.56'}
{'loss': '0.3171', 'grad_norm': '2.722', 'learning_rate': '0.0001148', 'epoch': '18.54'}
{'eval_loss': '0.3118', 'eval_runtime': '15.94', 'eval_samples_per_second': '274.1', 'eval_steps_per_second': '2.886', 'epoch': '18.54'}
{'loss': '0.2863', 'grad_norm': '22.02', 'learning_rate': '9.854e-05', 'epoch': '19.51'}
{'eval_loss': '0.3981', 'eval_runtime': '15.94', 'eval_samples_per_second': '274', 'eval_steps_per_second': '2.886', 'epoch': '19.51'}
{'loss': '0.2726', 'grad_norm': '5.482', 'learning_rate': '8.291e-05', 'epoch': '20.49'}
{'eval_loss': '0.2678', 'eval_runtime': '15.94', 'eval_samples_per_second': '274.1', 'eval_steps_per_second': '2.886', 'epoch': '20.49'}
{'loss': '0.2497', 'grad_norm': '8.153', 'learning_rate': '6.814e-05', 'epoch': '21.46'}
{'eval_loss': '0.2983', 'eval_runtime': '15.94', 'eval_samples_per_second': '274.1', 'eval_steps_per_second': '2.886', 'epoch': '21.46'}
{'loss': '0.2264', 'grad_norm': '1.306', 'learning_rate': '5.443e-05', 'epoch': '22.44'}
{'eval_loss': '0.2377', 'eval_runtime': '15.99', 'eval_samples_per_second': '273.2', 'eval_steps_per_second': '2.877', 'epoch': '22.44'}
{'loss': '0.2091', 'grad_norm': '3.885', 'learning_rate': '4.195e-05', 'epoch': '23.41'}
{'eval_loss': '0.2149', 'eval_runtime': '15.94', 'eval_samples_per_second': '274.1', 'eval_steps_per_second': '2.886', 'epoch': '23.41'}
{'loss': '0.1983', 'grad_norm': '1.244', 'learning_rate': '3.086e-05', 'epoch': '24.39'}
{'eval_loss': '0.2238', 'eval_runtime': '15.95', 'eval_samples_per_second': '273.9', 'eval_steps_per_second': '2.885', 'epoch': '24.39'}
{'loss': '0.1904', 'grad_norm': '1.439', 'learning_rate': '2.13e-05', 'epoch': '25.37'}
{'eval_loss': '0.2255', 'eval_runtime': '15.94', 'eval_samples_per_second': '274.1', 'eval_steps_per_second': '2.886', 'epoch': '25.37'}
{'loss': '0.1833', 'grad_norm': '0.9736', 'learning_rate': '1.34e-05', 'epoch': '26.34'}
{'eval_loss': '0.2223', 'eval_runtime': '15.94', 'eval_samples_per_second': '274.1', 'eval_steps_per_second': '2.886', 'epoch': '26.34'}
{'loss': '0.1794', 'grad_norm': '0.7126', 'learning_rate': '7.263e-06', 'epoch': '27.32'}
{'eval_loss': '0.2218', 'eval_runtime': '15.96', 'eval_samples_per_second': '273.7', 'eval_steps_per_second': '2.883', 'epoch': '27.32'}
{'loss': '0.1774', 'grad_norm': '0.7134', 'learning_rate': '2.958e-06', 'epoch': '28.29'}
{'eval_loss': '0.2266', 'eval_runtime': '15.93', 'eval_samples_per_second': '274.1', 'eval_steps_per_second': '2.887', 'epoch': '28.29'}
{'train_runtime': '1.227e+04', 'train_samples_per_second': '96.12', 'train_steps_per_second': '1.002', 'train_loss': '0.9742', 'epoch': '28.29'}
Evaluating (Mean Loss)...
Calculating per-sequence surprisals...
Fold 4 Evaluation per token: 0.2149
Fold 4 Entropy per sequence: 8.1683

--- Starting Fold 5/10 ---
Fold 5 sizes: Train=39314, Eval=4368
Loading tokenizer...
Found 68 POS tags: ['-LRB-', '-RRB-', 'ADD', 'ADJP', 'ADVP', 'AFX', 'CC', 'CD', 'CONJP', 'DT', 'EX', 'FRAG', 'FW', 'HYPH', 'IN', 'INTJ', 'JJ', 'JJR', 'JJS', 'LS', 'LST', 'MD', 'NFP', 'NML', 'NN', 'NNP', 'NNPS', 'NNS', 'NP', 'PDT', 'POS', 'PP', 'PRN', 'PRP', 'PRP$', 'PRT', 'QP', 'RB', 'RBR', 'RBS', 'ROOT', 'RP', 'RRC', 'S', 'SBAR', 'SBARQ', 'SINV', 'SQ', 'SYM', 'TO', 'UCP', 'UH', 'VB', 'VBD', 'VBG', 'VBN', 'VBP', 'VBZ', 'VP', 'WDT', 'WHADJP', 'WHADVP', 'WHNP', 'WHPP', 'WP', 'WP$', 'WRB', 'X']
Found 0 phrase labels: []
Adding manual additions: ( ) # $ . , ''
Preprocessing...
Token length per parse sequence: 38.1392
Initializing DualEncoder model...
Loading  weights...
Missing keys: ['prosody_encoder.pos_table', 'prosody_encoder.mag_table', 'prosody_encoder.transformer.layers.0.self_attn.in_proj_weight', 'prosody_encoder.transformer.layers.0.self_attn.in_proj_bias', 'prosody_encoder.transformer.layers.0.self_attn.out_proj.weight', 'prosody_encoder.transformer.layers.0.self_attn.out_proj.bias', 'prosody_encoder.transformer.layers.0.linear1.weight', 'prosody_encoder.transformer.layers.0.linear1.bias', 'prosody_encoder.transformer.layers.0.linear2.weight', 'prosody_encoder.transformer.layers.0.linear2.bias', 'prosody_encoder.transformer.layers.0.norm1.weight', 'prosody_encoder.transformer.layers.0.norm1.bias', 'prosody_encoder.transformer.layers.0.norm2.weight', 'prosody_encoder.transformer.layers.0.norm2.bias', 'prosody_encoder.transformer.layers.1.self_attn.in_proj_weight', 'prosody_encoder.transformer.layers.1.self_attn.in_proj_bias', 'prosody_encoder.transformer.layers.1.self_attn.out_proj.weight', 'prosody_encoder.transformer.layers.1.self_attn.out_proj.bias', 'prosody_encoder.transformer.layers.1.linear1.weight', 'prosody_encoder.transformer.layers.1.linear1.bias', 'prosody_encoder.transformer.layers.1.linear2.weight', 'prosody_encoder.transformer.layers.1.linear2.bias', 'prosody_encoder.transformer.layers.1.norm1.weight', 'prosody_encoder.transformer.layers.1.norm1.bias', 'prosody_encoder.transformer.layers.1.norm2.weight', 'prosody_encoder.transformer.layers.1.norm2.bias', 'prosody_encoder.up_proj.weight', 'prosody_encoder.up_proj.bias', 'prosody_up.weight', 'prosody_up.bias', 'cross_attn.in_proj_weight', 'cross_attn.in_proj_bias', 'cross_attn.out_proj.weight', 'cross_attn.out_proj.bias', 'fusion_layer_norm.weight', 'fusion_layer_norm.bias']
Unexpected keys: []
Re-initializing decoder layer, to be trained from scratch
Training...
{'loss': '17.59', 'grad_norm': '170.4', 'learning_rate': '9.732e-05', 'epoch': '0.9756'}
{'eval_loss': '2.057', 'eval_runtime': '15.94', 'eval_samples_per_second': '274.1', 'eval_steps_per_second': '2.886', 'epoch': '0.9756'}
{'loss': '1.933', 'grad_norm': '18.92', 'learning_rate': '0.0001949', 'epoch': '1.951'}
{'eval_loss': '0.9487', 'eval_runtime': '15.94', 'eval_samples_per_second': '274', 'eval_steps_per_second': '2.886', 'epoch': '1.951'}
{'loss': '1.097', 'grad_norm': '58.83', 'learning_rate': '0.0002924', 'epoch': '2.927'}
{'eval_loss': '0.6742', 'eval_runtime': '15.93', 'eval_samples_per_second': '274.2', 'eval_steps_per_second': '2.887', 'epoch': '2.927'}
{'loss': '0.8102', 'grad_norm': '14.95', 'learning_rate': '0.0002992', 'epoch': '3.902'}
{'eval_loss': '0.5842', 'eval_runtime': '15.95', 'eval_samples_per_second': '273.9', 'eval_steps_per_second': '2.885', 'epoch': '3.902'}
{'loss': '0.7097', 'grad_norm': '8.483', 'learning_rate': '0.0002964', 'epoch': '4.878'}
{'eval_loss': '0.524', 'eval_runtime': '15.93', 'eval_samples_per_second': '274.2', 'eval_steps_per_second': '2.888', 'epoch': '4.878'}
{'loss': '0.6231', 'grad_norm': '23.03', 'learning_rate': '0.0002918', 'epoch': '5.854'}
{'eval_loss': '0.5738', 'eval_runtime': '15.93', 'eval_samples_per_second': '274.2', 'eval_steps_per_second': '2.888', 'epoch': '5.854'}
{'loss': '0.5739', 'grad_norm': '6.604', 'learning_rate': '0.0002854', 'epoch': '6.829'}
{'eval_loss': '0.5035', 'eval_runtime': '15.93', 'eval_samples_per_second': '274.2', 'eval_steps_per_second': '2.887', 'epoch': '6.829'}
{'loss': '0.5292', 'grad_norm': '10.08', 'learning_rate': '0.0002772', 'epoch': '7.805'}
{'eval_loss': '0.4874', 'eval_runtime': '15.93', 'eval_samples_per_second': '274.2', 'eval_steps_per_second': '2.888', 'epoch': '7.805'}
{'loss': '0.5181', 'grad_norm': '25.99', 'learning_rate': '0.0002674', 'epoch': '8.78'}
{'eval_loss': '0.493', 'eval_runtime': '15.93', 'eval_samples_per_second': '274.2', 'eval_steps_per_second': '2.888', 'epoch': '8.78'}
{'loss': '0.4984', 'grad_norm': '20.42', 'learning_rate': '0.000256', 'epoch': '9.756'}
{'eval_loss': '0.533', 'eval_runtime': '15.93', 'eval_samples_per_second': '274.1', 'eval_steps_per_second': '2.887', 'epoch': '9.756'}
{'loss': '0.4935', 'grad_norm': '1.111', 'learning_rate': '0.0002433', 'epoch': '10.73'}
{'eval_loss': '0.448', 'eval_runtime': '15.93', 'eval_samples_per_second': '274.2', 'eval_steps_per_second': '2.888', 'epoch': '10.73'}
{'loss': '0.4734', 'grad_norm': '4.43', 'learning_rate': '0.0002294', 'epoch': '11.71'}
{'eval_loss': '0.4748', 'eval_runtime': '15.93', 'eval_samples_per_second': '274.2', 'eval_steps_per_second': '2.887', 'epoch': '11.71'}
{'loss': '0.4625', 'grad_norm': '6.227', 'learning_rate': '0.0002145', 'epoch': '12.68'}
{'eval_loss': '0.4311', 'eval_runtime': '15.93', 'eval_samples_per_second': '274.1', 'eval_steps_per_second': '2.887', 'epoch': '12.68'}
{'loss': '0.4478', 'grad_norm': '9.269', 'learning_rate': '0.0001987', 'epoch': '13.66'}
{'eval_loss': '0.4656', 'eval_runtime': '15.93', 'eval_samples_per_second': '274.2', 'eval_steps_per_second': '2.888', 'epoch': '13.66'}
{'loss': '0.4216', 'grad_norm': '5.028', 'learning_rate': '0.0001824', 'epoch': '14.63'}
{'eval_loss': '0.4071', 'eval_runtime': '15.93', 'eval_samples_per_second': '274.1', 'eval_steps_per_second': '2.887', 'epoch': '14.63'}
{'loss': '0.3994', 'grad_norm': '5.57', 'learning_rate': '0.0001656', 'epoch': '15.61'}
{'eval_loss': '0.3744', 'eval_runtime': '15.94', 'eval_samples_per_second': '274.1', 'eval_steps_per_second': '2.887', 'epoch': '15.61'}
{'loss': '0.3707', 'grad_norm': '6.684', 'learning_rate': '0.0001486', 'epoch': '16.59'}
{'eval_loss': '0.314', 'eval_runtime': '15.94', 'eval_samples_per_second': '274.1', 'eval_steps_per_second': '2.886', 'epoch': '16.59'}
{'loss': '0.3344', 'grad_norm': '8.697', 'learning_rate': '0.0001316', 'epoch': '17.56'}
{'eval_loss': '0.3124', 'eval_runtime': '15.93', 'eval_samples_per_second': '274.2', 'eval_steps_per_second': '2.888', 'epoch': '17.56'}
{'loss': '0.3065', 'grad_norm': '4.218', 'learning_rate': '0.0001148', 'epoch': '18.54'}
{'eval_loss': '0.2663', 'eval_runtime': '15.94', 'eval_samples_per_second': '274.1', 'eval_steps_per_second': '2.887', 'epoch': '18.54'}
{'loss': '0.2857', 'grad_norm': '0.7293', 'learning_rate': '9.854e-05', 'epoch': '19.51'}
{'eval_loss': '0.252', 'eval_runtime': '15.93', 'eval_samples_per_second': '274.1', 'eval_steps_per_second': '2.887', 'epoch': '19.51'}
{'loss': '0.2671', 'grad_norm': '3.378', 'learning_rate': '8.291e-05', 'epoch': '20.49'}
{'eval_loss': '0.2381', 'eval_runtime': '15.93', 'eval_samples_per_second': '274.2', 'eval_steps_per_second': '2.887', 'epoch': '20.49'}
{'loss': '0.2366', 'grad_norm': '5.233', 'learning_rate': '6.814e-05', 'epoch': '21.46'}
{'eval_loss': '0.2309', 'eval_runtime': '15.93', 'eval_samples_per_second': '274.2', 'eval_steps_per_second': '2.887', 'epoch': '21.46'}
{'loss': '0.2203', 'grad_norm': '3.048', 'learning_rate': '5.443e-05', 'epoch': '22.44'}
{'eval_loss': '0.2205', 'eval_runtime': '15.93', 'eval_samples_per_second': '274.2', 'eval_steps_per_second': '2.887', 'epoch': '22.44'}
{'loss': '0.2077', 'grad_norm': '3.355', 'learning_rate': '4.195e-05', 'epoch': '23.41'}
{'eval_loss': '0.2381', 'eval_runtime': '15.93', 'eval_samples_per_second': '274.1', 'eval_steps_per_second': '2.887', 'epoch': '23.41'}
{'loss': '0.1967', 'grad_norm': '2.886', 'learning_rate': '3.086e-05', 'epoch': '24.39'}
{'eval_loss': '0.2047', 'eval_runtime': '15.93', 'eval_samples_per_second': '274.1', 'eval_steps_per_second': '2.887', 'epoch': '24.39'}
{'loss': '0.1889', 'grad_norm': '0.3921', 'learning_rate': '2.13e-05', 'epoch': '25.37'}
{'eval_loss': '0.2091', 'eval_runtime': '16.05', 'eval_samples_per_second': '272.2', 'eval_steps_per_second': '2.866', 'epoch': '25.37'}
{'loss': '0.1843', 'grad_norm': '0.5929', 'learning_rate': '1.34e-05', 'epoch': '26.34'}
{'eval_loss': '0.2095', 'eval_runtime': '15.94', 'eval_samples_per_second': '274', 'eval_steps_per_second': '2.886', 'epoch': '26.34'}
{'loss': '0.1808', 'grad_norm': '1.06', 'learning_rate': '7.263e-06', 'epoch': '27.32'}
{'eval_loss': '0.2097', 'eval_runtime': '15.94', 'eval_samples_per_second': '274.1', 'eval_steps_per_second': '2.886', 'epoch': '27.32'}
{'loss': '0.1777', 'grad_norm': '1.128', 'learning_rate': '2.958e-06', 'epoch': '28.29'}
{'eval_loss': '0.2106', 'eval_runtime': '15.94', 'eval_samples_per_second': '274.1', 'eval_steps_per_second': '2.886', 'epoch': '28.29'}
{'loss': '0.178', 'grad_norm': '0.7398', 'learning_rate': '5.469e-07', 'epoch': '29.27'}
{'eval_loss': '0.2079', 'eval_runtime': '15.94', 'eval_samples_per_second': '274.1', 'eval_steps_per_second': '2.886', 'epoch': '29.27'}
{'train_runtime': '1.268e+04', 'train_samples_per_second': '92.99', 'train_steps_per_second': '0.97', 'train_loss': '1.031', 'epoch': '29.27'}
Evaluating (Mean Loss)...
Calculating per-sequence surprisals...
Fold 5 Evaluation per token: 0.2047
Fold 5 Entropy per sequence: 7.8052

--- Starting Fold 6/10 ---
Fold 6 sizes: Train=39314, Eval=4368
Loading tokenizer...
Found 68 POS tags: ['-LRB-', '-RRB-', 'ADD', 'ADJP', 'ADVP', 'AFX', 'CC', 'CD', 'CONJP', 'DT', 'EX', 'FRAG', 'FW', 'HYPH', 'IN', 'INTJ', 'JJ', 'JJR', 'JJS', 'LS', 'LST', 'MD', 'NFP', 'NML', 'NN', 'NNP', 'NNPS', 'NNS', 'NP', 'PDT', 'POS', 'PP', 'PRN', 'PRP', 'PRP$', 'PRT', 'QP', 'RB', 'RBR', 'RBS', 'ROOT', 'RP', 'RRC', 'S', 'SBAR', 'SBARQ', 'SINV', 'SQ', 'SYM', 'TO', 'UCP', 'UH', 'VB', 'VBD', 'VBG', 'VBN', 'VBP', 'VBZ', 'VP', 'WDT', 'WHADJP', 'WHADVP', 'WHNP', 'WHPP', 'WP', 'WP$', 'WRB', 'X']
Found 0 phrase labels: []
Adding manual additions: ( ) # $ . , ''
Preprocessing...
Token length per parse sequence: 38.0298
Initializing DualEncoder model...
Loading  weights...
Missing keys: ['prosody_encoder.pos_table', 'prosody_encoder.mag_table', 'prosody_encoder.transformer.layers.0.self_attn.in_proj_weight', 'prosody_encoder.transformer.layers.0.self_attn.in_proj_bias', 'prosody_encoder.transformer.layers.0.self_attn.out_proj.weight', 'prosody_encoder.transformer.layers.0.self_attn.out_proj.bias', 'prosody_encoder.transformer.layers.0.linear1.weight', 'prosody_encoder.transformer.layers.0.linear1.bias', 'prosody_encoder.transformer.layers.0.linear2.weight', 'prosody_encoder.transformer.layers.0.linear2.bias', 'prosody_encoder.transformer.layers.0.norm1.weight', 'prosody_encoder.transformer.layers.0.norm1.bias', 'prosody_encoder.transformer.layers.0.norm2.weight', 'prosody_encoder.transformer.layers.0.norm2.bias', 'prosody_encoder.transformer.layers.1.self_attn.in_proj_weight', 'prosody_encoder.transformer.layers.1.self_attn.in_proj_bias', 'prosody_encoder.transformer.layers.1.self_attn.out_proj.weight', 'prosody_encoder.transformer.layers.1.self_attn.out_proj.bias', 'prosody_encoder.transformer.layers.1.linear1.weight', 'prosody_encoder.transformer.layers.1.linear1.bias', 'prosody_encoder.transformer.layers.1.linear2.weight', 'prosody_encoder.transformer.layers.1.linear2.bias', 'prosody_encoder.transformer.layers.1.norm1.weight', 'prosody_encoder.transformer.layers.1.norm1.bias', 'prosody_encoder.transformer.layers.1.norm2.weight', 'prosody_encoder.transformer.layers.1.norm2.bias', 'prosody_encoder.up_proj.weight', 'prosody_encoder.up_proj.bias', 'prosody_up.weight', 'prosody_up.bias', 'cross_attn.in_proj_weight', 'cross_attn.in_proj_bias', 'cross_attn.out_proj.weight', 'cross_attn.out_proj.bias', 'fusion_layer_norm.weight', 'fusion_layer_norm.bias']
Unexpected keys: []
Re-initializing decoder layer, to be trained from scratch
Training...
{'loss': '14.53', 'grad_norm': '129.8', 'learning_rate': '9.732e-05', 'epoch': '0.9756'}
{'eval_loss': '1.474', 'eval_runtime': '15.93', 'eval_samples_per_second': '274.2', 'eval_steps_per_second': '2.888', 'epoch': '0.9756'}
{'loss': '1.829', 'grad_norm': '79.2', 'learning_rate': '0.0001949', 'epoch': '1.951'}
{'eval_loss': '0.8296', 'eval_runtime': '15.93', 'eval_samples_per_second': '274.2', 'eval_steps_per_second': '2.888', 'epoch': '1.951'}
{'loss': '1.049', 'grad_norm': '44.58', 'learning_rate': '0.0002924', 'epoch': '2.927'}
{'eval_loss': '1.091', 'eval_runtime': '15.94', 'eval_samples_per_second': '274.1', 'eval_steps_per_second': '2.886', 'epoch': '2.927'}
{'loss': '0.8904', 'grad_norm': '71.84', 'learning_rate': '0.0002992', 'epoch': '3.902'}
{'eval_loss': '0.7259', 'eval_runtime': '15.93', 'eval_samples_per_second': '274.2', 'eval_steps_per_second': '2.887', 'epoch': '3.902'}
{'loss': '0.6428', 'grad_norm': '13.08', 'learning_rate': '0.0002964', 'epoch': '4.878'}
{'eval_loss': '0.5652', 'eval_runtime': '15.93', 'eval_samples_per_second': '274.2', 'eval_steps_per_second': '2.888', 'epoch': '4.878'}
{'loss': '0.6153', 'grad_norm': '43.31', 'learning_rate': '0.0002918', 'epoch': '5.854'}
{'eval_loss': '0.751', 'eval_runtime': '15.94', 'eval_samples_per_second': '274.1', 'eval_steps_per_second': '2.887', 'epoch': '5.854'}
{'loss': '0.5709', 'grad_norm': '25.81', 'learning_rate': '0.0002854', 'epoch': '6.829'}
{'eval_loss': '0.4945', 'eval_runtime': '16.36', 'eval_samples_per_second': '267', 'eval_steps_per_second': '2.812', 'epoch': '6.829'}
{'loss': '0.546', 'grad_norm': '11.51', 'learning_rate': '0.0002772', 'epoch': '7.805'}
{'eval_loss': '0.4654', 'eval_runtime': '15.93', 'eval_samples_per_second': '274.1', 'eval_steps_per_second': '2.887', 'epoch': '7.805'}
{'loss': '0.5131', 'grad_norm': '15.99', 'learning_rate': '0.0002674', 'epoch': '8.78'}
{'eval_loss': '0.4915', 'eval_runtime': '15.94', 'eval_samples_per_second': '274.1', 'eval_steps_per_second': '2.887', 'epoch': '8.78'}
{'loss': '0.5', 'grad_norm': '9.33', 'learning_rate': '0.000256', 'epoch': '9.756'}
{'eval_loss': '0.4772', 'eval_runtime': '16.01', 'eval_samples_per_second': '272.9', 'eval_steps_per_second': '2.874', 'epoch': '9.756'}
{'loss': '0.4908', 'grad_norm': '0.6808', 'learning_rate': '0.0002433', 'epoch': '10.73'}
{'eval_loss': '0.4615', 'eval_runtime': '16.44', 'eval_samples_per_second': '265.6', 'eval_steps_per_second': '2.797', 'epoch': '10.73'}
{'loss': '0.4802', 'grad_norm': '5.583', 'learning_rate': '0.0002294', 'epoch': '11.71'}
{'eval_loss': '0.439', 'eval_runtime': '15.94', 'eval_samples_per_second': '274.1', 'eval_steps_per_second': '2.886', 'epoch': '11.71'}
{'loss': '0.4657', 'grad_norm': '3.675', 'learning_rate': '0.0002145', 'epoch': '12.68'}
{'eval_loss': '0.4263', 'eval_runtime': '15.94', 'eval_samples_per_second': '274', 'eval_steps_per_second': '2.886', 'epoch': '12.68'}
{'loss': '0.457', 'grad_norm': '3.704', 'learning_rate': '0.0001987', 'epoch': '13.66'}
{'eval_loss': '0.4248', 'eval_runtime': '16.05', 'eval_samples_per_second': '272.1', 'eval_steps_per_second': '2.866', 'epoch': '13.66'}
{'loss': '0.4457', 'grad_norm': '10.61', 'learning_rate': '0.0001824', 'epoch': '14.63'}
{'eval_loss': '0.4082', 'eval_runtime': '15.94', 'eval_samples_per_second': '274', 'eval_steps_per_second': '2.885', 'epoch': '14.63'}
{'loss': '0.4372', 'grad_norm': '7.967', 'learning_rate': '0.0001656', 'epoch': '15.61'}
{'eval_loss': '0.4033', 'eval_runtime': '15.94', 'eval_samples_per_second': '274', 'eval_steps_per_second': '2.885', 'epoch': '15.61'}
{'loss': '0.4259', 'grad_norm': '27.83', 'learning_rate': '0.0001486', 'epoch': '16.59'}
{'eval_loss': '0.4392', 'eval_runtime': '15.94', 'eval_samples_per_second': '274', 'eval_steps_per_second': '2.885', 'epoch': '16.59'}
{'loss': '0.4092', 'grad_norm': '2.754', 'learning_rate': '0.0001316', 'epoch': '17.56'}
{'eval_loss': '0.3992', 'eval_runtime': '15.93', 'eval_samples_per_second': '274.1', 'eval_steps_per_second': '2.887', 'epoch': '17.56'}
{'loss': '0.4061', 'grad_norm': '14.72', 'learning_rate': '0.0001148', 'epoch': '18.54'}
{'eval_loss': '0.4001', 'eval_runtime': '16.03', 'eval_samples_per_second': '272.5', 'eval_steps_per_second': '2.87', 'epoch': '18.54'}
{'loss': '0.3884', 'grad_norm': '0.7153', 'learning_rate': '9.854e-05', 'epoch': '19.51'}
{'eval_loss': '0.3718', 'eval_runtime': '15.95', 'eval_samples_per_second': '273.8', 'eval_steps_per_second': '2.884', 'epoch': '19.51'}
{'loss': '0.3792', 'grad_norm': '8.506', 'learning_rate': '8.291e-05', 'epoch': '20.49'}
{'eval_loss': '0.3881', 'eval_runtime': '15.94', 'eval_samples_per_second': '274', 'eval_steps_per_second': '2.886', 'epoch': '20.49'}
{'loss': '0.3638', 'grad_norm': '3.37', 'learning_rate': '6.814e-05', 'epoch': '21.46'}
{'eval_loss': '0.3465', 'eval_runtime': '15.94', 'eval_samples_per_second': '274.1', 'eval_steps_per_second': '2.886', 'epoch': '21.46'}
{'loss': '0.3512', 'grad_norm': '1.852', 'learning_rate': '5.443e-05', 'epoch': '22.44'}
{'eval_loss': '0.328', 'eval_runtime': '15.94', 'eval_samples_per_second': '274', 'eval_steps_per_second': '2.886', 'epoch': '22.44'}
{'loss': '0.3328', 'grad_norm': '11.04', 'learning_rate': '4.195e-05', 'epoch': '23.41'}
{'eval_loss': '0.3644', 'eval_runtime': '15.95', 'eval_samples_per_second': '273.9', 'eval_steps_per_second': '2.884', 'epoch': '23.41'}
{'loss': '0.3149', 'grad_norm': '3.716', 'learning_rate': '3.086e-05', 'epoch': '24.39'}
{'eval_loss': '0.3122', 'eval_runtime': '15.94', 'eval_samples_per_second': '274.1', 'eval_steps_per_second': '2.887', 'epoch': '24.39'}
{'loss': '0.3024', 'grad_norm': '1.068', 'learning_rate': '2.13e-05', 'epoch': '25.37'}
{'eval_loss': '0.2881', 'eval_runtime': '16.28', 'eval_samples_per_second': '268.3', 'eval_steps_per_second': '2.826', 'epoch': '25.37'}
{'loss': '0.2925', 'grad_norm': '1.412', 'learning_rate': '1.34e-05', 'epoch': '26.34'}
{'eval_loss': '0.2855', 'eval_runtime': '15.94', 'eval_samples_per_second': '274.1', 'eval_steps_per_second': '2.886', 'epoch': '26.34'}
{'loss': '0.2856', 'grad_norm': '0.9075', 'learning_rate': '7.263e-06', 'epoch': '27.32'}
{'eval_loss': '0.2898', 'eval_runtime': '15.94', 'eval_samples_per_second': '274.1', 'eval_steps_per_second': '2.886', 'epoch': '27.32'}
{'loss': '0.2815', 'grad_norm': '2.022', 'learning_rate': '2.958e-06', 'epoch': '28.29'}
{'eval_loss': '0.281', 'eval_runtime': '15.95', 'eval_samples_per_second': '273.9', 'eval_steps_per_second': '2.885', 'epoch': '28.29'}
{'loss': '0.2793', 'grad_norm': '1.186', 'learning_rate': '5.469e-07', 'epoch': '29.27'}
{'eval_loss': '0.2808', 'eval_runtime': '15.94', 'eval_samples_per_second': '274', 'eval_steps_per_second': '2.886', 'epoch': '29.27'}
{'eval_loss': '0.2828', 'eval_runtime': '16.12', 'eval_samples_per_second': '270.9', 'eval_steps_per_second': '2.853', 'epoch': '30'}
{'train_runtime': '1.323e+04', 'train_samples_per_second': '89.11', 'train_steps_per_second': '0.929', 'train_loss': '0.9588', 'epoch': '30'}
Evaluating (Mean Loss)...
Calculating per-sequence surprisals...
Fold 6 Evaluation per token: 0.2808
Fold 6 Entropy per sequence: 10.6782

--- Starting Fold 7/10 ---
Fold 7 sizes: Train=39314, Eval=4368
Loading tokenizer...
Found 68 POS tags: ['-LRB-', '-RRB-', 'ADD', 'ADJP', 'ADVP', 'AFX', 'CC', 'CD', 'CONJP', 'DT', 'EX', 'FRAG', 'FW', 'HYPH', 'IN', 'INTJ', 'JJ', 'JJR', 'JJS', 'LS', 'LST', 'MD', 'NFP', 'NML', 'NN', 'NNP', 'NNPS', 'NNS', 'NP', 'PDT', 'POS', 'PP', 'PRN', 'PRP', 'PRP$', 'PRT', 'QP', 'RB', 'RBR', 'RBS', 'ROOT', 'RP', 'RRC', 'S', 'SBAR', 'SBARQ', 'SINV', 'SQ', 'SYM', 'TO', 'UCP', 'UH', 'VB', 'VBD', 'VBG', 'VBN', 'VBP', 'VBZ', 'VP', 'WDT', 'WHADJP', 'WHADVP', 'WHNP', 'WHPP', 'WP', 'WP$', 'WRB', 'X']
Found 0 phrase labels: []
Adding manual additions: ( ) # $ . , ''
Preprocessing...
Token length per parse sequence: 37.9185
Initializing DualEncoder model...
Loading  weights...
Missing keys: ['prosody_encoder.pos_table', 'prosody_encoder.mag_table', 'prosody_encoder.transformer.layers.0.self_attn.in_proj_weight', 'prosody_encoder.transformer.layers.0.self_attn.in_proj_bias', 'prosody_encoder.transformer.layers.0.self_attn.out_proj.weight', 'prosody_encoder.transformer.layers.0.self_attn.out_proj.bias', 'prosody_encoder.transformer.layers.0.linear1.weight', 'prosody_encoder.transformer.layers.0.linear1.bias', 'prosody_encoder.transformer.layers.0.linear2.weight', 'prosody_encoder.transformer.layers.0.linear2.bias', 'prosody_encoder.transformer.layers.0.norm1.weight', 'prosody_encoder.transformer.layers.0.norm1.bias', 'prosody_encoder.transformer.layers.0.norm2.weight', 'prosody_encoder.transformer.layers.0.norm2.bias', 'prosody_encoder.transformer.layers.1.self_attn.in_proj_weight', 'prosody_encoder.transformer.layers.1.self_attn.in_proj_bias', 'prosody_encoder.transformer.layers.1.self_attn.out_proj.weight', 'prosody_encoder.transformer.layers.1.self_attn.out_proj.bias', 'prosody_encoder.transformer.layers.1.linear1.weight', 'prosody_encoder.transformer.layers.1.linear1.bias', 'prosody_encoder.transformer.layers.1.linear2.weight', 'prosody_encoder.transformer.layers.1.linear2.bias', 'prosody_encoder.transformer.layers.1.norm1.weight', 'prosody_encoder.transformer.layers.1.norm1.bias', 'prosody_encoder.transformer.layers.1.norm2.weight', 'prosody_encoder.transformer.layers.1.norm2.bias', 'prosody_encoder.up_proj.weight', 'prosody_encoder.up_proj.bias', 'prosody_up.weight', 'prosody_up.bias', 'cross_attn.in_proj_weight', 'cross_attn.in_proj_bias', 'cross_attn.out_proj.weight', 'cross_attn.out_proj.bias', 'fusion_layer_norm.weight', 'fusion_layer_norm.bias']
Unexpected keys: []
Re-initializing decoder layer, to be trained from scratch
Training...
{'loss': '14.87', 'grad_norm': '58.19', 'learning_rate': '9.732e-05', 'epoch': '0.9756'}
{'eval_loss': '0.9325', 'eval_runtime': '15.94', 'eval_samples_per_second': '274', 'eval_steps_per_second': '2.886', 'epoch': '0.9756'}
{'loss': '1.838', 'grad_norm': '124.5', 'learning_rate': '0.0001949', 'epoch': '1.951'}
{'eval_loss': '1.153', 'eval_runtime': '15.93', 'eval_samples_per_second': '274.2', 'eval_steps_per_second': '2.888', 'epoch': '1.951'}
{'loss': '1.216', 'grad_norm': '40.34', 'learning_rate': '0.0002924', 'epoch': '2.927'}
{'eval_loss': '0.8213', 'eval_runtime': '15.93', 'eval_samples_per_second': '274.2', 'eval_steps_per_second': '2.887', 'epoch': '2.927'}
{'loss': '0.8655', 'grad_norm': '2.401', 'learning_rate': '0.0002992', 'epoch': '3.902'}
{'eval_loss': '0.7094', 'eval_runtime': '15.93', 'eval_samples_per_second': '274.2', 'eval_steps_per_second': '2.887', 'epoch': '3.902'}
{'loss': '0.7432', 'grad_norm': '42.69', 'learning_rate': '0.0002964', 'epoch': '4.878'}
{'eval_loss': '0.8153', 'eval_runtime': '15.94', 'eval_samples_per_second': '274.1', 'eval_steps_per_second': '2.886', 'epoch': '4.878'}
{'loss': '0.6257', 'grad_norm': '3.422', 'learning_rate': '0.0002918', 'epoch': '5.854'}
{'eval_loss': '0.5475', 'eval_runtime': '15.99', 'eval_samples_per_second': '273.2', 'eval_steps_per_second': '2.877', 'epoch': '5.854'}
{'loss': '0.5843', 'grad_norm': '5.708', 'learning_rate': '0.0002854', 'epoch': '6.829'}
{'eval_loss': '0.5736', 'eval_runtime': '15.94', 'eval_samples_per_second': '274.1', 'eval_steps_per_second': '2.886', 'epoch': '6.829'}
{'loss': '0.5551', 'grad_norm': '5.568', 'learning_rate': '0.0002772', 'epoch': '7.805'}
{'eval_loss': '0.4948', 'eval_runtime': '15.94', 'eval_samples_per_second': '274', 'eval_steps_per_second': '2.886', 'epoch': '7.805'}
{'loss': '0.5285', 'grad_norm': '10.38', 'learning_rate': '0.0002674', 'epoch': '8.78'}
{'eval_loss': '0.4675', 'eval_runtime': '16.18', 'eval_samples_per_second': '269.9', 'eval_steps_per_second': '2.843', 'epoch': '8.78'}
{'loss': '0.4998', 'grad_norm': '19.91', 'learning_rate': '0.000256', 'epoch': '9.756'}
{'eval_loss': '0.5263', 'eval_runtime': '15.98', 'eval_samples_per_second': '273.3', 'eval_steps_per_second': '2.878', 'epoch': '9.756'}
{'loss': '0.4931', 'grad_norm': '41.23', 'learning_rate': '0.0002433', 'epoch': '10.73'}
{'eval_loss': '0.5337', 'eval_runtime': '16.01', 'eval_samples_per_second': '272.9', 'eval_steps_per_second': '2.874', 'epoch': '10.73'}
{'loss': '0.4902', 'grad_norm': '4.823', 'learning_rate': '0.0002294', 'epoch': '11.71'}
{'eval_loss': '0.4606', 'eval_runtime': '16', 'eval_samples_per_second': '273', 'eval_steps_per_second': '2.875', 'epoch': '11.71'}
{'loss': '0.4879', 'grad_norm': '11.23', 'learning_rate': '0.0002145', 'epoch': '12.68'}
{'eval_loss': '0.4712', 'eval_runtime': '16.02', 'eval_samples_per_second': '272.7', 'eval_steps_per_second': '2.872', 'epoch': '12.68'}
{'loss': '0.4677', 'grad_norm': '0.6195', 'learning_rate': '0.0001987', 'epoch': '13.66'}
{'eval_loss': '0.4255', 'eval_runtime': '16.03', 'eval_samples_per_second': '272.4', 'eval_steps_per_second': '2.869', 'epoch': '13.66'}
{'loss': '0.4543', 'grad_norm': '17.28', 'learning_rate': '0.0001824', 'epoch': '14.63'}
{'eval_loss': '0.4454', 'eval_runtime': '16.03', 'eval_samples_per_second': '272.4', 'eval_steps_per_second': '2.869', 'epoch': '14.63'}
{'loss': '0.4551', 'grad_norm': '3.656', 'learning_rate': '0.0001656', 'epoch': '15.61'}
{'eval_loss': '0.4482', 'eval_runtime': '15.95', 'eval_samples_per_second': '273.9', 'eval_steps_per_second': '2.884', 'epoch': '15.61'}
{'loss': '0.4314', 'grad_norm': '17.71', 'learning_rate': '0.0001486', 'epoch': '16.59'}
{'eval_loss': '0.4512', 'eval_runtime': '15.95', 'eval_samples_per_second': '273.8', 'eval_steps_per_second': '2.883', 'epoch': '16.59'}
{'loss': '0.4259', 'grad_norm': '29.23', 'learning_rate': '0.0001316', 'epoch': '17.56'}
{'eval_loss': '0.5051', 'eval_runtime': '15.94', 'eval_samples_per_second': '274', 'eval_steps_per_second': '2.886', 'epoch': '17.56'}
{'loss': '0.4061', 'grad_norm': '10.13', 'learning_rate': '0.0001148', 'epoch': '18.54'}
{'eval_loss': '0.3827', 'eval_runtime': '15.98', 'eval_samples_per_second': '273.4', 'eval_steps_per_second': '2.879', 'epoch': '18.54'}
{'loss': '0.391', 'grad_norm': '24.12', 'learning_rate': '9.854e-05', 'epoch': '19.51'}
{'eval_loss': '0.3651', 'eval_runtime': '15.95', 'eval_samples_per_second': '273.9', 'eval_steps_per_second': '2.885', 'epoch': '19.51'}
{'loss': '0.3744', 'grad_norm': '5.134', 'learning_rate': '8.291e-05', 'epoch': '20.49'}
{'eval_loss': '0.3349', 'eval_runtime': '15.96', 'eval_samples_per_second': '273.7', 'eval_steps_per_second': '2.882', 'epoch': '20.49'}
{'loss': '0.3534', 'grad_norm': '7.029', 'learning_rate': '6.814e-05', 'epoch': '21.46'}
{'eval_loss': '0.3577', 'eval_runtime': '15.95', 'eval_samples_per_second': '273.8', 'eval_steps_per_second': '2.884', 'epoch': '21.46'}
{'loss': '0.3372', 'grad_norm': '6.028', 'learning_rate': '5.443e-05', 'epoch': '22.44'}
{'eval_loss': '0.3064', 'eval_runtime': '15.96', 'eval_samples_per_second': '273.7', 'eval_steps_per_second': '2.882', 'epoch': '22.44'}
{'loss': '0.3123', 'grad_norm': '5.306', 'learning_rate': '4.195e-05', 'epoch': '23.41'}
{'eval_loss': '0.3033', 'eval_runtime': '15.97', 'eval_samples_per_second': '273.5', 'eval_steps_per_second': '2.88', 'epoch': '23.41'}
{'loss': '0.297', 'grad_norm': '2.067', 'learning_rate': '3.086e-05', 'epoch': '24.39'}
{'eval_loss': '0.2894', 'eval_runtime': '15.96', 'eval_samples_per_second': '273.8', 'eval_steps_per_second': '2.883', 'epoch': '24.39'}
{'loss': '0.2821', 'grad_norm': '1.142', 'learning_rate': '2.13e-05', 'epoch': '25.37'}
{'eval_loss': '0.2674', 'eval_runtime': '15.95', 'eval_samples_per_second': '273.9', 'eval_steps_per_second': '2.884', 'epoch': '25.37'}
{'loss': '0.2709', 'grad_norm': '3.134', 'learning_rate': '1.34e-05', 'epoch': '26.34'}
{'eval_loss': '0.2737', 'eval_runtime': '15.95', 'eval_samples_per_second': '273.8', 'eval_steps_per_second': '2.884', 'epoch': '26.34'}
{'loss': '0.2643', 'grad_norm': '1.6', 'learning_rate': '7.263e-06', 'epoch': '27.32'}
{'eval_loss': '0.274', 'eval_runtime': '15.96', 'eval_samples_per_second': '273.7', 'eval_steps_per_second': '2.882', 'epoch': '27.32'}
{'loss': '0.2606', 'grad_norm': '1.472', 'learning_rate': '2.958e-06', 'epoch': '28.29'}
{'eval_loss': '0.2769', 'eval_runtime': '15.95', 'eval_samples_per_second': '273.8', 'eval_steps_per_second': '2.883', 'epoch': '28.29'}
{'loss': '0.262', 'grad_norm': '1.064', 'learning_rate': '5.469e-07', 'epoch': '29.27'}
{'eval_loss': '0.2704', 'eval_runtime': '15.96', 'eval_samples_per_second': '273.7', 'eval_steps_per_second': '2.882', 'epoch': '29.27'}
{'eval_loss': '0.2705', 'eval_runtime': '15.97', 'eval_samples_per_second': '273.6', 'eval_steps_per_second': '2.881', 'epoch': '30'}
{'train_runtime': '1.316e+04', 'train_samples_per_second': '89.64', 'train_steps_per_second': '0.935', 'train_loss': '0.9766', 'epoch': '30'}
Evaluating (Mean Loss)...
Calculating per-sequence surprisals...
Fold 7 Evaluation per token: 0.2674
Fold 7 Entropy per sequence: 10.1388

--- Starting Fold 8/10 ---
Fold 8 sizes: Train=39314, Eval=4368
Loading tokenizer...
Found 68 POS tags: ['-LRB-', '-RRB-', 'ADD', 'ADJP', 'ADVP', 'AFX', 'CC', 'CD', 'CONJP', 'DT', 'EX', 'FRAG', 'FW', 'HYPH', 'IN', 'INTJ', 'JJ', 'JJR', 'JJS', 'LS', 'LST', 'MD', 'NFP', 'NML', 'NN', 'NNP', 'NNPS', 'NNS', 'NP', 'PDT', 'POS', 'PP', 'PRN', 'PRP', 'PRP$', 'PRT', 'QP', 'RB', 'RBR', 'RBS', 'ROOT', 'RP', 'RRC', 'S', 'SBAR', 'SBARQ', 'SINV', 'SQ', 'SYM', 'TO', 'UCP', 'UH', 'VB', 'VBD', 'VBG', 'VBN', 'VBP', 'VBZ', 'VP', 'WDT', 'WHADJP', 'WHADVP', 'WHNP', 'WHPP', 'WP', 'WP$', 'WRB', 'X']
Found 0 phrase labels: []
Adding manual additions: ( ) # $ . , ''
Preprocessing...
Token length per parse sequence: 37.2166
Initializing DualEncoder model...
Loading  weights...
Missing keys: ['prosody_encoder.pos_table', 'prosody_encoder.mag_table', 'prosody_encoder.transformer.layers.0.self_attn.in_proj_weight', 'prosody_encoder.transformer.layers.0.self_attn.in_proj_bias', 'prosody_encoder.transformer.layers.0.self_attn.out_proj.weight', 'prosody_encoder.transformer.layers.0.self_attn.out_proj.bias', 'prosody_encoder.transformer.layers.0.linear1.weight', 'prosody_encoder.transformer.layers.0.linear1.bias', 'prosody_encoder.transformer.layers.0.linear2.weight', 'prosody_encoder.transformer.layers.0.linear2.bias', 'prosody_encoder.transformer.layers.0.norm1.weight', 'prosody_encoder.transformer.layers.0.norm1.bias', 'prosody_encoder.transformer.layers.0.norm2.weight', 'prosody_encoder.transformer.layers.0.norm2.bias', 'prosody_encoder.transformer.layers.1.self_attn.in_proj_weight', 'prosody_encoder.transformer.layers.1.self_attn.in_proj_bias', 'prosody_encoder.transformer.layers.1.self_attn.out_proj.weight', 'prosody_encoder.transformer.layers.1.self_attn.out_proj.bias', 'prosody_encoder.transformer.layers.1.linear1.weight', 'prosody_encoder.transformer.layers.1.linear1.bias', 'prosody_encoder.transformer.layers.1.linear2.weight', 'prosody_encoder.transformer.layers.1.linear2.bias', 'prosody_encoder.transformer.layers.1.norm1.weight', 'prosody_encoder.transformer.layers.1.norm1.bias', 'prosody_encoder.transformer.layers.1.norm2.weight', 'prosody_encoder.transformer.layers.1.norm2.bias', 'prosody_encoder.up_proj.weight', 'prosody_encoder.up_proj.bias', 'prosody_up.weight', 'prosody_up.bias', 'cross_attn.in_proj_weight', 'cross_attn.in_proj_bias', 'cross_attn.out_proj.weight', 'cross_attn.out_proj.bias', 'fusion_layer_norm.weight', 'fusion_layer_norm.bias']
Unexpected keys: []
Re-initializing decoder layer, to be trained from scratch
Training...
{'loss': '15.11', 'grad_norm': '50.1', 'learning_rate': '9.732e-05', 'epoch': '0.9756'}
{'eval_loss': '1.132', 'eval_runtime': '15.97', 'eval_samples_per_second': '273.5', 'eval_steps_per_second': '2.88', 'epoch': '0.9756'}
{'loss': '1.647', 'grad_norm': '106.8', 'learning_rate': '0.0001949', 'epoch': '1.951'}
{'eval_loss': '0.6227', 'eval_runtime': '15.95', 'eval_samples_per_second': '273.8', 'eval_steps_per_second': '2.884', 'epoch': '1.951'}
{'loss': '1.234', 'grad_norm': '98.63', 'learning_rate': '0.0002924', 'epoch': '2.927'}
{'eval_loss': '1.009', 'eval_runtime': '15.95', 'eval_samples_per_second': '273.9', 'eval_steps_per_second': '2.885', 'epoch': '2.927'}
{'loss': '0.9322', 'grad_norm': '9.415', 'learning_rate': '0.0002992', 'epoch': '3.902'}
{'eval_loss': '0.5747', 'eval_runtime': '15.97', 'eval_samples_per_second': '273.5', 'eval_steps_per_second': '2.88', 'epoch': '3.902'}
{'loss': '0.7452', 'grad_norm': '8.365', 'learning_rate': '0.0002964', 'epoch': '4.878'}
{'eval_loss': '0.7093', 'eval_runtime': '15.97', 'eval_samples_per_second': '273.5', 'eval_steps_per_second': '2.88', 'epoch': '4.878'}
{'loss': '0.6377', 'grad_norm': '25.11', 'learning_rate': '0.0002918', 'epoch': '5.854'}
{'eval_loss': '0.5005', 'eval_runtime': '15.97', 'eval_samples_per_second': '273.5', 'eval_steps_per_second': '2.88', 'epoch': '5.854'}
{'loss': '0.585', 'grad_norm': '3.76', 'learning_rate': '0.0002854', 'epoch': '6.829'}
{'eval_loss': '0.5011', 'eval_runtime': '15.97', 'eval_samples_per_second': '273.6', 'eval_steps_per_second': '2.881', 'epoch': '6.829'}
{'loss': '0.5521', 'grad_norm': '4.743', 'learning_rate': '0.0002772', 'epoch': '7.805'}
{'eval_loss': '0.5103', 'eval_runtime': '15.99', 'eval_samples_per_second': '273.1', 'eval_steps_per_second': '2.876', 'epoch': '7.805'}
{'loss': '0.5268', 'grad_norm': '10.86', 'learning_rate': '0.0002674', 'epoch': '8.78'}
{'eval_loss': '0.4587', 'eval_runtime': '15.98', 'eval_samples_per_second': '273.3', 'eval_steps_per_second': '2.878', 'epoch': '8.78'}
{'loss': '0.5124', 'grad_norm': '7.188', 'learning_rate': '0.000256', 'epoch': '9.756'}
{'eval_loss': '0.4467', 'eval_runtime': '15.96', 'eval_samples_per_second': '273.6', 'eval_steps_per_second': '2.882', 'epoch': '9.756'}
{'loss': '0.477', 'grad_norm': '3.487', 'learning_rate': '0.0002433', 'epoch': '10.73'}
{'eval_loss': '0.4269', 'eval_runtime': '16.07', 'eval_samples_per_second': '271.8', 'eval_steps_per_second': '2.863', 'epoch': '10.73'}
{'loss': '0.4804', 'grad_norm': '0.7848', 'learning_rate': '0.0002294', 'epoch': '11.71'}
{'eval_loss': '0.4265', 'eval_runtime': '16.07', 'eval_samples_per_second': '271.8', 'eval_steps_per_second': '2.862', 'epoch': '11.71'}
{'loss': '0.4594', 'grad_norm': '7.562', 'learning_rate': '0.0002145', 'epoch': '12.68'}
{'eval_loss': '0.4149', 'eval_runtime': '16.02', 'eval_samples_per_second': '272.7', 'eval_steps_per_second': '2.872', 'epoch': '12.68'}
{'loss': '0.4578', 'grad_norm': '7.574', 'learning_rate': '0.0001987', 'epoch': '13.66'}
{'eval_loss': '0.4157', 'eval_runtime': '16.06', 'eval_samples_per_second': '271.9', 'eval_steps_per_second': '2.864', 'epoch': '13.66'}
{'loss': '0.4291', 'grad_norm': '23.27', 'learning_rate': '0.0001824', 'epoch': '14.63'}
{'eval_loss': '0.4488', 'eval_runtime': '16', 'eval_samples_per_second': '273', 'eval_steps_per_second': '2.875', 'epoch': '14.63'}
{'loss': '0.4108', 'grad_norm': '20.99', 'learning_rate': '0.0001656', 'epoch': '15.61'}
{'eval_loss': '0.4674', 'eval_runtime': '16.04', 'eval_samples_per_second': '272.4', 'eval_steps_per_second': '2.868', 'epoch': '15.61'}
{'loss': '0.3816', 'grad_norm': '12.8', 'learning_rate': '0.0001486', 'epoch': '16.59'}
{'eval_loss': '0.346', 'eval_runtime': '16', 'eval_samples_per_second': '272.9', 'eval_steps_per_second': '2.874', 'epoch': '16.59'}
{'loss': '0.3618', 'grad_norm': '5.073', 'learning_rate': '0.0001316', 'epoch': '17.56'}
{'eval_loss': '0.3454', 'eval_runtime': '16.02', 'eval_samples_per_second': '272.7', 'eval_steps_per_second': '2.872', 'epoch': '17.56'}
{'loss': '0.337', 'grad_norm': '3.356', 'learning_rate': '0.0001148', 'epoch': '18.54'}
{'eval_loss': '0.283', 'eval_runtime': '16', 'eval_samples_per_second': '272.9', 'eval_steps_per_second': '2.874', 'epoch': '18.54'}
{'loss': '0.304', 'grad_norm': '13.6', 'learning_rate': '9.854e-05', 'epoch': '19.51'}
{'eval_loss': '0.3376', 'eval_runtime': '16.01', 'eval_samples_per_second': '272.8', 'eval_steps_per_second': '2.873', 'epoch': '19.51'}
{'loss': '0.272', 'grad_norm': '1.784', 'learning_rate': '8.291e-05', 'epoch': '20.49'}
{'eval_loss': '0.2484', 'eval_runtime': '16.05', 'eval_samples_per_second': '272.1', 'eval_steps_per_second': '2.866', 'epoch': '20.49'}
{'loss': '0.2604', 'grad_norm': '13.5', 'learning_rate': '6.814e-05', 'epoch': '21.46'}
{'eval_loss': '0.3095', 'eval_runtime': '16', 'eval_samples_per_second': '273.1', 'eval_steps_per_second': '2.876', 'epoch': '21.46'}
{'loss': '0.2411', 'grad_norm': '2.787', 'learning_rate': '5.443e-05', 'epoch': '22.44'}
{'eval_loss': '0.2342', 'eval_runtime': '16.04', 'eval_samples_per_second': '272.4', 'eval_steps_per_second': '2.868', 'epoch': '22.44'}
{'loss': '0.2191', 'grad_norm': '1.471', 'learning_rate': '4.195e-05', 'epoch': '23.41'}
{'eval_loss': '0.2285', 'eval_runtime': '16', 'eval_samples_per_second': '272.9', 'eval_steps_per_second': '2.874', 'epoch': '23.41'}
{'loss': '0.204', 'grad_norm': '1.451', 'learning_rate': '3.086e-05', 'epoch': '24.39'}
{'eval_loss': '0.2242', 'eval_runtime': '16.03', 'eval_samples_per_second': '272.5', 'eval_steps_per_second': '2.869', 'epoch': '24.39'}
{'loss': '0.1956', 'grad_norm': '2.246', 'learning_rate': '2.13e-05', 'epoch': '25.37'}
{'eval_loss': '0.2319', 'eval_runtime': '16.05', 'eval_samples_per_second': '272.1', 'eval_steps_per_second': '2.865', 'epoch': '25.37'}
{'loss': '0.1909', 'grad_norm': '0.6381', 'learning_rate': '1.34e-05', 'epoch': '26.34'}
{'eval_loss': '0.2285', 'eval_runtime': '16.05', 'eval_samples_per_second': '272.2', 'eval_steps_per_second': '2.867', 'epoch': '26.34'}
{'loss': '0.1859', 'grad_norm': '2.142', 'learning_rate': '7.263e-06', 'epoch': '27.32'}
{'eval_loss': '0.2245', 'eval_runtime': '16.01', 'eval_samples_per_second': '272.8', 'eval_steps_per_second': '2.873', 'epoch': '27.32'}
{'loss': '0.1842', 'grad_norm': '0.7959', 'learning_rate': '2.958e-06', 'epoch': '28.29'}
{'eval_loss': '0.2237', 'eval_runtime': '16.07', 'eval_samples_per_second': '271.8', 'eval_steps_per_second': '2.863', 'epoch': '28.29'}
{'loss': '0.1815', 'grad_norm': '0.677', 'learning_rate': '5.469e-07', 'epoch': '29.27'}
{'eval_loss': '0.2251', 'eval_runtime': '16.06', 'eval_samples_per_second': '271.9', 'eval_steps_per_second': '2.864', 'epoch': '29.27'}
{'eval_loss': '0.2226', 'eval_runtime': '16.04', 'eval_samples_per_second': '272.3', 'eval_steps_per_second': '2.868', 'epoch': '30'}
{'train_runtime': '1.293e+04', 'train_samples_per_second': '91.23', 'train_steps_per_second': '0.951', 'train_loss': '0.9383', 'epoch': '30'}
Evaluating (Mean Loss)...
Calculating per-sequence surprisals...
Fold 8 Evaluation per token: 0.2226
Fold 8 Entropy per sequence: 8.2854

--- Starting Fold 9/10 ---
Fold 9 sizes: Train=39314, Eval=4368
Loading tokenizer...
Found 68 POS tags: ['-LRB-', '-RRB-', 'ADD', 'ADJP', 'ADVP', 'AFX', 'CC', 'CD', 'CONJP', 'DT', 'EX', 'FRAG', 'FW', 'HYPH', 'IN', 'INTJ', 'JJ', 'JJR', 'JJS', 'LS', 'LST', 'MD', 'NFP', 'NML', 'NN', 'NNP', 'NNPS', 'NNS', 'NP', 'PDT', 'POS', 'PP', 'PRN', 'PRP', 'PRP$', 'PRT', 'QP', 'RB', 'RBR', 'RBS', 'ROOT', 'RP', 'RRC', 'S', 'SBAR', 'SBARQ', 'SINV', 'SQ', 'SYM', 'TO', 'UCP', 'UH', 'VB', 'VBD', 'VBG', 'VBN', 'VBP', 'VBZ', 'VP', 'WDT', 'WHADJP', 'WHADVP', 'WHNP', 'WHPP', 'WP', 'WP$', 'WRB', 'X']
Found 0 phrase labels: []
Adding manual additions: ( ) # $ . , ''
Preprocessing...
Token length per parse sequence: 37.8191
Initializing DualEncoder model...
Loading  weights...
Missing keys: ['prosody_encoder.pos_table', 'prosody_encoder.mag_table', 'prosody_encoder.transformer.layers.0.self_attn.in_proj_weight', 'prosody_encoder.transformer.layers.0.self_attn.in_proj_bias', 'prosody_encoder.transformer.layers.0.self_attn.out_proj.weight', 'prosody_encoder.transformer.layers.0.self_attn.out_proj.bias', 'prosody_encoder.transformer.layers.0.linear1.weight', 'prosody_encoder.transformer.layers.0.linear1.bias', 'prosody_encoder.transformer.layers.0.linear2.weight', 'prosody_encoder.transformer.layers.0.linear2.bias', 'prosody_encoder.transformer.layers.0.norm1.weight', 'prosody_encoder.transformer.layers.0.norm1.bias', 'prosody_encoder.transformer.layers.0.norm2.weight', 'prosody_encoder.transformer.layers.0.norm2.bias', 'prosody_encoder.transformer.layers.1.self_attn.in_proj_weight', 'prosody_encoder.transformer.layers.1.self_attn.in_proj_bias', 'prosody_encoder.transformer.layers.1.self_attn.out_proj.weight', 'prosody_encoder.transformer.layers.1.self_attn.out_proj.bias', 'prosody_encoder.transformer.layers.1.linear1.weight', 'prosody_encoder.transformer.layers.1.linear1.bias', 'prosody_encoder.transformer.layers.1.linear2.weight', 'prosody_encoder.transformer.layers.1.linear2.bias', 'prosody_encoder.transformer.layers.1.norm1.weight', 'prosody_encoder.transformer.layers.1.norm1.bias', 'prosody_encoder.transformer.layers.1.norm2.weight', 'prosody_encoder.transformer.layers.1.norm2.bias', 'prosody_encoder.up_proj.weight', 'prosody_encoder.up_proj.bias', 'prosody_up.weight', 'prosody_up.bias', 'cross_attn.in_proj_weight', 'cross_attn.in_proj_bias', 'cross_attn.out_proj.weight', 'cross_attn.out_proj.bias', 'fusion_layer_norm.weight', 'fusion_layer_norm.bias']
Unexpected keys: []
Re-initializing decoder layer, to be trained from scratch
Training...
{'loss': '14.83', 'grad_norm': '96.09', 'learning_rate': '9.732e-05', 'epoch': '0.9756'}
{'eval_loss': '2.015', 'eval_runtime': '15.97', 'eval_samples_per_second': '273.6', 'eval_steps_per_second': '2.881', 'epoch': '0.9756'}
{'loss': '1.835', 'grad_norm': '4.491', 'learning_rate': '0.0001949', 'epoch': '1.951'}
{'eval_loss': '0.6284', 'eval_runtime': '15.96', 'eval_samples_per_second': '273.7', 'eval_steps_per_second': '2.883', 'epoch': '1.951'}
{'loss': '1.241', 'grad_norm': '60.97', 'learning_rate': '0.0002924', 'epoch': '2.927'}
{'eval_loss': '1.034', 'eval_runtime': '15.96', 'eval_samples_per_second': '273.8', 'eval_steps_per_second': '2.883', 'epoch': '2.927'}
{'loss': '0.9157', 'grad_norm': '24.18', 'learning_rate': '0.0002992', 'epoch': '3.902'}
{'eval_loss': '0.6952', 'eval_runtime': '15.96', 'eval_samples_per_second': '273.8', 'eval_steps_per_second': '2.883', 'epoch': '3.902'}
{'loss': '0.6784', 'grad_norm': '5.832', 'learning_rate': '0.0002964', 'epoch': '4.878'}
{'eval_loss': '0.6412', 'eval_runtime': '15.96', 'eval_samples_per_second': '273.7', 'eval_steps_per_second': '2.882', 'epoch': '4.878'}
{'loss': '0.6262', 'grad_norm': '21.47', 'learning_rate': '0.0002918', 'epoch': '5.854'}
{'eval_loss': '0.5', 'eval_runtime': '15.96', 'eval_samples_per_second': '273.6', 'eval_steps_per_second': '2.882', 'epoch': '5.854'}
{'loss': '0.5953', 'grad_norm': '4.039', 'learning_rate': '0.0002854', 'epoch': '6.829'}
{'eval_loss': '0.4797', 'eval_runtime': '15.97', 'eval_samples_per_second': '273.6', 'eval_steps_per_second': '2.881', 'epoch': '6.829'}
{'loss': '0.5662', 'grad_norm': '0.8234', 'learning_rate': '0.0002772', 'epoch': '7.805'}
{'eval_loss': '0.4818', 'eval_runtime': '15.97', 'eval_samples_per_second': '273.5', 'eval_steps_per_second': '2.881', 'epoch': '7.805'}
{'loss': '0.5206', 'grad_norm': '2.061', 'learning_rate': '0.0002674', 'epoch': '8.78'}
{'eval_loss': '0.4558', 'eval_runtime': '15.96', 'eval_samples_per_second': '273.8', 'eval_steps_per_second': '2.883', 'epoch': '8.78'}
{'loss': '0.5108', 'grad_norm': '18.51', 'learning_rate': '0.000256', 'epoch': '9.756'}
{'eval_loss': '0.5003', 'eval_runtime': '15.97', 'eval_samples_per_second': '273.5', 'eval_steps_per_second': '2.88', 'epoch': '9.756'}
{'loss': '0.4978', 'grad_norm': '21.65', 'learning_rate': '0.0002433', 'epoch': '10.73'}
{'eval_loss': '0.4846', 'eval_runtime': '15.99', 'eval_samples_per_second': '273.2', 'eval_steps_per_second': '2.877', 'epoch': '10.73'}
{'loss': '0.4645', 'grad_norm': '9.682', 'learning_rate': '0.0002294', 'epoch': '11.71'}
{'eval_loss': '0.4192', 'eval_runtime': '15.96', 'eval_samples_per_second': '273.6', 'eval_steps_per_second': '2.882', 'epoch': '11.71'}
{'loss': '0.4551', 'grad_norm': '5.056', 'learning_rate': '0.0002145', 'epoch': '12.68'}
{'eval_loss': '0.4046', 'eval_runtime': '15.97', 'eval_samples_per_second': '273.6', 'eval_steps_per_second': '2.881', 'epoch': '12.68'}
{'loss': '0.4435', 'grad_norm': '0.5624', 'learning_rate': '0.0001987', 'epoch': '13.66'}
{'eval_loss': '0.3851', 'eval_runtime': '15.96', 'eval_samples_per_second': '273.7', 'eval_steps_per_second': '2.882', 'epoch': '13.66'}
{'loss': '0.4023', 'grad_norm': '18.1', 'learning_rate': '0.0001824', 'epoch': '14.63'}
{'eval_loss': '0.3442', 'eval_runtime': '15.96', 'eval_samples_per_second': '273.6', 'eval_steps_per_second': '2.882', 'epoch': '14.63'}
{'loss': '0.3851', 'grad_norm': '19.12', 'learning_rate': '0.0001656', 'epoch': '15.61'}
{'eval_loss': '0.3287', 'eval_runtime': '15.98', 'eval_samples_per_second': '273.4', 'eval_steps_per_second': '2.879', 'epoch': '15.61'}
{'loss': '0.3378', 'grad_norm': '14.07', 'learning_rate': '0.0001486', 'epoch': '16.59'}
{'eval_loss': '0.2876', 'eval_runtime': '15.96', 'eval_samples_per_second': '273.6', 'eval_steps_per_second': '2.881', 'epoch': '16.59'}
{'loss': '0.3172', 'grad_norm': '0.5233', 'learning_rate': '0.0001316', 'epoch': '17.56'}
{'eval_loss': '0.268', 'eval_runtime': '15.96', 'eval_samples_per_second': '273.7', 'eval_steps_per_second': '2.882', 'epoch': '17.56'}
{'loss': '0.2809', 'grad_norm': '10.67', 'learning_rate': '0.0001148', 'epoch': '18.54'}
{'eval_loss': '0.2726', 'eval_runtime': '16', 'eval_samples_per_second': '273.1', 'eval_steps_per_second': '2.876', 'epoch': '18.54'}
{'loss': '0.2684', 'grad_norm': '6.661', 'learning_rate': '9.854e-05', 'epoch': '19.51'}
{'eval_loss': '0.252', 'eval_runtime': '15.97', 'eval_samples_per_second': '273.6', 'eval_steps_per_second': '2.881', 'epoch': '19.51'}
{'loss': '0.2388', 'grad_norm': '3.811', 'learning_rate': '8.291e-05', 'epoch': '20.49'}
{'eval_loss': '0.215', 'eval_runtime': '16.06', 'eval_samples_per_second': '271.9', 'eval_steps_per_second': '2.864', 'epoch': '20.49'}
{'loss': '0.2213', 'grad_norm': '12.63', 'learning_rate': '6.814e-05', 'epoch': '21.46'}
{'eval_loss': '0.2285', 'eval_runtime': '16.16', 'eval_samples_per_second': '270.3', 'eval_steps_per_second': '2.847', 'epoch': '21.46'}
{'loss': '0.2008', 'grad_norm': '1.342', 'learning_rate': '5.443e-05', 'epoch': '22.44'}
{'eval_loss': '0.2091', 'eval_runtime': '15.96', 'eval_samples_per_second': '273.6', 'eval_steps_per_second': '2.881', 'epoch': '22.44'}
{'loss': '0.1855', 'grad_norm': '2.646', 'learning_rate': '4.195e-05', 'epoch': '23.41'}
{'eval_loss': '0.206', 'eval_runtime': '16.08', 'eval_samples_per_second': '271.6', 'eval_steps_per_second': '2.861', 'epoch': '23.41'}
{'loss': '0.1758', 'grad_norm': '0.8062', 'learning_rate': '3.086e-05', 'epoch': '24.39'}
{'eval_loss': '0.205', 'eval_runtime': '16', 'eval_samples_per_second': '273.1', 'eval_steps_per_second': '2.876', 'epoch': '24.39'}
{'loss': '0.169', 'grad_norm': '1.546', 'learning_rate': '2.13e-05', 'epoch': '25.37'}
{'eval_loss': '0.2001', 'eval_runtime': '16', 'eval_samples_per_second': '273.1', 'eval_steps_per_second': '2.876', 'epoch': '25.37'}
{'loss': '0.1646', 'grad_norm': '0.8946', 'learning_rate': '1.34e-05', 'epoch': '26.34'}
{'eval_loss': '0.1966', 'eval_runtime': '15.97', 'eval_samples_per_second': '273.4', 'eval_steps_per_second': '2.88', 'epoch': '26.34'}
{'loss': '0.1599', 'grad_norm': '0.3611', 'learning_rate': '7.263e-06', 'epoch': '27.32'}
{'eval_loss': '0.2011', 'eval_runtime': '15.98', 'eval_samples_per_second': '273.3', 'eval_steps_per_second': '2.878', 'epoch': '27.32'}
{'loss': '0.1594', 'grad_norm': '1.779', 'learning_rate': '2.958e-06', 'epoch': '28.29'}
{'eval_loss': '0.1987', 'eval_runtime': '16', 'eval_samples_per_second': '273.1', 'eval_steps_per_second': '2.876', 'epoch': '28.29'}
{'loss': '0.1574', 'grad_norm': '1.661', 'learning_rate': '5.469e-07', 'epoch': '29.27'}
{'eval_loss': '0.1993', 'eval_runtime': '16.01', 'eval_samples_per_second': '272.9', 'eval_steps_per_second': '2.874', 'epoch': '29.27'}
{'eval_loss': '0.1998', 'eval_runtime': '16.02', 'eval_samples_per_second': '272.7', 'eval_steps_per_second': '2.872', 'epoch': '30'}
{'train_runtime': '1.294e+04', 'train_samples_per_second': '91.17', 'train_steps_per_second': '0.951', 'train_loss': '0.9146', 'epoch': '30'}
Evaluating (Mean Loss)...
Calculating per-sequence surprisals...
Fold 9 Evaluation per token: 0.1966
Fold 9 Entropy per sequence: 7.4340

--- Starting Fold 10/10 ---
Fold 10 sizes: Train=39314, Eval=4368
Loading tokenizer...
Found 68 POS tags: ['-LRB-', '-RRB-', 'ADD', 'ADJP', 'ADVP', 'AFX', 'CC', 'CD', 'CONJP', 'DT', 'EX', 'FRAG', 'FW', 'HYPH', 'IN', 'INTJ', 'JJ', 'JJR', 'JJS', 'LS', 'LST', 'MD', 'NFP', 'NML', 'NN', 'NNP', 'NNPS', 'NNS', 'NP', 'PDT', 'POS', 'PP', 'PRN', 'PRP', 'PRP$', 'PRT', 'QP', 'RB', 'RBR', 'RBS', 'ROOT', 'RP', 'RRC', 'S', 'SBAR', 'SBARQ', 'SINV', 'SQ', 'SYM', 'TO', 'UCP', 'UH', 'VB', 'VBD', 'VBG', 'VBN', 'VBP', 'VBZ', 'VP', 'WDT', 'WHADJP', 'WHADVP', 'WHNP', 'WHPP', 'WP', 'WP$', 'WRB', 'X']
Found 0 phrase labels: []
Adding manual additions: ( ) # $ . , ''
Preprocessing...
Token length per parse sequence: 37.8658
Initializing DualEncoder model...
Loading  weights...
Missing keys: ['prosody_encoder.pos_table', 'prosody_encoder.mag_table', 'prosody_encoder.transformer.layers.0.self_attn.in_proj_weight', 'prosody_encoder.transformer.layers.0.self_attn.in_proj_bias', 'prosody_encoder.transformer.layers.0.self_attn.out_proj.weight', 'prosody_encoder.transformer.layers.0.self_attn.out_proj.bias', 'prosody_encoder.transformer.layers.0.linear1.weight', 'prosody_encoder.transformer.layers.0.linear1.bias', 'prosody_encoder.transformer.layers.0.linear2.weight', 'prosody_encoder.transformer.layers.0.linear2.bias', 'prosody_encoder.transformer.layers.0.norm1.weight', 'prosody_encoder.transformer.layers.0.norm1.bias', 'prosody_encoder.transformer.layers.0.norm2.weight', 'prosody_encoder.transformer.layers.0.norm2.bias', 'prosody_encoder.transformer.layers.1.self_attn.in_proj_weight', 'prosody_encoder.transformer.layers.1.self_attn.in_proj_bias', 'prosody_encoder.transformer.layers.1.self_attn.out_proj.weight', 'prosody_encoder.transformer.layers.1.self_attn.out_proj.bias', 'prosody_encoder.transformer.layers.1.linear1.weight', 'prosody_encoder.transformer.layers.1.linear1.bias', 'prosody_encoder.transformer.layers.1.linear2.weight', 'prosody_encoder.transformer.layers.1.linear2.bias', 'prosody_encoder.transformer.layers.1.norm1.weight', 'prosody_encoder.transformer.layers.1.norm1.bias', 'prosody_encoder.transformer.layers.1.norm2.weight', 'prosody_encoder.transformer.layers.1.norm2.bias', 'prosody_encoder.up_proj.weight', 'prosody_encoder.up_proj.bias', 'prosody_up.weight', 'prosody_up.bias', 'cross_attn.in_proj_weight', 'cross_attn.in_proj_bias', 'cross_attn.out_proj.weight', 'cross_attn.out_proj.bias', 'fusion_layer_norm.weight', 'fusion_layer_norm.bias']
Unexpected keys: []
Re-initializing decoder layer, to be trained from scratch
Training...
{'loss': '14.88', 'grad_norm': '93.24', 'learning_rate': '9.732e-05', 'epoch': '0.9756'}
{'eval_loss': '1.586', 'eval_runtime': '15.97', 'eval_samples_per_second': '273.5', 'eval_steps_per_second': '2.88', 'epoch': '0.9756'}
{'loss': '1.804', 'grad_norm': '94.42', 'learning_rate': '0.0001949', 'epoch': '1.951'}
{'eval_loss': '1.446', 'eval_runtime': '15.96', 'eval_samples_per_second': '273.7', 'eval_steps_per_second': '2.882', 'epoch': '1.951'}
{'loss': '1.245', 'grad_norm': '69.62', 'learning_rate': '0.0002924', 'epoch': '2.927'}
{'eval_loss': '0.629', 'eval_runtime': '15.98', 'eval_samples_per_second': '273.4', 'eval_steps_per_second': '2.879', 'epoch': '2.927'}
{'loss': '0.8774', 'grad_norm': '43.85', 'learning_rate': '0.0002992', 'epoch': '3.902'}
{'eval_loss': '0.5529', 'eval_runtime': '15.99', 'eval_samples_per_second': '273.2', 'eval_steps_per_second': '2.877', 'epoch': '3.902'}
{'loss': '0.7016', 'grad_norm': '62.28', 'learning_rate': '0.0002964', 'epoch': '4.878'}
{'eval_loss': '0.7887', 'eval_runtime': '16.05', 'eval_samples_per_second': '272.2', 'eval_steps_per_second': '2.866', 'epoch': '4.878'}
{'loss': '0.6685', 'grad_norm': '6.249', 'learning_rate': '0.0002918', 'epoch': '5.854'}
{'eval_loss': '0.5968', 'eval_runtime': '15.99', 'eval_samples_per_second': '273.2', 'eval_steps_per_second': '2.877', 'epoch': '5.854'}
{'loss': '0.6119', 'grad_norm': '9.58', 'learning_rate': '0.0002854', 'epoch': '6.829'}
{'eval_loss': '0.4883', 'eval_runtime': '15.98', 'eval_samples_per_second': '273.4', 'eval_steps_per_second': '2.879', 'epoch': '6.829'}
{'loss': '0.5627', 'grad_norm': '0.9018', 'learning_rate': '0.0002772', 'epoch': '7.805'}
{'eval_loss': '0.5142', 'eval_runtime': '15.96', 'eval_samples_per_second': '273.7', 'eval_steps_per_second': '2.882', 'epoch': '7.805'}
{'loss': '0.528', 'grad_norm': '15.57', 'learning_rate': '0.0002674', 'epoch': '8.78'}
{'eval_loss': '0.5161', 'eval_runtime': '15.96', 'eval_samples_per_second': '273.6', 'eval_steps_per_second': '2.882', 'epoch': '8.78'}
{'loss': '0.5202', 'grad_norm': '24.74', 'learning_rate': '0.000256', 'epoch': '9.756'}
{'eval_loss': '0.4785', 'eval_runtime': '15.98', 'eval_samples_per_second': '273.4', 'eval_steps_per_second': '2.879', 'epoch': '9.756'}
{'loss': '0.5056', 'grad_norm': '35.17', 'learning_rate': '0.0002433', 'epoch': '10.73'}
{'eval_loss': '0.5651', 'eval_runtime': '16', 'eval_samples_per_second': '273', 'eval_steps_per_second': '2.875', 'epoch': '10.73'}
{'loss': '0.4926', 'grad_norm': '8.978', 'learning_rate': '0.0002294', 'epoch': '11.71'}
{'eval_loss': '0.473', 'eval_runtime': '15.97', 'eval_samples_per_second': '273.5', 'eval_steps_per_second': '2.88', 'epoch': '11.71'}
{'loss': '0.4733', 'grad_norm': '2.512', 'learning_rate': '0.0002145', 'epoch': '12.68'}
{'eval_loss': '0.4343', 'eval_runtime': '15.99', 'eval_samples_per_second': '273.2', 'eval_steps_per_second': '2.877', 'epoch': '12.68'}
{'loss': '0.4751', 'grad_norm': '3.788', 'learning_rate': '0.0001987', 'epoch': '13.66'}
{'eval_loss': '0.4168', 'eval_runtime': '15.99', 'eval_samples_per_second': '273.2', 'eval_steps_per_second': '2.877', 'epoch': '13.66'}
{'loss': '0.4601', 'grad_norm': '12.71', 'learning_rate': '0.0001824', 'epoch': '14.63'}
{'eval_loss': '0.4204', 'eval_runtime': '15.99', 'eval_samples_per_second': '273.2', 'eval_steps_per_second': '2.878', 'epoch': '14.63'}
{'loss': '0.4325', 'grad_norm': '1.201', 'learning_rate': '0.0001656', 'epoch': '15.61'}
{'eval_loss': '0.3964', 'eval_runtime': '16.12', 'eval_samples_per_second': '270.9', 'eval_steps_per_second': '2.853', 'epoch': '15.61'}
{'loss': '0.4217', 'grad_norm': '1.036', 'learning_rate': '0.0001486', 'epoch': '16.59'}
{'eval_loss': '0.3869', 'eval_runtime': '15.97', 'eval_samples_per_second': '273.5', 'eval_steps_per_second': '2.88', 'epoch': '16.59'}
{'loss': '0.3924', 'grad_norm': '10.44', 'learning_rate': '0.0001316', 'epoch': '17.56'}
{'eval_loss': '0.4055', 'eval_runtime': '16', 'eval_samples_per_second': '273', 'eval_steps_per_second': '2.875', 'epoch': '17.56'}
{'loss': '0.3821', 'grad_norm': '1.635', 'learning_rate': '0.0001148', 'epoch': '18.54'}
{'eval_loss': '0.3393', 'eval_runtime': '15.98', 'eval_samples_per_second': '273.4', 'eval_steps_per_second': '2.879', 'epoch': '18.54'}
{'loss': '0.3492', 'grad_norm': '1.615', 'learning_rate': '9.854e-05', 'epoch': '19.51'}
{'eval_loss': '0.3285', 'eval_runtime': '15.97', 'eval_samples_per_second': '273.4', 'eval_steps_per_second': '2.88', 'epoch': '19.51'}
{'loss': '0.3214', 'grad_norm': '16.03', 'learning_rate': '8.291e-05', 'epoch': '20.49'}
{'eval_loss': '0.3681', 'eval_runtime': '15.99', 'eval_samples_per_second': '273.1', 'eval_steps_per_second': '2.876', 'epoch': '20.49'}
{'loss': '0.3042', 'grad_norm': '9.923', 'learning_rate': '6.814e-05', 'epoch': '21.46'}
{'eval_loss': '0.2808', 'eval_runtime': '15.97', 'eval_samples_per_second': '273.5', 'eval_steps_per_second': '2.881', 'epoch': '21.46'}
{'loss': '0.2759', 'grad_norm': '2.556', 'learning_rate': '5.443e-05', 'epoch': '22.44'}
{'eval_loss': '0.2606', 'eval_runtime': '15.99', 'eval_samples_per_second': '273.1', 'eval_steps_per_second': '2.876', 'epoch': '22.44'}
{'loss': '0.2583', 'grad_norm': '1.443', 'learning_rate': '4.195e-05', 'epoch': '23.41'}
{'eval_loss': '0.2536', 'eval_runtime': '15.98', 'eval_samples_per_second': '273.3', 'eval_steps_per_second': '2.878', 'epoch': '23.41'}
{'loss': '0.2387', 'grad_norm': '0.6603', 'learning_rate': '3.086e-05', 'epoch': '24.39'}
{'eval_loss': '0.2493', 'eval_runtime': '15.99', 'eval_samples_per_second': '273.3', 'eval_steps_per_second': '2.878', 'epoch': '24.39'}
{'loss': '0.2278', 'grad_norm': '1.94', 'learning_rate': '2.13e-05', 'epoch': '25.37'}
{'eval_loss': '0.2435', 'eval_runtime': '16', 'eval_samples_per_second': '272.9', 'eval_steps_per_second': '2.874', 'epoch': '25.37'}
{'loss': '0.2203', 'grad_norm': '3.668', 'learning_rate': '1.34e-05', 'epoch': '26.34'}
{'eval_loss': '0.2474', 'eval_runtime': '16', 'eval_samples_per_second': '273', 'eval_steps_per_second': '2.875', 'epoch': '26.34'}
{'loss': '0.2162', 'grad_norm': '2.542', 'learning_rate': '7.263e-06', 'epoch': '27.32'}
{'eval_loss': '0.2425', 'eval_runtime': '15.98', 'eval_samples_per_second': '273.3', 'eval_steps_per_second': '2.878', 'epoch': '27.32'}
{'loss': '0.2117', 'grad_norm': '1.332', 'learning_rate': '2.958e-06', 'epoch': '28.29'}
{'eval_loss': '0.2396', 'eval_runtime': '15.98', 'eval_samples_per_second': '273.4', 'eval_steps_per_second': '2.879', 'epoch': '28.29'}
{'loss': '0.2116', 'grad_norm': '1.33', 'learning_rate': '5.469e-07', 'epoch': '29.27'}
{'eval_loss': '0.2386', 'eval_runtime': '15.98', 'eval_samples_per_second': '273.3', 'eval_steps_per_second': '2.878', 'epoch': '29.27'}
{'eval_loss': '0.2382', 'eval_runtime': '15.99', 'eval_samples_per_second': '273.2', 'eval_steps_per_second': '2.877', 'epoch': '30'}
{'train_runtime': '1.301e+04', 'train_samples_per_second': '90.64', 'train_steps_per_second': '0.945', 'train_loss': '0.9572', 'epoch': '30'}
Evaluating (Mean Loss)...
Calculating per-sequence surprisals...
Fold 10 Evaluation per token: 0.2382
Fold 10 Entropy per sequence: 9.0213
Saving detailed results...
Saved per-sequence surprisals to /home/jm3743/prosody-syntax-interface/outputs/libri_text_pause_dyck/cross_validation_results.csv
Global Mean Surprisal: 9.3048

--- Cross-Validation Results ---
Individual Fold Metrics: [8.187553964134047, 14.313037412230441, 8.087455678471935, 8.168308482802177, 7.805206530041747, 10.678179681833301, 10.138837858434124, 8.285370615416722, 7.434005965570828, 9.021288227153457]
Mean Metric (Entropy/Loss): 9.2119
Standard Deviation: 1.9613
Variance: 3.8468
GPU Verified: NVIDIA H100 80GB HBM3 (Allocated: 1 device(s))
Loading data...
Loaded 43682 examples.

--- Starting Fold 1/10 ---
Fold 1 sizes: Train=39313, Eval=4369
Loading tokenizer...
Found 68 POS tags: ['-LRB-', '-RRB-', 'ADD', 'ADJP', 'ADVP', 'AFX', 'CC', 'CD', 'CONJP', 'DT', 'EX', 'FRAG', 'FW', 'HYPH', 'IN', 'INTJ', 'JJ', 'JJR', 'JJS', 'LS', 'LST', 'MD', 'NFP', 'NML', 'NN', 'NNP', 'NNPS', 'NNS', 'NP', 'PDT', 'POS', 'PP', 'PRN', 'PRP', 'PRP$', 'PRT', 'QP', 'RB', 'RBR', 'RBS', 'ROOT', 'RP', 'RRC', 'S', 'SBAR', 'SBARQ', 'SINV', 'SQ', 'SYM', 'TO', 'UCP', 'UH', 'VB', 'VBD', 'VBG', 'VBN', 'VBP', 'VBZ', 'VP', 'WDT', 'WHADJP', 'WHADVP', 'WHNP', 'WHPP', 'WP', 'WP$', 'WRB', 'X']
Found 0 phrase labels: []
Adding manual additions: ( ) # $ . , ''
Preprocessing...
Token length per parse sequence: 37.6812
Initializing DualEncoder model...
Loading  weights...
Missing keys: ['prosody_encoder.pos_table', 'prosody_encoder.mag_table', 'prosody_encoder.transformer.layers.0.self_attn.in_proj_weight', 'prosody_encoder.transformer.layers.0.self_attn.in_proj_bias', 'prosody_encoder.transformer.layers.0.self_attn.out_proj.weight', 'prosody_encoder.transformer.layers.0.self_attn.out_proj.bias', 'prosody_encoder.transformer.layers.0.linear1.weight', 'prosody_encoder.transformer.layers.0.linear1.bias', 'prosody_encoder.transformer.layers.0.linear2.weight', 'prosody_encoder.transformer.layers.0.linear2.bias', 'prosody_encoder.transformer.layers.0.norm1.weight', 'prosody_encoder.transformer.layers.0.norm1.bias', 'prosody_encoder.transformer.layers.0.norm2.weight', 'prosody_encoder.transformer.layers.0.norm2.bias', 'prosody_encoder.transformer.layers.1.self_attn.in_proj_weight', 'prosody_encoder.transformer.layers.1.self_attn.in_proj_bias', 'prosody_encoder.transformer.layers.1.self_attn.out_proj.weight', 'prosody_encoder.transformer.layers.1.self_attn.out_proj.bias', 'prosody_encoder.transformer.layers.1.linear1.weight', 'prosody_encoder.transformer.layers.1.linear1.bias', 'prosody_encoder.transformer.layers.1.linear2.weight', 'prosody_encoder.transformer.layers.1.linear2.bias', 'prosody_encoder.transformer.layers.1.norm1.weight', 'prosody_encoder.transformer.layers.1.norm1.bias', 'prosody_encoder.transformer.layers.1.norm2.weight', 'prosody_encoder.transformer.layers.1.norm2.bias', 'prosody_encoder.up_proj.weight', 'prosody_encoder.up_proj.bias', 'prosody_up.weight', 'prosody_up.bias', 'cross_attn.in_proj_weight', 'cross_attn.in_proj_bias', 'cross_attn.out_proj.weight', 'cross_attn.out_proj.bias', 'fusion_layer_norm.weight', 'fusion_layer_norm.bias']
Unexpected keys: []
Re-initializing decoder layer, to be trained from scratch
Training...
{'loss': '15.24', 'grad_norm': '22.85', 'learning_rate': '5.839e-05', 'epoch': '0.9756'}
{'eval_loss': '1.106', 'eval_runtime': '16.11', 'eval_samples_per_second': '271.2', 'eval_steps_per_second': '2.856', 'epoch': '0.9756'}
{'loss': '1.76', 'grad_norm': '4.253', 'learning_rate': '0.0001169', 'epoch': '1.951'}
{'eval_loss': '0.9511', 'eval_runtime': '16.08', 'eval_samples_per_second': '271.7', 'eval_steps_per_second': '2.86', 'epoch': '1.951'}
{'loss': '1.261', 'grad_norm': '12.11', 'learning_rate': '0.0001755', 'epoch': '2.927'}
{'eval_loss': '0.5909', 'eval_runtime': '16.21', 'eval_samples_per_second': '269.5', 'eval_steps_per_second': '2.838', 'epoch': '2.927'}
{'loss': '0.9684', 'grad_norm': '39.66', 'learning_rate': '0.000234', 'epoch': '3.902'}
{'eval_loss': '0.5851', 'eval_runtime': '15.97', 'eval_samples_per_second': '273.6', 'eval_steps_per_second': '2.881', 'epoch': '3.902'}
{'loss': '0.7936', 'grad_norm': '31.38', 'learning_rate': '0.0002925', 'epoch': '4.878'}
{'eval_loss': '0.5567', 'eval_runtime': '16.01', 'eval_samples_per_second': '272.9', 'eval_steps_per_second': '2.873', 'epoch': '4.878'}
{'loss': '0.6474', 'grad_norm': '20.59', 'learning_rate': '0.0002997', 'epoch': '5.854'}
{'eval_loss': '0.5556', 'eval_runtime': '16.1', 'eval_samples_per_second': '271.4', 'eval_steps_per_second': '2.857', 'epoch': '5.854'}
{'loss': '0.5972', 'grad_norm': '11.57', 'learning_rate': '0.0002988', 'epoch': '6.829'}
{'eval_loss': '0.5498', 'eval_runtime': '15.97', 'eval_samples_per_second': '273.5', 'eval_steps_per_second': '2.88', 'epoch': '6.829'}
{'loss': '0.5754', 'grad_norm': '24.99', 'learning_rate': '0.0002971', 'epoch': '7.805'}
{'eval_loss': '0.6749', 'eval_runtime': '16.05', 'eval_samples_per_second': '272.3', 'eval_steps_per_second': '2.867', 'epoch': '7.805'}
{'loss': '0.5582', 'grad_norm': '8.604', 'learning_rate': '0.0002948', 'epoch': '8.78'}
{'eval_loss': '0.4764', 'eval_runtime': '15.96', 'eval_samples_per_second': '273.8', 'eval_steps_per_second': '2.883', 'epoch': '8.78'}
{'loss': '0.5315', 'grad_norm': '8.4', 'learning_rate': '0.0002918', 'epoch': '9.756'}
{'eval_loss': '0.4675', 'eval_runtime': '15.96', 'eval_samples_per_second': '273.8', 'eval_steps_per_second': '2.883', 'epoch': '9.756'}
{'loss': '0.5071', 'grad_norm': '19.85', 'learning_rate': '0.0002882', 'epoch': '10.73'}
{'eval_loss': '0.474', 'eval_runtime': '15.97', 'eval_samples_per_second': '273.6', 'eval_steps_per_second': '2.881', 'epoch': '10.73'}
{'loss': '0.5047', 'grad_norm': '7.937', 'learning_rate': '0.0002839', 'epoch': '11.71'}
{'eval_loss': '0.4685', 'eval_runtime': '16.07', 'eval_samples_per_second': '271.9', 'eval_steps_per_second': '2.863', 'epoch': '11.71'}
{'loss': '0.486', 'grad_norm': '1.684', 'learning_rate': '0.0002789', 'epoch': '12.68'}
{'eval_loss': '0.4335', 'eval_runtime': '15.97', 'eval_samples_per_second': '273.5', 'eval_steps_per_second': '2.88', 'epoch': '12.68'}
{'loss': '0.4741', 'grad_norm': '2.046', 'learning_rate': '0.0002734', 'epoch': '13.66'}
{'eval_loss': '0.4247', 'eval_runtime': '15.98', 'eval_samples_per_second': '273.5', 'eval_steps_per_second': '2.879', 'epoch': '13.66'}
{'loss': '0.4743', 'grad_norm': '4.785', 'learning_rate': '0.0002673', 'epoch': '14.63'}
{'eval_loss': '0.443', 'eval_runtime': '15.96', 'eval_samples_per_second': '273.8', 'eval_steps_per_second': '2.883', 'epoch': '14.63'}
{'loss': '0.4693', 'grad_norm': '1.07', 'learning_rate': '0.0002607', 'epoch': '15.61'}
{'eval_loss': '0.4159', 'eval_runtime': '16.11', 'eval_samples_per_second': '271.2', 'eval_steps_per_second': '2.855', 'epoch': '15.61'}
{'loss': '0.4523', 'grad_norm': '0.7335', 'learning_rate': '0.0002536', 'epoch': '16.59'}
{'eval_loss': '0.4148', 'eval_runtime': '15.96', 'eval_samples_per_second': '273.7', 'eval_steps_per_second': '2.882', 'epoch': '16.59'}
{'loss': '0.4515', 'grad_norm': '10.86', 'learning_rate': '0.0002459', 'epoch': '17.56'}
{'eval_loss': '0.4189', 'eval_runtime': '16.03', 'eval_samples_per_second': '272.6', 'eval_steps_per_second': '2.87', 'epoch': '17.56'}
{'loss': '0.4209', 'grad_norm': '2.841', 'learning_rate': '0.0002379', 'epoch': '18.54'}
{'eval_loss': '0.5002', 'eval_runtime': '15.96', 'eval_samples_per_second': '273.8', 'eval_steps_per_second': '2.883', 'epoch': '18.54'}
{'loss': '0.4171', 'grad_norm': '7.441', 'learning_rate': '0.0002294', 'epoch': '19.51'}
{'eval_loss': '0.413', 'eval_runtime': '15.99', 'eval_samples_per_second': '273.3', 'eval_steps_per_second': '2.877', 'epoch': '19.51'}
{'loss': '0.3938', 'grad_norm': '13.42', 'learning_rate': '0.0002206', 'epoch': '20.49'}
{'eval_loss': '0.3371', 'eval_runtime': '15.99', 'eval_samples_per_second': '273.2', 'eval_steps_per_second': '2.877', 'epoch': '20.49'}
{'loss': '0.3609', 'grad_norm': '3.943', 'learning_rate': '0.0002114', 'epoch': '21.46'}
{'eval_loss': '0.3253', 'eval_runtime': '15.98', 'eval_samples_per_second': '273.4', 'eval_steps_per_second': '2.878', 'epoch': '21.46'}
{'loss': '0.346', 'grad_norm': '14.64', 'learning_rate': '0.0002019', 'epoch': '22.44'}
{'eval_loss': '0.3337', 'eval_runtime': '15.98', 'eval_samples_per_second': '273.4', 'eval_steps_per_second': '2.879', 'epoch': '22.44'}
{'loss': '0.3063', 'grad_norm': '8.689', 'learning_rate': '0.0001922', 'epoch': '23.41'}
{'eval_loss': '0.2681', 'eval_runtime': '15.97', 'eval_samples_per_second': '273.6', 'eval_steps_per_second': '2.88', 'epoch': '23.41'}
{'loss': '0.2828', 'grad_norm': '29.8', 'learning_rate': '0.0001823', 'epoch': '24.39'}
{'eval_loss': '0.4382', 'eval_runtime': '16.26', 'eval_samples_per_second': '268.7', 'eval_steps_per_second': '2.829', 'epoch': '24.39'}
{'loss': '0.2628', 'grad_norm': '1.985', 'learning_rate': '0.0001723', 'epoch': '25.37'}
{'eval_loss': '0.2251', 'eval_runtime': '15.97', 'eval_samples_per_second': '273.5', 'eval_steps_per_second': '2.88', 'epoch': '25.37'}
{'loss': '0.2381', 'grad_norm': '14.18', 'learning_rate': '0.0001621', 'epoch': '26.34'}
{'eval_loss': '0.2717', 'eval_runtime': '15.99', 'eval_samples_per_second': '273.2', 'eval_steps_per_second': '2.877', 'epoch': '26.34'}
{'loss': '0.218', 'grad_norm': '3.345', 'learning_rate': '0.0001519', 'epoch': '27.32'}
{'eval_loss': '0.2309', 'eval_runtime': '15.98', 'eval_samples_per_second': '273.4', 'eval_steps_per_second': '2.878', 'epoch': '27.32'}
{'loss': '0.1996', 'grad_norm': '4.193', 'learning_rate': '0.0001417', 'epoch': '28.29'}
{'eval_loss': '0.1947', 'eval_runtime': '15.96', 'eval_samples_per_second': '273.8', 'eval_steps_per_second': '2.883', 'epoch': '28.29'}
{'loss': '0.1803', 'grad_norm': '4.677', 'learning_rate': '0.0001316', 'epoch': '29.27'}
{'eval_loss': '0.194', 'eval_runtime': '15.97', 'eval_samples_per_second': '273.5', 'eval_steps_per_second': '2.879', 'epoch': '29.27'}
{'loss': '0.1747', 'grad_norm': '3.102', 'learning_rate': '0.0001215', 'epoch': '30.24'}
{'eval_loss': '0.188', 'eval_runtime': '15.96', 'eval_samples_per_second': '273.7', 'eval_steps_per_second': '2.882', 'epoch': '30.24'}
{'loss': '0.1536', 'grad_norm': '1.59', 'learning_rate': '0.0001115', 'epoch': '31.22'}
{'eval_loss': '0.1948', 'eval_runtime': '15.96', 'eval_samples_per_second': '273.8', 'eval_steps_per_second': '2.883', 'epoch': '31.22'}
{'loss': '0.1456', 'grad_norm': '0.5184', 'learning_rate': '0.0001017', 'epoch': '32.2'}
{'eval_loss': '0.1753', 'eval_runtime': '15.96', 'eval_samples_per_second': '273.8', 'eval_steps_per_second': '2.882', 'epoch': '32.2'}
{'loss': '0.1361', 'grad_norm': '0.7308', 'learning_rate': '9.218e-05', 'epoch': '33.17'}
{'eval_loss': '0.1885', 'eval_runtime': '15.96', 'eval_samples_per_second': '273.8', 'eval_steps_per_second': '2.883', 'epoch': '33.17'}
{'loss': '0.13', 'grad_norm': '1.809', 'learning_rate': '8.289e-05', 'epoch': '34.15'}
{'eval_loss': '0.175', 'eval_runtime': '15.96', 'eval_samples_per_second': '273.8', 'eval_steps_per_second': '2.883', 'epoch': '34.15'}
{'loss': '0.1241', 'grad_norm': '1.45', 'learning_rate': '7.392e-05', 'epoch': '35.12'}
{'eval_loss': '0.1909', 'eval_runtime': '16.06', 'eval_samples_per_second': '272.1', 'eval_steps_per_second': '2.865', 'epoch': '35.12'}
{'loss': '0.1184', 'grad_norm': '0.9816', 'learning_rate': '6.53e-05', 'epoch': '36.1'}
{'eval_loss': '0.1843', 'eval_runtime': '16.12', 'eval_samples_per_second': '271', 'eval_steps_per_second': '2.853', 'epoch': '36.1'}
{'loss': '0.114', 'grad_norm': '1.276', 'learning_rate': '5.707e-05', 'epoch': '37.07'}
{'eval_loss': '0.1826', 'eval_runtime': '16.11', 'eval_samples_per_second': '271.2', 'eval_steps_per_second': '2.855', 'epoch': '37.07'}
{'loss': '0.1105', 'grad_norm': '1.236', 'learning_rate': '4.927e-05', 'epoch': '38.05'}
{'eval_loss': '0.191', 'eval_runtime': '16.11', 'eval_samples_per_second': '271.1', 'eval_steps_per_second': '2.855', 'epoch': '38.05'}
{'loss': '0.1072', 'grad_norm': '2.019', 'learning_rate': '4.194e-05', 'epoch': '39.02'}
{'eval_loss': '0.1862', 'eval_runtime': '16.12', 'eval_samples_per_second': '271.1', 'eval_steps_per_second': '2.854', 'epoch': '39.02'}
{'train_runtime': '1.685e+04', 'train_samples_per_second': '116.7', 'train_steps_per_second': '1.217', 'train_loss': '0.7923', 'epoch': '39.02'}
Evaluating (Mean Loss)...
Calculating per-sequence surprisals...
Fold 1 Evaluation per token: 0.1750
Fold 1 Entropy per sequence: 6.5952

--- Starting Fold 2/10 ---
Fold 2 sizes: Train=39313, Eval=4369
Loading tokenizer...
Found 68 POS tags: ['-LRB-', '-RRB-', 'ADD', 'ADJP', 'ADVP', 'AFX', 'CC', 'CD', 'CONJP', 'DT', 'EX', 'FRAG', 'FW', 'HYPH', 'IN', 'INTJ', 'JJ', 'JJR', 'JJS', 'LS', 'LST', 'MD', 'NFP', 'NML', 'NN', 'NNP', 'NNPS', 'NNS', 'NP', 'PDT', 'POS', 'PP', 'PRN', 'PRP', 'PRP$', 'PRT', 'QP', 'RB', 'RBR', 'RBS', 'ROOT', 'RP', 'RRC', 'S', 'SBAR', 'SBARQ', 'SINV', 'SQ', 'SYM', 'TO', 'UCP', 'UH', 'VB', 'VBD', 'VBG', 'VBN', 'VBP', 'VBZ', 'VP', 'WDT', 'WHADJP', 'WHADVP', 'WHNP', 'WHPP', 'WP', 'WP$', 'WRB', 'X']
Found 0 phrase labels: []
Adding manual additions: ( ) # $ . , ''
Preprocessing...
Token length per parse sequence: 37.9421
Initializing DualEncoder model...
Loading  weights...
Missing keys: ['prosody_encoder.pos_table', 'prosody_encoder.mag_table', 'prosody_encoder.transformer.layers.0.self_attn.in_proj_weight', 'prosody_encoder.transformer.layers.0.self_attn.in_proj_bias', 'prosody_encoder.transformer.layers.0.self_attn.out_proj.weight', 'prosody_encoder.transformer.layers.0.self_attn.out_proj.bias', 'prosody_encoder.transformer.layers.0.linear1.weight', 'prosody_encoder.transformer.layers.0.linear1.bias', 'prosody_encoder.transformer.layers.0.linear2.weight', 'prosody_encoder.transformer.layers.0.linear2.bias', 'prosody_encoder.transformer.layers.0.norm1.weight', 'prosody_encoder.transformer.layers.0.norm1.bias', 'prosody_encoder.transformer.layers.0.norm2.weight', 'prosody_encoder.transformer.layers.0.norm2.bias', 'prosody_encoder.transformer.layers.1.self_attn.in_proj_weight', 'prosody_encoder.transformer.layers.1.self_attn.in_proj_bias', 'prosody_encoder.transformer.layers.1.self_attn.out_proj.weight', 'prosody_encoder.transformer.layers.1.self_attn.out_proj.bias', 'prosody_encoder.transformer.layers.1.linear1.weight', 'prosody_encoder.transformer.layers.1.linear1.bias', 'prosody_encoder.transformer.layers.1.linear2.weight', 'prosody_encoder.transformer.layers.1.linear2.bias', 'prosody_encoder.transformer.layers.1.norm1.weight', 'prosody_encoder.transformer.layers.1.norm1.bias', 'prosody_encoder.transformer.layers.1.norm2.weight', 'prosody_encoder.transformer.layers.1.norm2.bias', 'prosody_encoder.up_proj.weight', 'prosody_encoder.up_proj.bias', 'prosody_up.weight', 'prosody_up.bias', 'cross_attn.in_proj_weight', 'cross_attn.in_proj_bias', 'cross_attn.out_proj.weight', 'cross_attn.out_proj.bias', 'fusion_layer_norm.weight', 'fusion_layer_norm.bias']
Unexpected keys: []
Re-initializing decoder layer, to be trained from scratch
Training...
{'loss': '13.28', 'grad_norm': '20.61', 'learning_rate': '5.839e-05', 'epoch': '0.9756'}
{'eval_loss': '0.91', 'eval_runtime': '16.14', 'eval_samples_per_second': '270.7', 'eval_steps_per_second': '2.85', 'epoch': '0.9756'}
{'loss': '1.795', 'grad_norm': '80.83', 'learning_rate': '0.0001169', 'epoch': '1.951'}
{'eval_loss': '0.9751', 'eval_runtime': '16.14', 'eval_samples_per_second': '270.7', 'eval_steps_per_second': '2.85', 'epoch': '1.951'}
{'loss': '1.241', 'grad_norm': '76.75', 'learning_rate': '0.0001755', 'epoch': '2.927'}
{'eval_loss': '0.7612', 'eval_runtime': '16.25', 'eval_samples_per_second': '268.9', 'eval_steps_per_second': '2.831', 'epoch': '2.927'}
{'loss': '0.9622', 'grad_norm': '33.66', 'learning_rate': '0.000234', 'epoch': '3.902'}
{'eval_loss': '0.8051', 'eval_runtime': '16.15', 'eval_samples_per_second': '270.5', 'eval_steps_per_second': '2.848', 'epoch': '3.902'}
{'loss': '0.7918', 'grad_norm': '28.41', 'learning_rate': '0.0002925', 'epoch': '4.878'}
{'eval_loss': '0.9658', 'eval_runtime': '16.39', 'eval_samples_per_second': '266.5', 'eval_steps_per_second': '2.806', 'epoch': '4.878'}
{'loss': '0.666', 'grad_norm': '15.49', 'learning_rate': '0.0002997', 'epoch': '5.854'}
{'eval_loss': '0.5053', 'eval_runtime': '16.25', 'eval_samples_per_second': '268.9', 'eval_steps_per_second': '2.831', 'epoch': '5.854'}
{'loss': '0.6207', 'grad_norm': '17.43', 'learning_rate': '0.0002988', 'epoch': '6.829'}
{'eval_loss': '0.5431', 'eval_runtime': '16.43', 'eval_samples_per_second': '265.9', 'eval_steps_per_second': '2.799', 'epoch': '6.829'}
{'loss': '0.5657', 'grad_norm': '19.78', 'learning_rate': '0.0002971', 'epoch': '7.805'}
{'eval_loss': '0.4785', 'eval_runtime': '16.28', 'eval_samples_per_second': '268.4', 'eval_steps_per_second': '2.825', 'epoch': '7.805'}
{'loss': '0.5511', 'grad_norm': '5.518', 'learning_rate': '0.0002948', 'epoch': '8.78'}
{'eval_loss': '0.4949', 'eval_runtime': '16.44', 'eval_samples_per_second': '265.7', 'eval_steps_per_second': '2.798', 'epoch': '8.78'}
{'loss': '0.5128', 'grad_norm': '17.37', 'learning_rate': '0.0002918', 'epoch': '9.756'}
{'eval_loss': '0.4702', 'eval_runtime': '16.13', 'eval_samples_per_second': '270.8', 'eval_steps_per_second': '2.852', 'epoch': '9.756'}
{'loss': '0.5043', 'grad_norm': '6.438', 'learning_rate': '0.0002882', 'epoch': '10.73'}
{'eval_loss': '0.4517', 'eval_runtime': '16.41', 'eval_samples_per_second': '266.2', 'eval_steps_per_second': '2.803', 'epoch': '10.73'}
{'loss': '0.4854', 'grad_norm': '3.837', 'learning_rate': '0.0002839', 'epoch': '11.71'}
{'eval_loss': '0.4376', 'eval_runtime': '16.12', 'eval_samples_per_second': '271', 'eval_steps_per_second': '2.853', 'epoch': '11.71'}
{'loss': '0.4788', 'grad_norm': '15.96', 'learning_rate': '0.0002789', 'epoch': '12.68'}
{'eval_loss': '0.4792', 'eval_runtime': '16.36', 'eval_samples_per_second': '267.1', 'eval_steps_per_second': '2.812', 'epoch': '12.68'}
{'loss': '0.4747', 'grad_norm': '38.37', 'learning_rate': '0.0002734', 'epoch': '13.66'}
{'eval_loss': '0.5671', 'eval_runtime': '16.12', 'eval_samples_per_second': '271', 'eval_steps_per_second': '2.854', 'epoch': '13.66'}
{'loss': '0.4722', 'grad_norm': '7.838', 'learning_rate': '0.0002673', 'epoch': '14.63'}
{'eval_loss': '0.4681', 'eval_runtime': '16.11', 'eval_samples_per_second': '271.2', 'eval_steps_per_second': '2.855', 'epoch': '14.63'}
{'loss': '0.4605', 'grad_norm': '1.038', 'learning_rate': '0.0002607', 'epoch': '15.61'}
{'eval_loss': '0.4215', 'eval_runtime': '16.25', 'eval_samples_per_second': '268.9', 'eval_steps_per_second': '2.831', 'epoch': '15.61'}
{'loss': '0.4566', 'grad_norm': '25.33', 'learning_rate': '0.0002536', 'epoch': '16.59'}
{'eval_loss': '0.4431', 'eval_runtime': '16.23', 'eval_samples_per_second': '269.2', 'eval_steps_per_second': '2.835', 'epoch': '16.59'}
{'loss': '0.4503', 'grad_norm': '8.276', 'learning_rate': '0.0002459', 'epoch': '17.56'}
{'eval_loss': '0.4341', 'eval_runtime': '16.36', 'eval_samples_per_second': '267.1', 'eval_steps_per_second': '2.812', 'epoch': '17.56'}
{'loss': '0.4372', 'grad_norm': '1.277', 'learning_rate': '0.0002379', 'epoch': '18.54'}
{'eval_loss': '0.4124', 'eval_runtime': '16.11', 'eval_samples_per_second': '271.1', 'eval_steps_per_second': '2.854', 'epoch': '18.54'}
{'loss': '0.4283', 'grad_norm': '3.102', 'learning_rate': '0.0002294', 'epoch': '19.51'}
{'eval_loss': '0.3848', 'eval_runtime': '16.11', 'eval_samples_per_second': '271.1', 'eval_steps_per_second': '2.855', 'epoch': '19.51'}
{'loss': '0.4165', 'grad_norm': '1.499', 'learning_rate': '0.0002206', 'epoch': '20.49'}
{'eval_loss': '0.3734', 'eval_runtime': '16.13', 'eval_samples_per_second': '270.9', 'eval_steps_per_second': '2.852', 'epoch': '20.49'}
{'loss': '0.4132', 'grad_norm': '20.56', 'learning_rate': '0.0002114', 'epoch': '21.46'}
{'eval_loss': '0.3775', 'eval_runtime': '16.12', 'eval_samples_per_second': '271', 'eval_steps_per_second': '2.853', 'epoch': '21.46'}
{'loss': '0.3807', 'grad_norm': '3.035', 'learning_rate': '0.0002019', 'epoch': '22.44'}
{'eval_loss': '0.3533', 'eval_runtime': '16.09', 'eval_samples_per_second': '271.6', 'eval_steps_per_second': '2.859', 'epoch': '22.44'}
{'loss': '0.3639', 'grad_norm': '5.088', 'learning_rate': '0.0001922', 'epoch': '23.41'}
{'eval_loss': '0.3267', 'eval_runtime': '16.09', 'eval_samples_per_second': '271.6', 'eval_steps_per_second': '2.859', 'epoch': '23.41'}
{'loss': '0.3425', 'grad_norm': '10.7', 'learning_rate': '0.0001823', 'epoch': '24.39'}
{'eval_loss': '0.3237', 'eval_runtime': '16.2', 'eval_samples_per_second': '269.7', 'eval_steps_per_second': '2.84', 'epoch': '24.39'}
{'loss': '0.3182', 'grad_norm': '15.19', 'learning_rate': '0.0001723', 'epoch': '25.37'}
{'eval_loss': '0.2815', 'eval_runtime': '16.4', 'eval_samples_per_second': '266.4', 'eval_steps_per_second': '2.805', 'epoch': '25.37'}
{'loss': '0.303', 'grad_norm': '4.537', 'learning_rate': '0.0001621', 'epoch': '26.34'}
{'eval_loss': '0.261', 'eval_runtime': '16.13', 'eval_samples_per_second': '270.8', 'eval_steps_per_second': '2.851', 'epoch': '26.34'}
{'loss': '0.2808', 'grad_norm': '16.2', 'learning_rate': '0.0001519', 'epoch': '27.32'}
{'eval_loss': '0.2502', 'eval_runtime': '15.96', 'eval_samples_per_second': '273.7', 'eval_steps_per_second': '2.882', 'epoch': '27.32'}
{'loss': '0.2581', 'grad_norm': '13.31', 'learning_rate': '0.0001417', 'epoch': '28.29'}
{'eval_loss': '0.2501', 'eval_runtime': '16.04', 'eval_samples_per_second': '272.3', 'eval_steps_per_second': '2.867', 'epoch': '28.29'}
{'loss': '0.2412', 'grad_norm': '1.499', 'learning_rate': '0.0001316', 'epoch': '29.27'}
{'eval_loss': '0.2181', 'eval_runtime': '16.07', 'eval_samples_per_second': '271.9', 'eval_steps_per_second': '2.863', 'epoch': '29.27'}
{'loss': '0.2195', 'grad_norm': '7.526', 'learning_rate': '0.0001215', 'epoch': '30.24'}
{'eval_loss': '0.214', 'eval_runtime': '16.06', 'eval_samples_per_second': '272', 'eval_steps_per_second': '2.864', 'epoch': '30.24'}
{'loss': '0.2083', 'grad_norm': '6.288', 'learning_rate': '0.0001115', 'epoch': '31.22'}
{'eval_loss': '0.1983', 'eval_runtime': '16.05', 'eval_samples_per_second': '272.2', 'eval_steps_per_second': '2.866', 'epoch': '31.22'}
{'loss': '0.1951', 'grad_norm': '7.214', 'learning_rate': '0.0001017', 'epoch': '32.2'}
{'eval_loss': '0.2668', 'eval_runtime': '16.06', 'eval_samples_per_second': '272.1', 'eval_steps_per_second': '2.865', 'epoch': '32.2'}
{'loss': '0.1879', 'grad_norm': '1.557', 'learning_rate': '9.218e-05', 'epoch': '33.17'}
{'eval_loss': '0.1994', 'eval_runtime': '16.05', 'eval_samples_per_second': '272.2', 'eval_steps_per_second': '2.866', 'epoch': '33.17'}
{'loss': '0.1731', 'grad_norm': '5.517', 'learning_rate': '8.289e-05', 'epoch': '34.15'}
{'eval_loss': '0.1963', 'eval_runtime': '16.06', 'eval_samples_per_second': '272.1', 'eval_steps_per_second': '2.865', 'epoch': '34.15'}
{'loss': '0.1623', 'grad_norm': '2.453', 'learning_rate': '7.392e-05', 'epoch': '35.12'}
{'eval_loss': '0.1886', 'eval_runtime': '16.05', 'eval_samples_per_second': '272.2', 'eval_steps_per_second': '2.866', 'epoch': '35.12'}
{'loss': '0.154', 'grad_norm': '6.549', 'learning_rate': '6.53e-05', 'epoch': '36.1'}
{'eval_loss': '0.1828', 'eval_runtime': '16.06', 'eval_samples_per_second': '272.1', 'eval_steps_per_second': '2.865', 'epoch': '36.1'}
{'loss': '0.1475', 'grad_norm': '0.5705', 'learning_rate': '5.707e-05', 'epoch': '37.07'}
{'eval_loss': '0.1935', 'eval_runtime': '16.06', 'eval_samples_per_second': '272', 'eval_steps_per_second': '2.864', 'epoch': '37.07'}
{'loss': '0.1418', 'grad_norm': '0.7939', 'learning_rate': '4.927e-05', 'epoch': '38.05'}
{'eval_loss': '0.203', 'eval_runtime': '16.06', 'eval_samples_per_second': '272', 'eval_steps_per_second': '2.864', 'epoch': '38.05'}
{'loss': '0.1375', 'grad_norm': '2.004', 'learning_rate': '4.194e-05', 'epoch': '39.02'}
{'eval_loss': '0.2014', 'eval_runtime': '16.06', 'eval_samples_per_second': '272.1', 'eval_steps_per_second': '2.865', 'epoch': '39.02'}
{'loss': '0.1329', 'grad_norm': '2.097', 'learning_rate': '3.511e-05', 'epoch': '40'}
{'eval_loss': '0.1959', 'eval_runtime': '16.07', 'eval_samples_per_second': '272', 'eval_steps_per_second': '2.863', 'epoch': '40'}
{'loss': '0.1303', 'grad_norm': '0.6786', 'learning_rate': '2.881e-05', 'epoch': '40.98'}
{'eval_loss': '0.1992', 'eval_runtime': '16.05', 'eval_samples_per_second': '272.2', 'eval_steps_per_second': '2.866', 'epoch': '40.98'}
{'train_runtime': '1.774e+04', 'train_samples_per_second': '110.8', 'train_steps_per_second': '1.156', 'train_loss': '0.7367', 'epoch': '40.98'}
Evaluating (Mean Loss)...
Calculating per-sequence surprisals...
Fold 2 Evaluation per token: 0.1828
Fold 2 Entropy per sequence: 6.9356

--- Starting Fold 3/10 ---
Fold 3 sizes: Train=39314, Eval=4368
Loading tokenizer...
Found 68 POS tags: ['-LRB-', '-RRB-', 'ADD', 'ADJP', 'ADVP', 'AFX', 'CC', 'CD', 'CONJP', 'DT', 'EX', 'FRAG', 'FW', 'HYPH', 'IN', 'INTJ', 'JJ', 'JJR', 'JJS', 'LS', 'LST', 'MD', 'NFP', 'NML', 'NN', 'NNP', 'NNPS', 'NNS', 'NP', 'PDT', 'POS', 'PP', 'PRN', 'PRP', 'PRP$', 'PRT', 'QP', 'RB', 'RBR', 'RBS', 'ROOT', 'RP', 'RRC', 'S', 'SBAR', 'SBARQ', 'SINV', 'SQ', 'SYM', 'TO', 'UCP', 'UH', 'VB', 'VBD', 'VBG', 'VBN', 'VBP', 'VBZ', 'VP', 'WDT', 'WHADJP', 'WHADVP', 'WHNP', 'WHPP', 'WP', 'WP$', 'WRB', 'X']
Found 0 phrase labels: []
Adding manual additions: ( ) # $ . , ''
Preprocessing...
Token length per parse sequence: 37.2367
Initializing DualEncoder model...
Loading  weights...
Missing keys: ['prosody_encoder.pos_table', 'prosody_encoder.mag_table', 'prosody_encoder.transformer.layers.0.self_attn.in_proj_weight', 'prosody_encoder.transformer.layers.0.self_attn.in_proj_bias', 'prosody_encoder.transformer.layers.0.self_attn.out_proj.weight', 'prosody_encoder.transformer.layers.0.self_attn.out_proj.bias', 'prosody_encoder.transformer.layers.0.linear1.weight', 'prosody_encoder.transformer.layers.0.linear1.bias', 'prosody_encoder.transformer.layers.0.linear2.weight', 'prosody_encoder.transformer.layers.0.linear2.bias', 'prosody_encoder.transformer.layers.0.norm1.weight', 'prosody_encoder.transformer.layers.0.norm1.bias', 'prosody_encoder.transformer.layers.0.norm2.weight', 'prosody_encoder.transformer.layers.0.norm2.bias', 'prosody_encoder.transformer.layers.1.self_attn.in_proj_weight', 'prosody_encoder.transformer.layers.1.self_attn.in_proj_bias', 'prosody_encoder.transformer.layers.1.self_attn.out_proj.weight', 'prosody_encoder.transformer.layers.1.self_attn.out_proj.bias', 'prosody_encoder.transformer.layers.1.linear1.weight', 'prosody_encoder.transformer.layers.1.linear1.bias', 'prosody_encoder.transformer.layers.1.linear2.weight', 'prosody_encoder.transformer.layers.1.linear2.bias', 'prosody_encoder.transformer.layers.1.norm1.weight', 'prosody_encoder.transformer.layers.1.norm1.bias', 'prosody_encoder.transformer.layers.1.norm2.weight', 'prosody_encoder.transformer.layers.1.norm2.bias', 'prosody_encoder.up_proj.weight', 'prosody_encoder.up_proj.bias', 'prosody_up.weight', 'prosody_up.bias', 'cross_attn.in_proj_weight', 'cross_attn.in_proj_bias', 'cross_attn.out_proj.weight', 'cross_attn.out_proj.bias', 'fusion_layer_norm.weight', 'fusion_layer_norm.bias']
Unexpected keys: []
Re-initializing decoder layer, to be trained from scratch
Training...
{'loss': '22.78', 'grad_norm': '105.4', 'learning_rate': '5.839e-05', 'epoch': '0.9756'}
{'eval_loss': '1.049', 'eval_runtime': '16.04', 'eval_samples_per_second': '272.3', 'eval_steps_per_second': '2.867', 'epoch': '0.9756'}
{'loss': '1.964', 'grad_norm': '159.5', 'learning_rate': '0.0001169', 'epoch': '1.951'}
{'eval_loss': '2.968', 'eval_runtime': '16.04', 'eval_samples_per_second': '272.2', 'eval_steps_per_second': '2.867', 'epoch': '1.951'}
{'loss': '1.325', 'grad_norm': '3.941', 'learning_rate': '0.0001755', 'epoch': '2.927'}
{'eval_loss': '0.8842', 'eval_runtime': '16.03', 'eval_samples_per_second': '272.4', 'eval_steps_per_second': '2.869', 'epoch': '2.927'}
{'loss': '0.9499', 'grad_norm': '44.79', 'learning_rate': '0.000234', 'epoch': '3.902'}
{'eval_loss': '1.371', 'eval_runtime': '16.08', 'eval_samples_per_second': '271.7', 'eval_steps_per_second': '2.861', 'epoch': '3.902'}
{'loss': '0.8075', 'grad_norm': '21.54', 'learning_rate': '0.0002925', 'epoch': '4.878'}
{'eval_loss': '0.573', 'eval_runtime': '15.95', 'eval_samples_per_second': '273.9', 'eval_steps_per_second': '2.884', 'epoch': '4.878'}
{'loss': '0.6643', 'grad_norm': '6.206', 'learning_rate': '0.0002997', 'epoch': '5.854'}
{'eval_loss': '0.5688', 'eval_runtime': '15.96', 'eval_samples_per_second': '273.7', 'eval_steps_per_second': '2.882', 'epoch': '5.854'}
{'loss': '0.5968', 'grad_norm': '6.671', 'learning_rate': '0.0002988', 'epoch': '6.829'}
{'eval_loss': '0.6903', 'eval_runtime': '15.95', 'eval_samples_per_second': '273.9', 'eval_steps_per_second': '2.885', 'epoch': '6.829'}
{'loss': '0.5561', 'grad_norm': '4.662', 'learning_rate': '0.0002971', 'epoch': '7.805'}
{'eval_loss': '0.4846', 'eval_runtime': '15.97', 'eval_samples_per_second': '273.5', 'eval_steps_per_second': '2.88', 'epoch': '7.805'}
{'loss': '0.5301', 'grad_norm': '4.504', 'learning_rate': '0.0002948', 'epoch': '8.78'}
{'eval_loss': '0.4685', 'eval_runtime': '15.96', 'eval_samples_per_second': '273.8', 'eval_steps_per_second': '2.883', 'epoch': '8.78'}
{'loss': '0.5105', 'grad_norm': '1.265', 'learning_rate': '0.0002918', 'epoch': '9.756'}
{'eval_loss': '0.455', 'eval_runtime': '15.95', 'eval_samples_per_second': '273.9', 'eval_steps_per_second': '2.884', 'epoch': '9.756'}
{'loss': '0.5155', 'grad_norm': '4.51', 'learning_rate': '0.0002882', 'epoch': '10.73'}
{'eval_loss': '0.4836', 'eval_runtime': '16.08', 'eval_samples_per_second': '271.6', 'eval_steps_per_second': '2.86', 'epoch': '10.73'}
{'loss': '0.4973', 'grad_norm': '21.52', 'learning_rate': '0.0002839', 'epoch': '11.71'}
{'eval_loss': '0.5281', 'eval_runtime': '15.94', 'eval_samples_per_second': '274', 'eval_steps_per_second': '2.885', 'epoch': '11.71'}
{'loss': '0.4765', 'grad_norm': '2.003', 'learning_rate': '0.0002789', 'epoch': '12.68'}
{'eval_loss': '0.434', 'eval_runtime': '15.95', 'eval_samples_per_second': '273.8', 'eval_steps_per_second': '2.884', 'epoch': '12.68'}
{'loss': '0.4852', 'grad_norm': '3.509', 'learning_rate': '0.0002734', 'epoch': '13.66'}
{'eval_loss': '0.4612', 'eval_runtime': '15.95', 'eval_samples_per_second': '273.8', 'eval_steps_per_second': '2.884', 'epoch': '13.66'}
{'loss': '0.4726', 'grad_norm': '3.166', 'learning_rate': '0.0002673', 'epoch': '14.63'}
{'eval_loss': '0.4496', 'eval_runtime': '15.95', 'eval_samples_per_second': '273.9', 'eval_steps_per_second': '2.885', 'epoch': '14.63'}
{'loss': '0.4583', 'grad_norm': '2.087', 'learning_rate': '0.0002607', 'epoch': '15.61'}
{'eval_loss': '0.4255', 'eval_runtime': '15.95', 'eval_samples_per_second': '273.8', 'eval_steps_per_second': '2.884', 'epoch': '15.61'}
{'loss': '0.4588', 'grad_norm': '12.03', 'learning_rate': '0.0002536', 'epoch': '16.59'}
{'eval_loss': '0.4468', 'eval_runtime': '15.95', 'eval_samples_per_second': '273.9', 'eval_steps_per_second': '2.885', 'epoch': '16.59'}
{'loss': '0.448', 'grad_norm': '1.666', 'learning_rate': '0.0002459', 'epoch': '17.56'}
{'eval_loss': '0.4096', 'eval_runtime': '15.95', 'eval_samples_per_second': '273.9', 'eval_steps_per_second': '2.885', 'epoch': '17.56'}
{'loss': '0.4514', 'grad_norm': '6.828', 'learning_rate': '0.0002379', 'epoch': '18.54'}
{'eval_loss': '0.4288', 'eval_runtime': '16.11', 'eval_samples_per_second': '271.2', 'eval_steps_per_second': '2.856', 'epoch': '18.54'}
{'loss': '0.4392', 'grad_norm': '2.5', 'learning_rate': '0.0002294', 'epoch': '19.51'}
{'eval_loss': '0.3924', 'eval_runtime': '15.96', 'eval_samples_per_second': '273.7', 'eval_steps_per_second': '2.882', 'epoch': '19.51'}
{'loss': '0.4173', 'grad_norm': '7.487', 'learning_rate': '0.0002206', 'epoch': '20.49'}
{'eval_loss': '0.3704', 'eval_runtime': '15.95', 'eval_samples_per_second': '273.9', 'eval_steps_per_second': '2.885', 'epoch': '20.49'}
{'loss': '0.3936', 'grad_norm': '9.098', 'learning_rate': '0.0002114', 'epoch': '21.46'}
{'eval_loss': '0.3438', 'eval_runtime': '15.97', 'eval_samples_per_second': '273.6', 'eval_steps_per_second': '2.881', 'epoch': '21.46'}
{'loss': '0.3819', 'grad_norm': '3.001', 'learning_rate': '0.0002019', 'epoch': '22.44'}
{'eval_loss': '0.3287', 'eval_runtime': '15.96', 'eval_samples_per_second': '273.6', 'eval_steps_per_second': '2.882', 'epoch': '22.44'}
{'loss': '0.3672', 'grad_norm': '2.289', 'learning_rate': '0.0001922', 'epoch': '23.41'}
{'eval_loss': '0.3017', 'eval_runtime': '15.97', 'eval_samples_per_second': '273.5', 'eval_steps_per_second': '2.88', 'epoch': '23.41'}
{'loss': '0.3282', 'grad_norm': '6.714', 'learning_rate': '0.0001823', 'epoch': '24.39'}
{'eval_loss': '0.3329', 'eval_runtime': '15.97', 'eval_samples_per_second': '273.5', 'eval_steps_per_second': '2.881', 'epoch': '24.39'}
{'loss': '0.3113', 'grad_norm': '14.26', 'learning_rate': '0.0001723', 'epoch': '25.37'}
{'eval_loss': '0.2976', 'eval_runtime': '15.97', 'eval_samples_per_second': '273.5', 'eval_steps_per_second': '2.881', 'epoch': '25.37'}
{'loss': '0.2774', 'grad_norm': '11.08', 'learning_rate': '0.0001621', 'epoch': '26.34'}
{'eval_loss': '0.2497', 'eval_runtime': '15.96', 'eval_samples_per_second': '273.6', 'eval_steps_per_second': '2.882', 'epoch': '26.34'}
{'loss': '0.2773', 'grad_norm': '18.64', 'learning_rate': '0.0001519', 'epoch': '27.32'}
{'eval_loss': '0.3028', 'eval_runtime': '15.98', 'eval_samples_per_second': '273.3', 'eval_steps_per_second': '2.878', 'epoch': '27.32'}
{'loss': '0.2485', 'grad_norm': '10.48', 'learning_rate': '0.0001417', 'epoch': '28.29'}
{'eval_loss': '0.2841', 'eval_runtime': '15.97', 'eval_samples_per_second': '273.4', 'eval_steps_per_second': '2.88', 'epoch': '28.29'}
{'loss': '0.2235', 'grad_norm': '3.348', 'learning_rate': '0.0001316', 'epoch': '29.27'}
{'eval_loss': '0.2126', 'eval_runtime': '15.96', 'eval_samples_per_second': '273.6', 'eval_steps_per_second': '2.882', 'epoch': '29.27'}
{'loss': '0.1996', 'grad_norm': '5.184', 'learning_rate': '0.0001215', 'epoch': '30.24'}
{'eval_loss': '0.2249', 'eval_runtime': '15.97', 'eval_samples_per_second': '273.6', 'eval_steps_per_second': '2.881', 'epoch': '30.24'}
{'loss': '0.1826', 'grad_norm': '6.603', 'learning_rate': '0.0001115', 'epoch': '31.22'}
{'eval_loss': '0.2215', 'eval_runtime': '15.96', 'eval_samples_per_second': '273.6', 'eval_steps_per_second': '2.882', 'epoch': '31.22'}
{'loss': '0.1759', 'grad_norm': '5.528', 'learning_rate': '0.0001017', 'epoch': '32.2'}
{'eval_loss': '0.2074', 'eval_runtime': '15.97', 'eval_samples_per_second': '273.6', 'eval_steps_per_second': '2.881', 'epoch': '32.2'}
{'loss': '0.1688', 'grad_norm': '1.298', 'learning_rate': '9.218e-05', 'epoch': '33.17'}
{'eval_loss': '0.197', 'eval_runtime': '15.97', 'eval_samples_per_second': '273.6', 'eval_steps_per_second': '2.881', 'epoch': '33.17'}
{'loss': '0.1521', 'grad_norm': '2.102', 'learning_rate': '8.289e-05', 'epoch': '34.15'}
{'eval_loss': '0.2051', 'eval_runtime': '15.96', 'eval_samples_per_second': '273.7', 'eval_steps_per_second': '2.883', 'epoch': '34.15'}
{'loss': '0.1447', 'grad_norm': '1.823', 'learning_rate': '7.392e-05', 'epoch': '35.12'}
{'eval_loss': '0.199', 'eval_runtime': '15.97', 'eval_samples_per_second': '273.6', 'eval_steps_per_second': '2.881', 'epoch': '35.12'}
{'loss': '0.1379', 'grad_norm': '1.293', 'learning_rate': '6.53e-05', 'epoch': '36.1'}
{'eval_loss': '0.2085', 'eval_runtime': '15.97', 'eval_samples_per_second': '273.6', 'eval_steps_per_second': '2.881', 'epoch': '36.1'}
{'loss': '0.1341', 'grad_norm': '0.6073', 'learning_rate': '5.707e-05', 'epoch': '37.07'}
{'eval_loss': '0.2017', 'eval_runtime': '15.96', 'eval_samples_per_second': '273.6', 'eval_steps_per_second': '2.881', 'epoch': '37.07'}
{'loss': '0.1279', 'grad_norm': '0.3653', 'learning_rate': '4.927e-05', 'epoch': '38.05'}
{'eval_loss': '0.2023', 'eval_runtime': '15.96', 'eval_samples_per_second': '273.7', 'eval_steps_per_second': '2.882', 'epoch': '38.05'}
{'train_runtime': '1.634e+04', 'train_samples_per_second': '120.3', 'train_steps_per_second': '1.255', 'train_loss': '1.027', 'epoch': '38.05'}
Evaluating (Mean Loss)...
Calculating per-sequence surprisals...
Fold 3 Evaluation per token: 0.1970
Fold 3 Entropy per sequence: 7.3363

--- Starting Fold 4/10 ---
Fold 4 sizes: Train=39314, Eval=4368
Loading tokenizer...
Found 68 POS tags: ['-LRB-', '-RRB-', 'ADD', 'ADJP', 'ADVP', 'AFX', 'CC', 'CD', 'CONJP', 'DT', 'EX', 'FRAG', 'FW', 'HYPH', 'IN', 'INTJ', 'JJ', 'JJR', 'JJS', 'LS', 'LST', 'MD', 'NFP', 'NML', 'NN', 'NNP', 'NNPS', 'NNS', 'NP', 'PDT', 'POS', 'PP', 'PRN', 'PRP', 'PRP$', 'PRT', 'QP', 'RB', 'RBR', 'RBS', 'ROOT', 'RP', 'RRC', 'S', 'SBAR', 'SBARQ', 'SINV', 'SQ', 'SYM', 'TO', 'UCP', 'UH', 'VB', 'VBD', 'VBG', 'VBN', 'VBP', 'VBZ', 'VP', 'WDT', 'WHADJP', 'WHADVP', 'WHNP', 'WHPP', 'WP', 'WP$', 'WRB', 'X']
Found 0 phrase labels: []
Adding manual additions: ( ) # $ . , ''
Preprocessing...
Token length per parse sequence: 38.0055
Initializing DualEncoder model...
Loading  weights...
Missing keys: ['prosody_encoder.pos_table', 'prosody_encoder.mag_table', 'prosody_encoder.transformer.layers.0.self_attn.in_proj_weight', 'prosody_encoder.transformer.layers.0.self_attn.in_proj_bias', 'prosody_encoder.transformer.layers.0.self_attn.out_proj.weight', 'prosody_encoder.transformer.layers.0.self_attn.out_proj.bias', 'prosody_encoder.transformer.layers.0.linear1.weight', 'prosody_encoder.transformer.layers.0.linear1.bias', 'prosody_encoder.transformer.layers.0.linear2.weight', 'prosody_encoder.transformer.layers.0.linear2.bias', 'prosody_encoder.transformer.layers.0.norm1.weight', 'prosody_encoder.transformer.layers.0.norm1.bias', 'prosody_encoder.transformer.layers.0.norm2.weight', 'prosody_encoder.transformer.layers.0.norm2.bias', 'prosody_encoder.transformer.layers.1.self_attn.in_proj_weight', 'prosody_encoder.transformer.layers.1.self_attn.in_proj_bias', 'prosody_encoder.transformer.layers.1.self_attn.out_proj.weight', 'prosody_encoder.transformer.layers.1.self_attn.out_proj.bias', 'prosody_encoder.transformer.layers.1.linear1.weight', 'prosody_encoder.transformer.layers.1.linear1.bias', 'prosody_encoder.transformer.layers.1.linear2.weight', 'prosody_encoder.transformer.layers.1.linear2.bias', 'prosody_encoder.transformer.layers.1.norm1.weight', 'prosody_encoder.transformer.layers.1.norm1.bias', 'prosody_encoder.transformer.layers.1.norm2.weight', 'prosody_encoder.transformer.layers.1.norm2.bias', 'prosody_encoder.up_proj.weight', 'prosody_encoder.up_proj.bias', 'prosody_up.weight', 'prosody_up.bias', 'cross_attn.in_proj_weight', 'cross_attn.in_proj_bias', 'cross_attn.out_proj.weight', 'cross_attn.out_proj.bias', 'fusion_layer_norm.weight', 'fusion_layer_norm.bias']
Unexpected keys: []
Re-initializing decoder layer, to be trained from scratch
Training...
{'loss': '13.1', 'grad_norm': '92', 'learning_rate': '5.839e-05', 'epoch': '0.9756'}
{'eval_loss': '1.198', 'eval_runtime': '15.99', 'eval_samples_per_second': '273.2', 'eval_steps_per_second': '2.877', 'epoch': '0.9756'}
{'loss': '1.74', 'grad_norm': '50.24', 'learning_rate': '0.0001169', 'epoch': '1.951'}
{'eval_loss': '1.104', 'eval_runtime': '15.99', 'eval_samples_per_second': '273.2', 'eval_steps_per_second': '2.877', 'epoch': '1.951'}
{'loss': '1.271', 'grad_norm': '19.36', 'learning_rate': '0.0001755', 'epoch': '2.927'}
{'eval_loss': '0.7064', 'eval_runtime': '15.98', 'eval_samples_per_second': '273.4', 'eval_steps_per_second': '2.879', 'epoch': '2.927'}
{'loss': '0.9092', 'grad_norm': '47.35', 'learning_rate': '0.000234', 'epoch': '3.902'}
{'eval_loss': '0.655', 'eval_runtime': '15.96', 'eval_samples_per_second': '273.7', 'eval_steps_per_second': '2.882', 'epoch': '3.902'}
{'loss': '0.7859', 'grad_norm': '13.94', 'learning_rate': '0.0002925', 'epoch': '4.878'}
{'eval_loss': '0.569', 'eval_runtime': '15.96', 'eval_samples_per_second': '273.7', 'eval_steps_per_second': '2.882', 'epoch': '4.878'}
{'loss': '0.7114', 'grad_norm': '4.923', 'learning_rate': '0.0002997', 'epoch': '5.854'}
{'eval_loss': '0.5503', 'eval_runtime': '15.97', 'eval_samples_per_second': '273.6', 'eval_steps_per_second': '2.881', 'epoch': '5.854'}
{'loss': '0.6123', 'grad_norm': '19.08', 'learning_rate': '0.0002988', 'epoch': '6.829'}
{'eval_loss': '0.5598', 'eval_runtime': '15.96', 'eval_samples_per_second': '273.6', 'eval_steps_per_second': '2.881', 'epoch': '6.829'}
{'loss': '0.5657', 'grad_norm': '18.94', 'learning_rate': '0.0002971', 'epoch': '7.805'}
{'eval_loss': '0.5619', 'eval_runtime': '15.96', 'eval_samples_per_second': '273.7', 'eval_steps_per_second': '2.882', 'epoch': '7.805'}
{'loss': '0.5517', 'grad_norm': '4.055', 'learning_rate': '0.0002948', 'epoch': '8.78'}
{'eval_loss': '0.5829', 'eval_runtime': '15.96', 'eval_samples_per_second': '273.6', 'eval_steps_per_second': '2.882', 'epoch': '8.78'}
{'loss': '0.5244', 'grad_norm': '6.014', 'learning_rate': '0.0002918', 'epoch': '9.756'}
{'eval_loss': '0.4652', 'eval_runtime': '15.97', 'eval_samples_per_second': '273.5', 'eval_steps_per_second': '2.88', 'epoch': '9.756'}
{'loss': '0.502', 'grad_norm': '30.61', 'learning_rate': '0.0002882', 'epoch': '10.73'}
{'eval_loss': '0.5421', 'eval_runtime': '15.97', 'eval_samples_per_second': '273.6', 'eval_steps_per_second': '2.881', 'epoch': '10.73'}
{'loss': '0.4807', 'grad_norm': '21.6', 'learning_rate': '0.0002839', 'epoch': '11.71'}
{'eval_loss': '0.4694', 'eval_runtime': '15.97', 'eval_samples_per_second': '273.6', 'eval_steps_per_second': '2.881', 'epoch': '11.71'}
{'loss': '0.4791', 'grad_norm': '21.21', 'learning_rate': '0.0002789', 'epoch': '12.68'}
{'eval_loss': '0.4607', 'eval_runtime': '15.96', 'eval_samples_per_second': '273.7', 'eval_steps_per_second': '2.882', 'epoch': '12.68'}
{'loss': '0.4746', 'grad_norm': '30.07', 'learning_rate': '0.0002734', 'epoch': '13.66'}
{'eval_loss': '0.4886', 'eval_runtime': '15.98', 'eval_samples_per_second': '273.4', 'eval_steps_per_second': '2.879', 'epoch': '13.66'}
{'loss': '0.4626', 'grad_norm': '7.93', 'learning_rate': '0.0002673', 'epoch': '14.63'}
{'eval_loss': '0.4791', 'eval_runtime': '15.97', 'eval_samples_per_second': '273.5', 'eval_steps_per_second': '2.881', 'epoch': '14.63'}
{'loss': '0.462', 'grad_norm': '39.31', 'learning_rate': '0.0002607', 'epoch': '15.61'}
{'eval_loss': '0.6378', 'eval_runtime': '15.97', 'eval_samples_per_second': '273.5', 'eval_steps_per_second': '2.88', 'epoch': '15.61'}
{'loss': '0.4467', 'grad_norm': '2.477', 'learning_rate': '0.0002536', 'epoch': '16.59'}
{'eval_loss': '0.3993', 'eval_runtime': '15.96', 'eval_samples_per_second': '273.6', 'eval_steps_per_second': '2.881', 'epoch': '16.59'}
{'loss': '0.4386', 'grad_norm': '3.897', 'learning_rate': '0.0002459', 'epoch': '17.56'}
{'eval_loss': '0.3982', 'eval_runtime': '15.96', 'eval_samples_per_second': '273.6', 'eval_steps_per_second': '2.882', 'epoch': '17.56'}
{'loss': '0.4272', 'grad_norm': '14.66', 'learning_rate': '0.0002379', 'epoch': '18.54'}
{'eval_loss': '0.4172', 'eval_runtime': '15.97', 'eval_samples_per_second': '273.5', 'eval_steps_per_second': '2.88', 'epoch': '18.54'}
{'loss': '0.4136', 'grad_norm': '13.3', 'learning_rate': '0.0002294', 'epoch': '19.51'}
{'eval_loss': '0.4401', 'eval_runtime': '15.97', 'eval_samples_per_second': '273.6', 'eval_steps_per_second': '2.881', 'epoch': '19.51'}
{'loss': '0.4014', 'grad_norm': '14.76', 'learning_rate': '0.0002206', 'epoch': '20.49'}
{'eval_loss': '0.4679', 'eval_runtime': '15.99', 'eval_samples_per_second': '273.1', 'eval_steps_per_second': '2.876', 'epoch': '20.49'}
{'loss': '0.3749', 'grad_norm': '1.971', 'learning_rate': '0.0002114', 'epoch': '21.46'}
{'eval_loss': '0.328', 'eval_runtime': '15.96', 'eval_samples_per_second': '273.6', 'eval_steps_per_second': '2.881', 'epoch': '21.46'}
{'loss': '0.3521', 'grad_norm': '14.76', 'learning_rate': '0.0002019', 'epoch': '22.44'}
{'eval_loss': '0.3253', 'eval_runtime': '15.97', 'eval_samples_per_second': '273.5', 'eval_steps_per_second': '2.881', 'epoch': '22.44'}
{'loss': '0.3266', 'grad_norm': '15.05', 'learning_rate': '0.0001922', 'epoch': '23.41'}
{'eval_loss': '0.3171', 'eval_runtime': '15.98', 'eval_samples_per_second': '273.4', 'eval_steps_per_second': '2.879', 'epoch': '23.41'}
{'loss': '0.3113', 'grad_norm': '1.602', 'learning_rate': '0.0001823', 'epoch': '24.39'}
{'eval_loss': '0.2652', 'eval_runtime': '15.97', 'eval_samples_per_second': '273.5', 'eval_steps_per_second': '2.88', 'epoch': '24.39'}
{'loss': '0.2743', 'grad_norm': '14.61', 'learning_rate': '0.0001723', 'epoch': '25.37'}
{'eval_loss': '0.2393', 'eval_runtime': '15.98', 'eval_samples_per_second': '273.4', 'eval_steps_per_second': '2.879', 'epoch': '25.37'}
{'loss': '0.26', 'grad_norm': '2.441', 'learning_rate': '0.0001621', 'epoch': '26.34'}
{'eval_loss': '0.2446', 'eval_runtime': '15.97', 'eval_samples_per_second': '273.6', 'eval_steps_per_second': '2.881', 'epoch': '26.34'}
{'loss': '0.2334', 'grad_norm': '4.125', 'learning_rate': '0.0001519', 'epoch': '27.32'}
{'eval_loss': '0.2523', 'eval_runtime': '15.95', 'eval_samples_per_second': '273.8', 'eval_steps_per_second': '2.884', 'epoch': '27.32'}
{'loss': '0.2263', 'grad_norm': '1.988', 'learning_rate': '0.0001417', 'epoch': '28.29'}
{'eval_loss': '0.2039', 'eval_runtime': '15.96', 'eval_samples_per_second': '273.7', 'eval_steps_per_second': '2.882', 'epoch': '28.29'}
{'loss': '0.1997', 'grad_norm': '3.21', 'learning_rate': '0.0001316', 'epoch': '29.27'}
{'eval_loss': '0.213', 'eval_runtime': '15.97', 'eval_samples_per_second': '273.5', 'eval_steps_per_second': '2.88', 'epoch': '29.27'}
{'loss': '0.1965', 'grad_norm': '1.115', 'learning_rate': '0.0001215', 'epoch': '30.24'}
{'eval_loss': '0.2118', 'eval_runtime': '15.98', 'eval_samples_per_second': '273.3', 'eval_steps_per_second': '2.879', 'epoch': '30.24'}
{'loss': '0.1752', 'grad_norm': '1.526', 'learning_rate': '0.0001115', 'epoch': '31.22'}
{'eval_loss': '0.1987', 'eval_runtime': '15.97', 'eval_samples_per_second': '273.5', 'eval_steps_per_second': '2.88', 'epoch': '31.22'}
{'loss': '0.1681', 'grad_norm': '1.113', 'learning_rate': '0.0001017', 'epoch': '32.2'}
{'eval_loss': '0.1891', 'eval_runtime': '15.98', 'eval_samples_per_second': '273.4', 'eval_steps_per_second': '2.879', 'epoch': '32.2'}
{'loss': '0.1541', 'grad_norm': '4.322', 'learning_rate': '9.218e-05', 'epoch': '33.17'}
{'eval_loss': '0.2005', 'eval_runtime': '15.97', 'eval_samples_per_second': '273.5', 'eval_steps_per_second': '2.88', 'epoch': '33.17'}
{'loss': '0.1468', 'grad_norm': '1.121', 'learning_rate': '8.289e-05', 'epoch': '34.15'}
{'eval_loss': '0.1883', 'eval_runtime': '15.97', 'eval_samples_per_second': '273.5', 'eval_steps_per_second': '2.881', 'epoch': '34.15'}
{'loss': '0.1408', 'grad_norm': '3.944', 'learning_rate': '7.392e-05', 'epoch': '35.12'}
{'eval_loss': '0.1974', 'eval_runtime': '15.97', 'eval_samples_per_second': '273.5', 'eval_steps_per_second': '2.88', 'epoch': '35.12'}
{'loss': '0.1348', 'grad_norm': '1.152', 'learning_rate': '6.53e-05', 'epoch': '36.1'}
{'eval_loss': '0.2009', 'eval_runtime': '15.97', 'eval_samples_per_second': '273.5', 'eval_steps_per_second': '2.88', 'epoch': '36.1'}
{'loss': '0.1302', 'grad_norm': '1.082', 'learning_rate': '5.707e-05', 'epoch': '37.07'}
{'eval_loss': '0.1951', 'eval_runtime': '15.99', 'eval_samples_per_second': '273.2', 'eval_steps_per_second': '2.878', 'epoch': '37.07'}
{'loss': '0.1255', 'grad_norm': '0.6573', 'learning_rate': '4.927e-05', 'epoch': '38.05'}
{'eval_loss': '0.1895', 'eval_runtime': '15.98', 'eval_samples_per_second': '273.4', 'eval_steps_per_second': '2.879', 'epoch': '38.05'}
{'loss': '0.1215', 'grad_norm': '1.049', 'learning_rate': '4.194e-05', 'epoch': '39.02'}
{'eval_loss': '0.1922', 'eval_runtime': '15.98', 'eval_samples_per_second': '273.3', 'eval_steps_per_second': '2.878', 'epoch': '39.02'}
{'train_runtime': '1.676e+04', 'train_samples_per_second': '117.3', 'train_steps_per_second': '1.223', 'train_loss': '0.7453', 'epoch': '39.02'}
Evaluating (Mean Loss)...
Calculating per-sequence surprisals...
Fold 4 Evaluation per token: 0.1883
Fold 4 Entropy per sequence: 7.1581

--- Starting Fold 5/10 ---
Fold 5 sizes: Train=39314, Eval=4368
Loading tokenizer...
Found 68 POS tags: ['-LRB-', '-RRB-', 'ADD', 'ADJP', 'ADVP', 'AFX', 'CC', 'CD', 'CONJP', 'DT', 'EX', 'FRAG', 'FW', 'HYPH', 'IN', 'INTJ', 'JJ', 'JJR', 'JJS', 'LS', 'LST', 'MD', 'NFP', 'NML', 'NN', 'NNP', 'NNPS', 'NNS', 'NP', 'PDT', 'POS', 'PP', 'PRN', 'PRP', 'PRP$', 'PRT', 'QP', 'RB', 'RBR', 'RBS', 'ROOT', 'RP', 'RRC', 'S', 'SBAR', 'SBARQ', 'SINV', 'SQ', 'SYM', 'TO', 'UCP', 'UH', 'VB', 'VBD', 'VBG', 'VBN', 'VBP', 'VBZ', 'VP', 'WDT', 'WHADJP', 'WHADVP', 'WHNP', 'WHPP', 'WP', 'WP$', 'WRB', 'X']
Found 0 phrase labels: []
Adding manual additions: ( ) # $ . , ''
Preprocessing...
Token length per parse sequence: 38.1392
Initializing DualEncoder model...
Loading  weights...
Missing keys: ['prosody_encoder.pos_table', 'prosody_encoder.mag_table', 'prosody_encoder.transformer.layers.0.self_attn.in_proj_weight', 'prosody_encoder.transformer.layers.0.self_attn.in_proj_bias', 'prosody_encoder.transformer.layers.0.self_attn.out_proj.weight', 'prosody_encoder.transformer.layers.0.self_attn.out_proj.bias', 'prosody_encoder.transformer.layers.0.linear1.weight', 'prosody_encoder.transformer.layers.0.linear1.bias', 'prosody_encoder.transformer.layers.0.linear2.weight', 'prosody_encoder.transformer.layers.0.linear2.bias', 'prosody_encoder.transformer.layers.0.norm1.weight', 'prosody_encoder.transformer.layers.0.norm1.bias', 'prosody_encoder.transformer.layers.0.norm2.weight', 'prosody_encoder.transformer.layers.0.norm2.bias', 'prosody_encoder.transformer.layers.1.self_attn.in_proj_weight', 'prosody_encoder.transformer.layers.1.self_attn.in_proj_bias', 'prosody_encoder.transformer.layers.1.self_attn.out_proj.weight', 'prosody_encoder.transformer.layers.1.self_attn.out_proj.bias', 'prosody_encoder.transformer.layers.1.linear1.weight', 'prosody_encoder.transformer.layers.1.linear1.bias', 'prosody_encoder.transformer.layers.1.linear2.weight', 'prosody_encoder.transformer.layers.1.linear2.bias', 'prosody_encoder.transformer.layers.1.norm1.weight', 'prosody_encoder.transformer.layers.1.norm1.bias', 'prosody_encoder.transformer.layers.1.norm2.weight', 'prosody_encoder.transformer.layers.1.norm2.bias', 'prosody_encoder.up_proj.weight', 'prosody_encoder.up_proj.bias', 'prosody_up.weight', 'prosody_up.bias', 'cross_attn.in_proj_weight', 'cross_attn.in_proj_bias', 'cross_attn.out_proj.weight', 'cross_attn.out_proj.bias', 'fusion_layer_norm.weight', 'fusion_layer_norm.bias']
Unexpected keys: []
Re-initializing decoder layer, to be trained from scratch
Training...
{'loss': '13.31', 'grad_norm': '53.12', 'learning_rate': '5.839e-05', 'epoch': '0.9756'}
{'eval_loss': '1.146', 'eval_runtime': '15.98', 'eval_samples_per_second': '273.4', 'eval_steps_per_second': '2.879', 'epoch': '0.9756'}
{'loss': '1.911', 'grad_norm': '75.15', 'learning_rate': '0.0001169', 'epoch': '1.951'}
{'eval_loss': '0.6704', 'eval_runtime': '15.97', 'eval_samples_per_second': '273.4', 'eval_steps_per_second': '2.88', 'epoch': '1.951'}
{'loss': '1.192', 'grad_norm': '32.43', 'learning_rate': '0.0001755', 'epoch': '2.927'}
{'eval_loss': '0.5592', 'eval_runtime': '15.97', 'eval_samples_per_second': '273.4', 'eval_steps_per_second': '2.88', 'epoch': '2.927'}
{'loss': '0.9016', 'grad_norm': '43.44', 'learning_rate': '0.000234', 'epoch': '3.902'}
{'eval_loss': '0.5341', 'eval_runtime': '16.01', 'eval_samples_per_second': '272.8', 'eval_steps_per_second': '2.873', 'epoch': '3.902'}
{'loss': '0.7723', 'grad_norm': '9.305', 'learning_rate': '0.0002925', 'epoch': '4.878'}
{'eval_loss': '0.5585', 'eval_runtime': '15.97', 'eval_samples_per_second': '273.5', 'eval_steps_per_second': '2.88', 'epoch': '4.878'}
{'loss': '0.6715', 'grad_norm': '35.37', 'learning_rate': '0.0002997', 'epoch': '5.854'}
{'eval_loss': '0.5489', 'eval_runtime': '15.98', 'eval_samples_per_second': '273.4', 'eval_steps_per_second': '2.879', 'epoch': '5.854'}
{'loss': '0.6381', 'grad_norm': '20.57', 'learning_rate': '0.0002988', 'epoch': '6.829'}
{'eval_loss': '0.5661', 'eval_runtime': '15.98', 'eval_samples_per_second': '273.4', 'eval_steps_per_second': '2.879', 'epoch': '6.829'}
{'loss': '0.5772', 'grad_norm': '21.63', 'learning_rate': '0.0002971', 'epoch': '7.805'}
{'eval_loss': '0.6048', 'eval_runtime': '15.97', 'eval_samples_per_second': '273.5', 'eval_steps_per_second': '2.88', 'epoch': '7.805'}
{'loss': '0.5544', 'grad_norm': '4.223', 'learning_rate': '0.0002948', 'epoch': '8.78'}
{'eval_loss': '0.4793', 'eval_runtime': '15.98', 'eval_samples_per_second': '273.4', 'eval_steps_per_second': '2.879', 'epoch': '8.78'}
{'loss': '0.525', 'grad_norm': '2.337', 'learning_rate': '0.0002918', 'epoch': '9.756'}
{'eval_loss': '0.4819', 'eval_runtime': '15.98', 'eval_samples_per_second': '273.3', 'eval_steps_per_second': '2.878', 'epoch': '9.756'}
{'loss': '0.5056', 'grad_norm': '5.744', 'learning_rate': '0.0002882', 'epoch': '10.73'}
{'eval_loss': '0.453', 'eval_runtime': '15.95', 'eval_samples_per_second': '273.8', 'eval_steps_per_second': '2.883', 'epoch': '10.73'}
{'loss': '0.4816', 'grad_norm': '18.43', 'learning_rate': '0.0002839', 'epoch': '11.71'}
{'eval_loss': '0.442', 'eval_runtime': '15.95', 'eval_samples_per_second': '273.8', 'eval_steps_per_second': '2.884', 'epoch': '11.71'}
{'loss': '0.4913', 'grad_norm': '2.127', 'learning_rate': '0.0002789', 'epoch': '12.68'}
{'eval_loss': '0.4434', 'eval_runtime': '15.97', 'eval_samples_per_second': '273.5', 'eval_steps_per_second': '2.88', 'epoch': '12.68'}
{'loss': '0.4743', 'grad_norm': '7.488', 'learning_rate': '0.0002734', 'epoch': '13.66'}
{'eval_loss': '0.4364', 'eval_runtime': '15.98', 'eval_samples_per_second': '273.3', 'eval_steps_per_second': '2.878', 'epoch': '13.66'}
{'loss': '0.4649', 'grad_norm': '7.78', 'learning_rate': '0.0002673', 'epoch': '14.63'}
{'eval_loss': '0.435', 'eval_runtime': '15.98', 'eval_samples_per_second': '273.4', 'eval_steps_per_second': '2.879', 'epoch': '14.63'}
{'loss': '0.4644', 'grad_norm': '18.66', 'learning_rate': '0.0002607', 'epoch': '15.61'}
{'eval_loss': '0.5882', 'eval_runtime': '15.99', 'eval_samples_per_second': '273.2', 'eval_steps_per_second': '2.877', 'epoch': '15.61'}
{'loss': '0.455', 'grad_norm': '16.21', 'learning_rate': '0.0002536', 'epoch': '16.59'}
{'eval_loss': '0.4448', 'eval_runtime': '15.98', 'eval_samples_per_second': '273.3', 'eval_steps_per_second': '2.878', 'epoch': '16.59'}
{'loss': '0.4271', 'grad_norm': '11.2', 'learning_rate': '0.0002459', 'epoch': '17.56'}
{'eval_loss': '0.3964', 'eval_runtime': '15.97', 'eval_samples_per_second': '273.5', 'eval_steps_per_second': '2.88', 'epoch': '17.56'}
{'loss': '0.4181', 'grad_norm': '9.357', 'learning_rate': '0.0002379', 'epoch': '18.54'}
{'eval_loss': '0.3801', 'eval_runtime': '15.99', 'eval_samples_per_second': '273.2', 'eval_steps_per_second': '2.877', 'epoch': '18.54'}
{'loss': '0.4055', 'grad_norm': '1.607', 'learning_rate': '0.0002294', 'epoch': '19.51'}
{'eval_loss': '0.3592', 'eval_runtime': '15.98', 'eval_samples_per_second': '273.4', 'eval_steps_per_second': '2.879', 'epoch': '19.51'}
{'loss': '0.3852', 'grad_norm': '1.756', 'learning_rate': '0.0002206', 'epoch': '20.49'}
{'eval_loss': '0.3556', 'eval_runtime': '15.98', 'eval_samples_per_second': '273.4', 'eval_steps_per_second': '2.879', 'epoch': '20.49'}
{'loss': '0.3676', 'grad_norm': '6.469', 'learning_rate': '0.0002114', 'epoch': '21.46'}
{'eval_loss': '0.4044', 'eval_runtime': '15.98', 'eval_samples_per_second': '273.4', 'eval_steps_per_second': '2.879', 'epoch': '21.46'}
{'loss': '0.3427', 'grad_norm': '11.19', 'learning_rate': '0.0002019', 'epoch': '22.44'}
{'eval_loss': '0.3109', 'eval_runtime': '15.98', 'eval_samples_per_second': '273.3', 'eval_steps_per_second': '2.879', 'epoch': '22.44'}
{'loss': '0.3152', 'grad_norm': '1.171', 'learning_rate': '0.0001922', 'epoch': '23.41'}
{'eval_loss': '0.2798', 'eval_runtime': '15.99', 'eval_samples_per_second': '273.2', 'eval_steps_per_second': '2.878', 'epoch': '23.41'}
{'loss': '0.2851', 'grad_norm': '4.121', 'learning_rate': '0.0001823', 'epoch': '24.39'}
{'eval_loss': '0.2667', 'eval_runtime': '15.98', 'eval_samples_per_second': '273.4', 'eval_steps_per_second': '2.879', 'epoch': '24.39'}
{'loss': '0.2761', 'grad_norm': '6.084', 'learning_rate': '0.0001723', 'epoch': '25.37'}
{'eval_loss': '0.2286', 'eval_runtime': '15.98', 'eval_samples_per_second': '273.3', 'eval_steps_per_second': '2.878', 'epoch': '25.37'}
{'loss': '0.249', 'grad_norm': '8.417', 'learning_rate': '0.0001621', 'epoch': '26.34'}
{'eval_loss': '0.2479', 'eval_runtime': '15.97', 'eval_samples_per_second': '273.5', 'eval_steps_per_second': '2.88', 'epoch': '26.34'}
{'loss': '0.2395', 'grad_norm': '2.977', 'learning_rate': '0.0001519', 'epoch': '27.32'}
{'eval_loss': '0.2462', 'eval_runtime': '15.99', 'eval_samples_per_second': '273.3', 'eval_steps_per_second': '2.878', 'epoch': '27.32'}
{'loss': '0.2103', 'grad_norm': '1.176', 'learning_rate': '0.0001417', 'epoch': '28.29'}
{'eval_loss': '0.214', 'eval_runtime': '15.99', 'eval_samples_per_second': '273.2', 'eval_steps_per_second': '2.877', 'epoch': '28.29'}
{'loss': '0.1959', 'grad_norm': '6.046', 'learning_rate': '0.0001316', 'epoch': '29.27'}
{'eval_loss': '0.2548', 'eval_runtime': '15.99', 'eval_samples_per_second': '273.2', 'eval_steps_per_second': '2.878', 'epoch': '29.27'}
{'loss': '0.183', 'grad_norm': '2.445', 'learning_rate': '0.0001215', 'epoch': '30.24'}
{'eval_loss': '0.2048', 'eval_runtime': '15.98', 'eval_samples_per_second': '273.4', 'eval_steps_per_second': '2.879', 'epoch': '30.24'}
{'loss': '0.172', 'grad_norm': '8.311', 'learning_rate': '0.0001115', 'epoch': '31.22'}
{'eval_loss': '0.1949', 'eval_runtime': '15.98', 'eval_samples_per_second': '273.4', 'eval_steps_per_second': '2.879', 'epoch': '31.22'}
{'loss': '0.1657', 'grad_norm': '1.92', 'learning_rate': '0.0001017', 'epoch': '32.2'}
{'eval_loss': '0.188', 'eval_runtime': '15.98', 'eval_samples_per_second': '273.3', 'eval_steps_per_second': '2.878', 'epoch': '32.2'}
{'loss': '0.1542', 'grad_norm': '0.4732', 'learning_rate': '9.218e-05', 'epoch': '33.17'}
{'eval_loss': '0.1865', 'eval_runtime': '15.98', 'eval_samples_per_second': '273.4', 'eval_steps_per_second': '2.879', 'epoch': '33.17'}
{'loss': '0.1501', 'grad_norm': '1.039', 'learning_rate': '8.289e-05', 'epoch': '34.15'}
{'eval_loss': '0.1962', 'eval_runtime': '15.96', 'eval_samples_per_second': '273.7', 'eval_steps_per_second': '2.883', 'epoch': '34.15'}
{'loss': '0.141', 'grad_norm': '1.13', 'learning_rate': '7.392e-05', 'epoch': '35.12'}
{'eval_loss': '0.1891', 'eval_runtime': '15.96', 'eval_samples_per_second': '273.6', 'eval_steps_per_second': '2.881', 'epoch': '35.12'}
{'loss': '0.1369', 'grad_norm': '2.455', 'learning_rate': '6.53e-05', 'epoch': '36.1'}
{'eval_loss': '0.1901', 'eval_runtime': '15.97', 'eval_samples_per_second': '273.5', 'eval_steps_per_second': '2.88', 'epoch': '36.1'}
{'loss': '0.1323', 'grad_norm': '3.222', 'learning_rate': '5.707e-05', 'epoch': '37.07'}
{'eval_loss': '0.1853', 'eval_runtime': '15.99', 'eval_samples_per_second': '273.2', 'eval_steps_per_second': '2.877', 'epoch': '37.07'}
{'loss': '0.1279', 'grad_norm': '2.601', 'learning_rate': '4.927e-05', 'epoch': '38.05'}
{'eval_loss': '0.182', 'eval_runtime': '15.99', 'eval_samples_per_second': '273.2', 'eval_steps_per_second': '2.878', 'epoch': '38.05'}
{'loss': '0.1237', 'grad_norm': '0.8994', 'learning_rate': '4.194e-05', 'epoch': '39.02'}
{'eval_loss': '0.197', 'eval_runtime': '16', 'eval_samples_per_second': '273.1', 'eval_steps_per_second': '2.876', 'epoch': '39.02'}
{'loss': '0.1209', 'grad_norm': '4.572', 'learning_rate': '3.511e-05', 'epoch': '40'}
{'eval_loss': '0.2', 'eval_runtime': '15.99', 'eval_samples_per_second': '273.2', 'eval_steps_per_second': '2.877', 'epoch': '40'}
{'loss': '0.1184', 'grad_norm': '0.6205', 'learning_rate': '2.881e-05', 'epoch': '40.98'}
{'eval_loss': '0.189', 'eval_runtime': '15.97', 'eval_samples_per_second': '273.6', 'eval_steps_per_second': '2.881', 'epoch': '40.98'}
{'loss': '0.116', 'grad_norm': '0.4997', 'learning_rate': '2.308e-05', 'epoch': '41.95'}
{'eval_loss': '0.1938', 'eval_runtime': '15.98', 'eval_samples_per_second': '273.4', 'eval_steps_per_second': '2.879', 'epoch': '41.95'}
{'loss': '0.1135', 'grad_norm': '1.647', 'learning_rate': '1.793e-05', 'epoch': '42.93'}
{'eval_loss': '0.1926', 'eval_runtime': '15.97', 'eval_samples_per_second': '273.5', 'eval_steps_per_second': '2.88', 'epoch': '42.93'}
{'train_runtime': '1.846e+04', 'train_samples_per_second': '106.5', 'train_steps_per_second': '1.11', 'train_loss': '0.6923', 'epoch': '42.93'}
Evaluating (Mean Loss)...
Calculating per-sequence surprisals...
Fold 5 Evaluation per token: 0.1820
Fold 5 Entropy per sequence: 6.9428

--- Starting Fold 6/10 ---
Fold 6 sizes: Train=39314, Eval=4368
Loading tokenizer...
Found 68 POS tags: ['-LRB-', '-RRB-', 'ADD', 'ADJP', 'ADVP', 'AFX', 'CC', 'CD', 'CONJP', 'DT', 'EX', 'FRAG', 'FW', 'HYPH', 'IN', 'INTJ', 'JJ', 'JJR', 'JJS', 'LS', 'LST', 'MD', 'NFP', 'NML', 'NN', 'NNP', 'NNPS', 'NNS', 'NP', 'PDT', 'POS', 'PP', 'PRN', 'PRP', 'PRP$', 'PRT', 'QP', 'RB', 'RBR', 'RBS', 'ROOT', 'RP', 'RRC', 'S', 'SBAR', 'SBARQ', 'SINV', 'SQ', 'SYM', 'TO', 'UCP', 'UH', 'VB', 'VBD', 'VBG', 'VBN', 'VBP', 'VBZ', 'VP', 'WDT', 'WHADJP', 'WHADVP', 'WHNP', 'WHPP', 'WP', 'WP$', 'WRB', 'X']
Found 0 phrase labels: []
Adding manual additions: ( ) # $ . , ''
Preprocessing...
Token length per parse sequence: 38.0298
Initializing DualEncoder model...
Loading  weights...
Missing keys: ['prosody_encoder.pos_table', 'prosody_encoder.mag_table', 'prosody_encoder.transformer.layers.0.self_attn.in_proj_weight', 'prosody_encoder.transformer.layers.0.self_attn.in_proj_bias', 'prosody_encoder.transformer.layers.0.self_attn.out_proj.weight', 'prosody_encoder.transformer.layers.0.self_attn.out_proj.bias', 'prosody_encoder.transformer.layers.0.linear1.weight', 'prosody_encoder.transformer.layers.0.linear1.bias', 'prosody_encoder.transformer.layers.0.linear2.weight', 'prosody_encoder.transformer.layers.0.linear2.bias', 'prosody_encoder.transformer.layers.0.norm1.weight', 'prosody_encoder.transformer.layers.0.norm1.bias', 'prosody_encoder.transformer.layers.0.norm2.weight', 'prosody_encoder.transformer.layers.0.norm2.bias', 'prosody_encoder.transformer.layers.1.self_attn.in_proj_weight', 'prosody_encoder.transformer.layers.1.self_attn.in_proj_bias', 'prosody_encoder.transformer.layers.1.self_attn.out_proj.weight', 'prosody_encoder.transformer.layers.1.self_attn.out_proj.bias', 'prosody_encoder.transformer.layers.1.linear1.weight', 'prosody_encoder.transformer.layers.1.linear1.bias', 'prosody_encoder.transformer.layers.1.linear2.weight', 'prosody_encoder.transformer.layers.1.linear2.bias', 'prosody_encoder.transformer.layers.1.norm1.weight', 'prosody_encoder.transformer.layers.1.norm1.bias', 'prosody_encoder.transformer.layers.1.norm2.weight', 'prosody_encoder.transformer.layers.1.norm2.bias', 'prosody_encoder.up_proj.weight', 'prosody_encoder.up_proj.bias', 'prosody_up.weight', 'prosody_up.bias', 'cross_attn.in_proj_weight', 'cross_attn.in_proj_bias', 'cross_attn.out_proj.weight', 'cross_attn.out_proj.bias', 'fusion_layer_norm.weight', 'fusion_layer_norm.bias']
Unexpected keys: []
Re-initializing decoder layer, to be trained from scratch
Training...
{'loss': '13.35', 'grad_norm': '211.7', 'learning_rate': '5.839e-05', 'epoch': '0.9756'}
{'eval_loss': '1.31', 'eval_runtime': '15.97', 'eval_samples_per_second': '273.6', 'eval_steps_per_second': '2.881', 'epoch': '0.9756'}
{'loss': '1.945', 'grad_norm': '191.2', 'learning_rate': '0.0001169', 'epoch': '1.951'}
{'eval_loss': '3.065', 'eval_runtime': '15.96', 'eval_samples_per_second': '273.7', 'eval_steps_per_second': '2.882', 'epoch': '1.951'}
{'loss': '1.42', 'grad_norm': '20.35', 'learning_rate': '0.0001755', 'epoch': '2.927'}
{'eval_loss': '1.148', 'eval_runtime': '15.96', 'eval_samples_per_second': '273.6', 'eval_steps_per_second': '2.882', 'epoch': '2.927'}
{'loss': '1.004', 'grad_norm': '17.44', 'learning_rate': '0.000234', 'epoch': '3.902'}
{'eval_loss': '0.6454', 'eval_runtime': '15.95', 'eval_samples_per_second': '273.8', 'eval_steps_per_second': '2.883', 'epoch': '3.902'}
{'loss': '0.774', 'grad_norm': '11.38', 'learning_rate': '0.0002925', 'epoch': '4.878'}
{'eval_loss': '0.523', 'eval_runtime': '15.96', 'eval_samples_per_second': '273.6', 'eval_steps_per_second': '2.882', 'epoch': '4.878'}
{'loss': '0.749', 'grad_norm': '28.93', 'learning_rate': '0.0002997', 'epoch': '5.854'}
{'eval_loss': '0.6174', 'eval_runtime': '15.96', 'eval_samples_per_second': '273.6', 'eval_steps_per_second': '2.882', 'epoch': '5.854'}
{'loss': '0.611', 'grad_norm': '1.376', 'learning_rate': '0.0002988', 'epoch': '6.829'}
{'eval_loss': '0.528', 'eval_runtime': '15.98', 'eval_samples_per_second': '273.4', 'eval_steps_per_second': '2.879', 'epoch': '6.829'}
{'loss': '0.5937', 'grad_norm': '10.74', 'learning_rate': '0.0002971', 'epoch': '7.805'}
{'eval_loss': '0.5479', 'eval_runtime': '15.97', 'eval_samples_per_second': '273.6', 'eval_steps_per_second': '2.881', 'epoch': '7.805'}
{'loss': '0.5418', 'grad_norm': '35.63', 'learning_rate': '0.0002948', 'epoch': '8.78'}
{'eval_loss': '0.5034', 'eval_runtime': '15.96', 'eval_samples_per_second': '273.7', 'eval_steps_per_second': '2.882', 'epoch': '8.78'}
{'loss': '0.5338', 'grad_norm': '26.35', 'learning_rate': '0.0002918', 'epoch': '9.756'}
{'eval_loss': '0.4852', 'eval_runtime': '16', 'eval_samples_per_second': '273.1', 'eval_steps_per_second': '2.876', 'epoch': '9.756'}
{'loss': '0.5116', 'grad_norm': '1.343', 'learning_rate': '0.0002882', 'epoch': '10.73'}
{'eval_loss': '0.4605', 'eval_runtime': '15.96', 'eval_samples_per_second': '273.7', 'eval_steps_per_second': '2.883', 'epoch': '10.73'}
{'loss': '0.4892', 'grad_norm': '11.25', 'learning_rate': '0.0002839', 'epoch': '11.71'}
{'eval_loss': '0.5432', 'eval_runtime': '15.96', 'eval_samples_per_second': '273.6', 'eval_steps_per_second': '2.882', 'epoch': '11.71'}
{'loss': '0.4756', 'grad_norm': '18.34', 'learning_rate': '0.0002789', 'epoch': '12.68'}
{'eval_loss': '0.4522', 'eval_runtime': '15.96', 'eval_samples_per_second': '273.7', 'eval_steps_per_second': '2.882', 'epoch': '12.68'}
{'loss': '0.4696', 'grad_norm': '10.25', 'learning_rate': '0.0002734', 'epoch': '13.66'}
{'eval_loss': '0.4542', 'eval_runtime': '15.97', 'eval_samples_per_second': '273.5', 'eval_steps_per_second': '2.881', 'epoch': '13.66'}
{'loss': '0.4586', 'grad_norm': '6.906', 'learning_rate': '0.0002673', 'epoch': '14.63'}
{'eval_loss': '0.4571', 'eval_runtime': '15.99', 'eval_samples_per_second': '273.1', 'eval_steps_per_second': '2.876', 'epoch': '14.63'}
{'loss': '0.4411', 'grad_norm': '3.971', 'learning_rate': '0.0002607', 'epoch': '15.61'}
{'eval_loss': '0.3951', 'eval_runtime': '15.97', 'eval_samples_per_second': '273.5', 'eval_steps_per_second': '2.881', 'epoch': '15.61'}
{'loss': '0.4294', 'grad_norm': '1.807', 'learning_rate': '0.0002536', 'epoch': '16.59'}
{'eval_loss': '0.3794', 'eval_runtime': '16.01', 'eval_samples_per_second': '272.8', 'eval_steps_per_second': '2.873', 'epoch': '16.59'}
{'loss': '0.4091', 'grad_norm': '17.5', 'learning_rate': '0.0002459', 'epoch': '17.56'}
{'eval_loss': '0.3938', 'eval_runtime': '15.98', 'eval_samples_per_second': '273.4', 'eval_steps_per_second': '2.879', 'epoch': '17.56'}
{'loss': '0.401', 'grad_norm': '9.454', 'learning_rate': '0.0002379', 'epoch': '18.54'}
{'eval_loss': '0.3799', 'eval_runtime': '16', 'eval_samples_per_second': '273.1', 'eval_steps_per_second': '2.876', 'epoch': '18.54'}
{'loss': '0.3724', 'grad_norm': '11.79', 'learning_rate': '0.0002294', 'epoch': '19.51'}
{'eval_loss': '0.3658', 'eval_runtime': '15.96', 'eval_samples_per_second': '273.6', 'eval_steps_per_second': '2.881', 'epoch': '19.51'}
{'loss': '0.3535', 'grad_norm': '12.45', 'learning_rate': '0.0002206', 'epoch': '20.49'}
{'eval_loss': '0.3398', 'eval_runtime': '15.99', 'eval_samples_per_second': '273.1', 'eval_steps_per_second': '2.876', 'epoch': '20.49'}
{'loss': '0.3192', 'grad_norm': '6.624', 'learning_rate': '0.0002114', 'epoch': '21.46'}
{'eval_loss': '0.2561', 'eval_runtime': '15.96', 'eval_samples_per_second': '273.7', 'eval_steps_per_second': '2.882', 'epoch': '21.46'}
{'loss': '0.2812', 'grad_norm': '5.487', 'learning_rate': '0.0002019', 'epoch': '22.44'}
{'eval_loss': '0.2362', 'eval_runtime': '15.96', 'eval_samples_per_second': '273.6', 'eval_steps_per_second': '2.882', 'epoch': '22.44'}
{'loss': '0.2578', 'grad_norm': '2.736', 'learning_rate': '0.0001922', 'epoch': '23.41'}
{'eval_loss': '0.2173', 'eval_runtime': '15.97', 'eval_samples_per_second': '273.5', 'eval_steps_per_second': '2.881', 'epoch': '23.41'}
{'loss': '0.2463', 'grad_norm': '3.292', 'learning_rate': '0.0001823', 'epoch': '24.39'}
{'eval_loss': '0.2583', 'eval_runtime': '15.98', 'eval_samples_per_second': '273.4', 'eval_steps_per_second': '2.879', 'epoch': '24.39'}
{'loss': '0.2202', 'grad_norm': '8.198', 'learning_rate': '0.0001723', 'epoch': '25.37'}
{'eval_loss': '0.2463', 'eval_runtime': '15.97', 'eval_samples_per_second': '273.5', 'eval_steps_per_second': '2.88', 'epoch': '25.37'}
{'loss': '0.2003', 'grad_norm': '12.34', 'learning_rate': '0.0001621', 'epoch': '26.34'}
{'eval_loss': '0.2114', 'eval_runtime': '15.96', 'eval_samples_per_second': '273.7', 'eval_steps_per_second': '2.882', 'epoch': '26.34'}
{'loss': '0.1862', 'grad_norm': '1.072', 'learning_rate': '0.0001519', 'epoch': '27.32'}
{'eval_loss': '0.1974', 'eval_runtime': '16', 'eval_samples_per_second': '273', 'eval_steps_per_second': '2.875', 'epoch': '27.32'}
{'loss': '0.1719', 'grad_norm': '0.4795', 'learning_rate': '0.0001417', 'epoch': '28.29'}
{'eval_loss': '0.1992', 'eval_runtime': '15.96', 'eval_samples_per_second': '273.6', 'eval_steps_per_second': '2.881', 'epoch': '28.29'}
{'loss': '0.1668', 'grad_norm': '1.647', 'learning_rate': '0.0001316', 'epoch': '29.27'}
{'eval_loss': '0.1977', 'eval_runtime': '16', 'eval_samples_per_second': '273', 'eval_steps_per_second': '2.875', 'epoch': '29.27'}
{'loss': '0.1438', 'grad_norm': '6.065', 'learning_rate': '0.0001215', 'epoch': '30.24'}
{'eval_loss': '0.2234', 'eval_runtime': '15.96', 'eval_samples_per_second': '273.7', 'eval_steps_per_second': '2.882', 'epoch': '30.24'}
{'loss': '0.1387', 'grad_norm': '1.91', 'learning_rate': '0.0001115', 'epoch': '31.22'}
{'eval_loss': '0.196', 'eval_runtime': '15.99', 'eval_samples_per_second': '273.2', 'eval_steps_per_second': '2.877', 'epoch': '31.22'}
{'loss': '0.1284', 'grad_norm': '1.726', 'learning_rate': '0.0001017', 'epoch': '32.2'}
{'eval_loss': '0.191', 'eval_runtime': '15.98', 'eval_samples_per_second': '273.4', 'eval_steps_per_second': '2.879', 'epoch': '32.2'}
{'loss': '0.1202', 'grad_norm': '0.4542', 'learning_rate': '9.218e-05', 'epoch': '33.17'}
{'eval_loss': '0.1909', 'eval_runtime': '15.97', 'eval_samples_per_second': '273.4', 'eval_steps_per_second': '2.88', 'epoch': '33.17'}
{'loss': '0.1152', 'grad_norm': '0.667', 'learning_rate': '8.289e-05', 'epoch': '34.15'}
{'eval_loss': '0.1902', 'eval_runtime': '15.97', 'eval_samples_per_second': '273.4', 'eval_steps_per_second': '2.88', 'epoch': '34.15'}
{'loss': '0.1096', 'grad_norm': '0.6937', 'learning_rate': '7.392e-05', 'epoch': '35.12'}
{'eval_loss': '0.1891', 'eval_runtime': '15.97', 'eval_samples_per_second': '273.5', 'eval_steps_per_second': '2.88', 'epoch': '35.12'}
{'loss': '0.1058', 'grad_norm': '1.896', 'learning_rate': '6.53e-05', 'epoch': '36.1'}
{'eval_loss': '0.1925', 'eval_runtime': '16', 'eval_samples_per_second': '273', 'eval_steps_per_second': '2.875', 'epoch': '36.1'}
{'loss': '0.1014', 'grad_norm': '0.8505', 'learning_rate': '5.707e-05', 'epoch': '37.07'}
{'eval_loss': '0.1921', 'eval_runtime': '15.97', 'eval_samples_per_second': '273.5', 'eval_steps_per_second': '2.881', 'epoch': '37.07'}
{'loss': '0.09804', 'grad_norm': '0.8003', 'learning_rate': '4.927e-05', 'epoch': '38.05'}
{'eval_loss': '0.1948', 'eval_runtime': '16', 'eval_samples_per_second': '273', 'eval_steps_per_second': '2.875', 'epoch': '38.05'}
{'loss': '0.09578', 'grad_norm': '1.373', 'learning_rate': '4.194e-05', 'epoch': '39.02'}
{'eval_loss': '0.1905', 'eval_runtime': '15.96', 'eval_samples_per_second': '273.7', 'eval_steps_per_second': '2.882', 'epoch': '39.02'}
{'loss': '0.09287', 'grad_norm': '0.4144', 'learning_rate': '3.511e-05', 'epoch': '40'}
{'eval_loss': '0.1943', 'eval_runtime': '16.01', 'eval_samples_per_second': '272.8', 'eval_steps_per_second': '2.873', 'epoch': '40'}
{'train_runtime': '1.716e+04', 'train_samples_per_second': '114.6', 'train_steps_per_second': '1.195', 'train_loss': '0.7227', 'epoch': '40'}
Evaluating (Mean Loss)...
Calculating per-sequence surprisals...
Fold 6 Evaluation per token: 0.1891
Fold 6 Entropy per sequence: 7.1906

--- Starting Fold 7/10 ---
Fold 7 sizes: Train=39314, Eval=4368
Loading tokenizer...
Found 68 POS tags: ['-LRB-', '-RRB-', 'ADD', 'ADJP', 'ADVP', 'AFX', 'CC', 'CD', 'CONJP', 'DT', 'EX', 'FRAG', 'FW', 'HYPH', 'IN', 'INTJ', 'JJ', 'JJR', 'JJS', 'LS', 'LST', 'MD', 'NFP', 'NML', 'NN', 'NNP', 'NNPS', 'NNS', 'NP', 'PDT', 'POS', 'PP', 'PRN', 'PRP', 'PRP$', 'PRT', 'QP', 'RB', 'RBR', 'RBS', 'ROOT', 'RP', 'RRC', 'S', 'SBAR', 'SBARQ', 'SINV', 'SQ', 'SYM', 'TO', 'UCP', 'UH', 'VB', 'VBD', 'VBG', 'VBN', 'VBP', 'VBZ', 'VP', 'WDT', 'WHADJP', 'WHADVP', 'WHNP', 'WHPP', 'WP', 'WP$', 'WRB', 'X']
Found 0 phrase labels: []
Adding manual additions: ( ) # $ . , ''
Preprocessing...
Token length per parse sequence: 37.9185
Initializing DualEncoder model...
Loading  weights...
Missing keys: ['prosody_encoder.pos_table', 'prosody_encoder.mag_table', 'prosody_encoder.transformer.layers.0.self_attn.in_proj_weight', 'prosody_encoder.transformer.layers.0.self_attn.in_proj_bias', 'prosody_encoder.transformer.layers.0.self_attn.out_proj.weight', 'prosody_encoder.transformer.layers.0.self_attn.out_proj.bias', 'prosody_encoder.transformer.layers.0.linear1.weight', 'prosody_encoder.transformer.layers.0.linear1.bias', 'prosody_encoder.transformer.layers.0.linear2.weight', 'prosody_encoder.transformer.layers.0.linear2.bias', 'prosody_encoder.transformer.layers.0.norm1.weight', 'prosody_encoder.transformer.layers.0.norm1.bias', 'prosody_encoder.transformer.layers.0.norm2.weight', 'prosody_encoder.transformer.layers.0.norm2.bias', 'prosody_encoder.transformer.layers.1.self_attn.in_proj_weight', 'prosody_encoder.transformer.layers.1.self_attn.in_proj_bias', 'prosody_encoder.transformer.layers.1.self_attn.out_proj.weight', 'prosody_encoder.transformer.layers.1.self_attn.out_proj.bias', 'prosody_encoder.transformer.layers.1.linear1.weight', 'prosody_encoder.transformer.layers.1.linear1.bias', 'prosody_encoder.transformer.layers.1.linear2.weight', 'prosody_encoder.transformer.layers.1.linear2.bias', 'prosody_encoder.transformer.layers.1.norm1.weight', 'prosody_encoder.transformer.layers.1.norm1.bias', 'prosody_encoder.transformer.layers.1.norm2.weight', 'prosody_encoder.transformer.layers.1.norm2.bias', 'prosody_encoder.up_proj.weight', 'prosody_encoder.up_proj.bias', 'prosody_up.weight', 'prosody_up.bias', 'cross_attn.in_proj_weight', 'cross_attn.in_proj_bias', 'cross_attn.out_proj.weight', 'cross_attn.out_proj.bias', 'fusion_layer_norm.weight', 'fusion_layer_norm.bias']
Unexpected keys: []
Re-initializing decoder layer, to be trained from scratch
Training...
{'loss': '16.13', 'grad_norm': '104.8', 'learning_rate': '5.839e-05', 'epoch': '0.9756'}
{'eval_loss': '1.286', 'eval_runtime': '15.97', 'eval_samples_per_second': '273.6', 'eval_steps_per_second': '2.881', 'epoch': '0.9756'}
{'loss': '1.964', 'grad_norm': '63.73', 'learning_rate': '0.0001169', 'epoch': '1.951'}
{'eval_loss': '1.191', 'eval_runtime': '15.96', 'eval_samples_per_second': '273.6', 'eval_steps_per_second': '2.881', 'epoch': '1.951'}
{'loss': '1.147', 'grad_norm': '34.93', 'learning_rate': '0.0001755', 'epoch': '2.927'}
{'eval_loss': '0.7149', 'eval_runtime': '15.96', 'eval_samples_per_second': '273.6', 'eval_steps_per_second': '2.882', 'epoch': '2.927'}
{'loss': '0.854', 'grad_norm': '12.83', 'learning_rate': '0.000234', 'epoch': '3.902'}
{'eval_loss': '0.5536', 'eval_runtime': '16.02', 'eval_samples_per_second': '272.6', 'eval_steps_per_second': '2.871', 'epoch': '3.902'}
{'loss': '0.73', 'grad_norm': '43.61', 'learning_rate': '0.0002925', 'epoch': '4.878'}
{'eval_loss': '0.6794', 'eval_runtime': '16.07', 'eval_samples_per_second': '271.7', 'eval_steps_per_second': '2.862', 'epoch': '4.878'}
{'loss': '0.6725', 'grad_norm': '30.81', 'learning_rate': '0.0002997', 'epoch': '5.854'}
{'eval_loss': '0.6966', 'eval_runtime': '16.09', 'eval_samples_per_second': '271.4', 'eval_steps_per_second': '2.858', 'epoch': '5.854'}
{'loss': '0.5798', 'grad_norm': '11.07', 'learning_rate': '0.0002988', 'epoch': '6.829'}
{'eval_loss': '0.4795', 'eval_runtime': '16.08', 'eval_samples_per_second': '271.6', 'eval_steps_per_second': '2.861', 'epoch': '6.829'}
{'loss': '0.5852', 'grad_norm': '20.37', 'learning_rate': '0.0002971', 'epoch': '7.805'}
{'eval_loss': '0.5237', 'eval_runtime': '16.08', 'eval_samples_per_second': '271.7', 'eval_steps_per_second': '2.861', 'epoch': '7.805'}
{'loss': '0.5477', 'grad_norm': '14.69', 'learning_rate': '0.0002948', 'epoch': '8.78'}
{'eval_loss': '0.509', 'eval_runtime': '16.08', 'eval_samples_per_second': '271.7', 'eval_steps_per_second': '2.861', 'epoch': '8.78'}
{'loss': '0.5159', 'grad_norm': '3.766', 'learning_rate': '0.0002918', 'epoch': '9.756'}
{'eval_loss': '0.4752', 'eval_runtime': '16.08', 'eval_samples_per_second': '271.6', 'eval_steps_per_second': '2.86', 'epoch': '9.756'}
{'loss': '0.5002', 'grad_norm': '33.76', 'learning_rate': '0.0002882', 'epoch': '10.73'}
{'eval_loss': '0.486', 'eval_runtime': '16.08', 'eval_samples_per_second': '271.7', 'eval_steps_per_second': '2.862', 'epoch': '10.73'}
{'loss': '0.4875', 'grad_norm': '12.81', 'learning_rate': '0.0002839', 'epoch': '11.71'}
{'eval_loss': '0.4701', 'eval_runtime': '16.09', 'eval_samples_per_second': '271.5', 'eval_steps_per_second': '2.859', 'epoch': '11.71'}
{'loss': '0.4891', 'grad_norm': '34.86', 'learning_rate': '0.0002789', 'epoch': '12.68'}
{'eval_loss': '0.496', 'eval_runtime': '16.08', 'eval_samples_per_second': '271.7', 'eval_steps_per_second': '2.861', 'epoch': '12.68'}
{'loss': '0.477', 'grad_norm': '5.486', 'learning_rate': '0.0002734', 'epoch': '13.66'}
{'eval_loss': '0.4467', 'eval_runtime': '15.99', 'eval_samples_per_second': '273.1', 'eval_steps_per_second': '2.876', 'epoch': '13.66'}
{'loss': '0.4751', 'grad_norm': '16.75', 'learning_rate': '0.0002673', 'epoch': '14.63'}
{'eval_loss': '0.4287', 'eval_runtime': '16.02', 'eval_samples_per_second': '272.6', 'eval_steps_per_second': '2.871', 'epoch': '14.63'}
{'loss': '0.4599', 'grad_norm': '1.213', 'learning_rate': '0.0002607', 'epoch': '15.61'}
{'eval_loss': '0.4657', 'eval_runtime': '16.02', 'eval_samples_per_second': '272.6', 'eval_steps_per_second': '2.871', 'epoch': '15.61'}
{'loss': '0.439', 'grad_norm': '3.76', 'learning_rate': '0.0002536', 'epoch': '16.59'}
{'eval_loss': '0.391', 'eval_runtime': '16.05', 'eval_samples_per_second': '272.1', 'eval_steps_per_second': '2.866', 'epoch': '16.59'}
{'loss': '0.427', 'grad_norm': '1.078', 'learning_rate': '0.0002459', 'epoch': '17.56'}
{'eval_loss': '0.3874', 'eval_runtime': '16.02', 'eval_samples_per_second': '272.7', 'eval_steps_per_second': '2.872', 'epoch': '17.56'}
{'loss': '0.4125', 'grad_norm': '8.045', 'learning_rate': '0.0002379', 'epoch': '18.54'}
{'eval_loss': '0.3613', 'eval_runtime': '16.05', 'eval_samples_per_second': '272.1', 'eval_steps_per_second': '2.866', 'epoch': '18.54'}
{'loss': '0.3851', 'grad_norm': '3.29', 'learning_rate': '0.0002294', 'epoch': '19.51'}
{'eval_loss': '0.3473', 'eval_runtime': '16.01', 'eval_samples_per_second': '272.8', 'eval_steps_per_second': '2.873', 'epoch': '19.51'}
{'loss': '0.3601', 'grad_norm': '3.809', 'learning_rate': '0.0002206', 'epoch': '20.49'}
{'eval_loss': '0.3282', 'eval_runtime': '16.05', 'eval_samples_per_second': '272.2', 'eval_steps_per_second': '2.867', 'epoch': '20.49'}
{'loss': '0.3398', 'grad_norm': '6.414', 'learning_rate': '0.0002114', 'epoch': '21.46'}
{'eval_loss': '0.287', 'eval_runtime': '16', 'eval_samples_per_second': '272.9', 'eval_steps_per_second': '2.874', 'epoch': '21.46'}
{'loss': '0.3077', 'grad_norm': '38.56', 'learning_rate': '0.0002019', 'epoch': '22.44'}
{'eval_loss': '0.5157', 'eval_runtime': '16.04', 'eval_samples_per_second': '272.4', 'eval_steps_per_second': '2.868', 'epoch': '22.44'}
{'loss': '0.2847', 'grad_norm': '15.14', 'learning_rate': '0.0001922', 'epoch': '23.41'}
{'eval_loss': '0.2795', 'eval_runtime': '16.02', 'eval_samples_per_second': '272.7', 'eval_steps_per_second': '2.872', 'epoch': '23.41'}
{'loss': '0.2589', 'grad_norm': '18.34', 'learning_rate': '0.0001823', 'epoch': '24.39'}
{'eval_loss': '0.2483', 'eval_runtime': '16', 'eval_samples_per_second': '273.1', 'eval_steps_per_second': '2.876', 'epoch': '24.39'}
{'loss': '0.2505', 'grad_norm': '15.6', 'learning_rate': '0.0001723', 'epoch': '25.37'}
{'eval_loss': '0.2766', 'eval_runtime': '16', 'eval_samples_per_second': '273', 'eval_steps_per_second': '2.875', 'epoch': '25.37'}
{'loss': '0.2239', 'grad_norm': '1.821', 'learning_rate': '0.0001621', 'epoch': '26.34'}
{'eval_loss': '0.2048', 'eval_runtime': '15.96', 'eval_samples_per_second': '273.7', 'eval_steps_per_second': '2.882', 'epoch': '26.34'}
{'loss': '0.2033', 'grad_norm': '0.6783', 'learning_rate': '0.0001519', 'epoch': '27.32'}
{'eval_loss': '0.2015', 'eval_runtime': '15.99', 'eval_samples_per_second': '273.2', 'eval_steps_per_second': '2.877', 'epoch': '27.32'}
{'loss': '0.1839', 'grad_norm': '1.655', 'learning_rate': '0.0001417', 'epoch': '28.29'}
{'eval_loss': '0.2006', 'eval_runtime': '15.96', 'eval_samples_per_second': '273.6', 'eval_steps_per_second': '2.882', 'epoch': '28.29'}
{'loss': '0.1736', 'grad_norm': '4.064', 'learning_rate': '0.0001316', 'epoch': '29.27'}
{'eval_loss': '0.2021', 'eval_runtime': '16', 'eval_samples_per_second': '273.1', 'eval_steps_per_second': '2.876', 'epoch': '29.27'}
{'loss': '0.1574', 'grad_norm': '1.028', 'learning_rate': '0.0001215', 'epoch': '30.24'}
{'eval_loss': '0.1937', 'eval_runtime': '15.96', 'eval_samples_per_second': '273.6', 'eval_steps_per_second': '2.881', 'epoch': '30.24'}
{'loss': '0.1459', 'grad_norm': '1.056', 'learning_rate': '0.0001115', 'epoch': '31.22'}
{'eval_loss': '0.1937', 'eval_runtime': '16', 'eval_samples_per_second': '273', 'eval_steps_per_second': '2.875', 'epoch': '31.22'}
{'loss': '0.1373', 'grad_norm': '5.062', 'learning_rate': '0.0001017', 'epoch': '32.2'}
{'eval_loss': '0.1796', 'eval_runtime': '15.99', 'eval_samples_per_second': '273.2', 'eval_steps_per_second': '2.877', 'epoch': '32.2'}
{'loss': '0.1288', 'grad_norm': '1.019', 'learning_rate': '9.218e-05', 'epoch': '33.17'}
{'eval_loss': '0.1944', 'eval_runtime': '15.97', 'eval_samples_per_second': '273.5', 'eval_steps_per_second': '2.88', 'epoch': '33.17'}
{'loss': '0.1244', 'grad_norm': '1.473', 'learning_rate': '8.289e-05', 'epoch': '34.15'}
{'eval_loss': '0.1891', 'eval_runtime': '15.97', 'eval_samples_per_second': '273.5', 'eval_steps_per_second': '2.88', 'epoch': '34.15'}
{'loss': '0.1184', 'grad_norm': '1.272', 'learning_rate': '7.392e-05', 'epoch': '35.12'}
{'eval_loss': '0.1892', 'eval_runtime': '15.98', 'eval_samples_per_second': '273.4', 'eval_steps_per_second': '2.879', 'epoch': '35.12'}
{'loss': '0.1136', 'grad_norm': '1.479', 'learning_rate': '6.53e-05', 'epoch': '36.1'}
{'eval_loss': '0.1901', 'eval_runtime': '16.16', 'eval_samples_per_second': '270.3', 'eval_steps_per_second': '2.846', 'epoch': '36.1'}
{'loss': '0.109', 'grad_norm': '0.3138', 'learning_rate': '5.707e-05', 'epoch': '37.07'}
{'eval_loss': '0.2007', 'eval_runtime': '15.98', 'eval_samples_per_second': '273.3', 'eval_steps_per_second': '2.878', 'epoch': '37.07'}
{'train_runtime': '1.592e+04', 'train_samples_per_second': '123.4', 'train_steps_per_second': '1.287', 'train_loss': '0.8394', 'epoch': '37.07'}
Evaluating (Mean Loss)...
Calculating per-sequence surprisals...
Fold 7 Evaluation per token: 0.1796
Fold 7 Entropy per sequence: 6.8094

--- Starting Fold 8/10 ---
Fold 8 sizes: Train=39314, Eval=4368
Loading tokenizer...
Found 68 POS tags: ['-LRB-', '-RRB-', 'ADD', 'ADJP', 'ADVP', 'AFX', 'CC', 'CD', 'CONJP', 'DT', 'EX', 'FRAG', 'FW', 'HYPH', 'IN', 'INTJ', 'JJ', 'JJR', 'JJS', 'LS', 'LST', 'MD', 'NFP', 'NML', 'NN', 'NNP', 'NNPS', 'NNS', 'NP', 'PDT', 'POS', 'PP', 'PRN', 'PRP', 'PRP$', 'PRT', 'QP', 'RB', 'RBR', 'RBS', 'ROOT', 'RP', 'RRC', 'S', 'SBAR', 'SBARQ', 'SINV', 'SQ', 'SYM', 'TO', 'UCP', 'UH', 'VB', 'VBD', 'VBG', 'VBN', 'VBP', 'VBZ', 'VP', 'WDT', 'WHADJP', 'WHADVP', 'WHNP', 'WHPP', 'WP', 'WP$', 'WRB', 'X']
Found 0 phrase labels: []
Adding manual additions: ( ) # $ . , ''
Preprocessing...
Token length per parse sequence: 37.2166
Initializing DualEncoder model...
Loading  weights...
Missing keys: ['prosody_encoder.pos_table', 'prosody_encoder.mag_table', 'prosody_encoder.transformer.layers.0.self_attn.in_proj_weight', 'prosody_encoder.transformer.layers.0.self_attn.in_proj_bias', 'prosody_encoder.transformer.layers.0.self_attn.out_proj.weight', 'prosody_encoder.transformer.layers.0.self_attn.out_proj.bias', 'prosody_encoder.transformer.layers.0.linear1.weight', 'prosody_encoder.transformer.layers.0.linear1.bias', 'prosody_encoder.transformer.layers.0.linear2.weight', 'prosody_encoder.transformer.layers.0.linear2.bias', 'prosody_encoder.transformer.layers.0.norm1.weight', 'prosody_encoder.transformer.layers.0.norm1.bias', 'prosody_encoder.transformer.layers.0.norm2.weight', 'prosody_encoder.transformer.layers.0.norm2.bias', 'prosody_encoder.transformer.layers.1.self_attn.in_proj_weight', 'prosody_encoder.transformer.layers.1.self_attn.in_proj_bias', 'prosody_encoder.transformer.layers.1.self_attn.out_proj.weight', 'prosody_encoder.transformer.layers.1.self_attn.out_proj.bias', 'prosody_encoder.transformer.layers.1.linear1.weight', 'prosody_encoder.transformer.layers.1.linear1.bias', 'prosody_encoder.transformer.layers.1.linear2.weight', 'prosody_encoder.transformer.layers.1.linear2.bias', 'prosody_encoder.transformer.layers.1.norm1.weight', 'prosody_encoder.transformer.layers.1.norm1.bias', 'prosody_encoder.transformer.layers.1.norm2.weight', 'prosody_encoder.transformer.layers.1.norm2.bias', 'prosody_encoder.up_proj.weight', 'prosody_encoder.up_proj.bias', 'prosody_up.weight', 'prosody_up.bias', 'cross_attn.in_proj_weight', 'cross_attn.in_proj_bias', 'cross_attn.out_proj.weight', 'cross_attn.out_proj.bias', 'fusion_layer_norm.weight', 'fusion_layer_norm.bias']
Unexpected keys: []
Re-initializing decoder layer, to be trained from scratch
Training...
{'loss': '21.18', 'grad_norm': '152.5', 'learning_rate': '5.839e-05', 'epoch': '0.9756'}
{'eval_loss': '1.689', 'eval_runtime': '15.98', 'eval_samples_per_second': '273.3', 'eval_steps_per_second': '2.879', 'epoch': '0.9756'}
{'loss': '1.923', 'grad_norm': '50.69', 'learning_rate': '0.0001169', 'epoch': '1.951'}
{'eval_loss': '1.238', 'eval_runtime': '16.01', 'eval_samples_per_second': '272.9', 'eval_steps_per_second': '2.874', 'epoch': '1.951'}
{'loss': '1.353', 'grad_norm': '84.39', 'learning_rate': '0.0001755', 'epoch': '2.927'}
{'eval_loss': '1.638', 'eval_runtime': '15.98', 'eval_samples_per_second': '273.3', 'eval_steps_per_second': '2.878', 'epoch': '2.927'}
{'loss': '1.059', 'grad_norm': '90.77', 'learning_rate': '0.000234', 'epoch': '3.902'}
{'eval_loss': '0.6863', 'eval_runtime': '15.97', 'eval_samples_per_second': '273.4', 'eval_steps_per_second': '2.879', 'epoch': '3.902'}
{'loss': '0.8552', 'grad_norm': '107.4', 'learning_rate': '0.0002925', 'epoch': '4.878'}
{'eval_loss': '1.367', 'eval_runtime': '15.98', 'eval_samples_per_second': '273.4', 'eval_steps_per_second': '2.879', 'epoch': '4.878'}
{'loss': '0.7268', 'grad_norm': '17.12', 'learning_rate': '0.0002997', 'epoch': '5.854'}
{'eval_loss': '0.5488', 'eval_runtime': '16.08', 'eval_samples_per_second': '271.6', 'eval_steps_per_second': '2.861', 'epoch': '5.854'}
{'loss': '0.6575', 'grad_norm': '6.121', 'learning_rate': '0.0002988', 'epoch': '6.829'}
{'eval_loss': '0.596', 'eval_runtime': '16.02', 'eval_samples_per_second': '272.7', 'eval_steps_per_second': '2.872', 'epoch': '6.829'}
{'loss': '0.5882', 'grad_norm': '16.09', 'learning_rate': '0.0002971', 'epoch': '7.805'}
{'eval_loss': '0.4991', 'eval_runtime': '16.04', 'eval_samples_per_second': '272.4', 'eval_steps_per_second': '2.868', 'epoch': '7.805'}
{'loss': '0.54', 'grad_norm': '3.348', 'learning_rate': '0.0002948', 'epoch': '8.78'}
{'eval_loss': '0.5044', 'eval_runtime': '16.04', 'eval_samples_per_second': '272.3', 'eval_steps_per_second': '2.868', 'epoch': '8.78'}
{'loss': '0.5345', 'grad_norm': '14.96', 'learning_rate': '0.0002918', 'epoch': '9.756'}
{'eval_loss': '0.4741', 'eval_runtime': '16.11', 'eval_samples_per_second': '271.1', 'eval_steps_per_second': '2.855', 'epoch': '9.756'}
{'loss': '0.5083', 'grad_norm': '4.974', 'learning_rate': '0.0002882', 'epoch': '10.73'}
{'eval_loss': '0.4577', 'eval_runtime': '16.2', 'eval_samples_per_second': '269.6', 'eval_steps_per_second': '2.839', 'epoch': '10.73'}
{'loss': '0.5008', 'grad_norm': '17.1', 'learning_rate': '0.0002839', 'epoch': '11.71'}
{'eval_loss': '0.4761', 'eval_runtime': '16.2', 'eval_samples_per_second': '269.6', 'eval_steps_per_second': '2.839', 'epoch': '11.71'}
{'loss': '0.4877', 'grad_norm': '9.862', 'learning_rate': '0.0002789', 'epoch': '12.68'}
{'eval_loss': '0.4316', 'eval_runtime': '16.15', 'eval_samples_per_second': '270.5', 'eval_steps_per_second': '2.849', 'epoch': '12.68'}
{'loss': '0.4821', 'grad_norm': '7.655', 'learning_rate': '0.0002734', 'epoch': '13.66'}
{'eval_loss': '0.4421', 'eval_runtime': '16.2', 'eval_samples_per_second': '269.6', 'eval_steps_per_second': '2.84', 'epoch': '13.66'}
{'loss': '0.4694', 'grad_norm': '16.04', 'learning_rate': '0.0002673', 'epoch': '14.63'}
{'eval_loss': '0.434', 'eval_runtime': '16.16', 'eval_samples_per_second': '270.3', 'eval_steps_per_second': '2.847', 'epoch': '14.63'}
{'loss': '0.449', 'grad_norm': '8.806', 'learning_rate': '0.0002607', 'epoch': '15.61'}
{'eval_loss': '0.4115', 'eval_runtime': '16.15', 'eval_samples_per_second': '270.4', 'eval_steps_per_second': '2.848', 'epoch': '15.61'}
{'loss': '0.4414', 'grad_norm': '5.743', 'learning_rate': '0.0002536', 'epoch': '16.59'}
{'eval_loss': '0.41', 'eval_runtime': '16.03', 'eval_samples_per_second': '272.4', 'eval_steps_per_second': '2.869', 'epoch': '16.59'}
{'loss': '0.419', 'grad_norm': '30.12', 'learning_rate': '0.0002459', 'epoch': '17.56'}
{'eval_loss': '0.3942', 'eval_runtime': '16.06', 'eval_samples_per_second': '271.9', 'eval_steps_per_second': '2.864', 'epoch': '17.56'}
{'loss': '0.3977', 'grad_norm': '8.788', 'learning_rate': '0.0002379', 'epoch': '18.54'}
{'eval_loss': '0.3936', 'eval_runtime': '15.97', 'eval_samples_per_second': '273.6', 'eval_steps_per_second': '2.881', 'epoch': '18.54'}
{'loss': '0.3956', 'grad_norm': '4.485', 'learning_rate': '0.0002294', 'epoch': '19.51'}
{'eval_loss': '0.3718', 'eval_runtime': '15.97', 'eval_samples_per_second': '273.4', 'eval_steps_per_second': '2.88', 'epoch': '19.51'}
{'loss': '0.3604', 'grad_norm': '3.241', 'learning_rate': '0.0002206', 'epoch': '20.49'}
{'eval_loss': '0.3083', 'eval_runtime': '16.03', 'eval_samples_per_second': '272.6', 'eval_steps_per_second': '2.87', 'epoch': '20.49'}
{'loss': '0.314', 'grad_norm': '8.218', 'learning_rate': '0.0002114', 'epoch': '21.46'}
{'eval_loss': '0.289', 'eval_runtime': '16.02', 'eval_samples_per_second': '272.6', 'eval_steps_per_second': '2.871', 'epoch': '21.46'}
{'loss': '0.296', 'grad_norm': '2.356', 'learning_rate': '0.0002019', 'epoch': '22.44'}
{'eval_loss': '0.2722', 'eval_runtime': '16.04', 'eval_samples_per_second': '272.4', 'eval_steps_per_second': '2.868', 'epoch': '22.44'}
{'loss': '0.2672', 'grad_norm': '17.4', 'learning_rate': '0.0001922', 'epoch': '23.41'}
{'eval_loss': '0.2469', 'eval_runtime': '16.03', 'eval_samples_per_second': '272.6', 'eval_steps_per_second': '2.87', 'epoch': '23.41'}
{'loss': '0.2382', 'grad_norm': '13.21', 'learning_rate': '0.0001823', 'epoch': '24.39'}
{'eval_loss': '0.2688', 'eval_runtime': '16.03', 'eval_samples_per_second': '272.5', 'eval_steps_per_second': '2.87', 'epoch': '24.39'}
{'loss': '0.2153', 'grad_norm': '2.653', 'learning_rate': '0.0001723', 'epoch': '25.37'}
{'eval_loss': '0.2519', 'eval_runtime': '16.01', 'eval_samples_per_second': '272.8', 'eval_steps_per_second': '2.872', 'epoch': '25.37'}
{'loss': '0.2072', 'grad_norm': '1.886', 'learning_rate': '0.0001621', 'epoch': '26.34'}
{'eval_loss': '0.2111', 'eval_runtime': '16', 'eval_samples_per_second': '273', 'eval_steps_per_second': '2.875', 'epoch': '26.34'}
{'loss': '0.1833', 'grad_norm': '8.796', 'learning_rate': '0.0001519', 'epoch': '27.32'}
{'eval_loss': '0.2546', 'eval_runtime': '15.97', 'eval_samples_per_second': '273.5', 'eval_steps_per_second': '2.88', 'epoch': '27.32'}
{'loss': '0.1744', 'grad_norm': '5.348', 'learning_rate': '0.0001417', 'epoch': '28.29'}
{'eval_loss': '0.2038', 'eval_runtime': '15.97', 'eval_samples_per_second': '273.6', 'eval_steps_per_second': '2.881', 'epoch': '28.29'}
{'loss': '0.1577', 'grad_norm': '2.18', 'learning_rate': '0.0001316', 'epoch': '29.27'}
{'eval_loss': '0.1949', 'eval_runtime': '15.97', 'eval_samples_per_second': '273.6', 'eval_steps_per_second': '2.881', 'epoch': '29.27'}
{'loss': '0.1478', 'grad_norm': '4.563', 'learning_rate': '0.0001215', 'epoch': '30.24'}
{'eval_loss': '0.1982', 'eval_runtime': '15.97', 'eval_samples_per_second': '273.5', 'eval_steps_per_second': '2.881', 'epoch': '30.24'}
{'loss': '0.1349', 'grad_norm': '1.61', 'learning_rate': '0.0001115', 'epoch': '31.22'}
{'eval_loss': '0.1909', 'eval_runtime': '15.99', 'eval_samples_per_second': '273.1', 'eval_steps_per_second': '2.876', 'epoch': '31.22'}
{'loss': '0.1315', 'grad_norm': '0.6222', 'learning_rate': '0.0001017', 'epoch': '32.2'}
{'eval_loss': '0.188', 'eval_runtime': '15.97', 'eval_samples_per_second': '273.5', 'eval_steps_per_second': '2.881', 'epoch': '32.2'}
{'loss': '0.1216', 'grad_norm': '0.9022', 'learning_rate': '9.218e-05', 'epoch': '33.17'}
{'eval_loss': '0.2017', 'eval_runtime': '15.96', 'eval_samples_per_second': '273.6', 'eval_steps_per_second': '2.882', 'epoch': '33.17'}
{'loss': '0.116', 'grad_norm': '0.6945', 'learning_rate': '8.289e-05', 'epoch': '34.15'}
{'eval_loss': '0.1941', 'eval_runtime': '15.98', 'eval_samples_per_second': '273.4', 'eval_steps_per_second': '2.879', 'epoch': '34.15'}
{'loss': '0.1091', 'grad_norm': '0.4441', 'learning_rate': '7.392e-05', 'epoch': '35.12'}
{'eval_loss': '0.1935', 'eval_runtime': '15.96', 'eval_samples_per_second': '273.6', 'eval_steps_per_second': '2.882', 'epoch': '35.12'}
{'loss': '0.1059', 'grad_norm': '1.73', 'learning_rate': '6.53e-05', 'epoch': '36.1'}
{'eval_loss': '0.1895', 'eval_runtime': '16.11', 'eval_samples_per_second': '271.1', 'eval_steps_per_second': '2.855', 'epoch': '36.1'}
{'loss': '0.1019', 'grad_norm': '0.9983', 'learning_rate': '5.707e-05', 'epoch': '37.07'}
{'eval_loss': '0.1986', 'eval_runtime': '15.97', 'eval_samples_per_second': '273.6', 'eval_steps_per_second': '2.881', 'epoch': '37.07'}
{'train_runtime': '1.59e+04', 'train_samples_per_second': '123.6', 'train_steps_per_second': '1.289', 'train_loss': '0.9828', 'epoch': '37.07'}
Evaluating (Mean Loss)...
Calculating per-sequence surprisals...
Fold 8 Evaluation per token: 0.1880
Fold 8 Entropy per sequence: 6.9955

--- Starting Fold 9/10 ---
Fold 9 sizes: Train=39314, Eval=4368
Loading tokenizer...
Found 68 POS tags: ['-LRB-', '-RRB-', 'ADD', 'ADJP', 'ADVP', 'AFX', 'CC', 'CD', 'CONJP', 'DT', 'EX', 'FRAG', 'FW', 'HYPH', 'IN', 'INTJ', 'JJ', 'JJR', 'JJS', 'LS', 'LST', 'MD', 'NFP', 'NML', 'NN', 'NNP', 'NNPS', 'NNS', 'NP', 'PDT', 'POS', 'PP', 'PRN', 'PRP', 'PRP$', 'PRT', 'QP', 'RB', 'RBR', 'RBS', 'ROOT', 'RP', 'RRC', 'S', 'SBAR', 'SBARQ', 'SINV', 'SQ', 'SYM', 'TO', 'UCP', 'UH', 'VB', 'VBD', 'VBG', 'VBN', 'VBP', 'VBZ', 'VP', 'WDT', 'WHADJP', 'WHADVP', 'WHNP', 'WHPP', 'WP', 'WP$', 'WRB', 'X']
Found 0 phrase labels: []
Adding manual additions: ( ) # $ . , ''
Preprocessing...
Token length per parse sequence: 37.8191
Initializing DualEncoder model...
Loading  weights...
Missing keys: ['prosody_encoder.pos_table', 'prosody_encoder.mag_table', 'prosody_encoder.transformer.layers.0.self_attn.in_proj_weight', 'prosody_encoder.transformer.layers.0.self_attn.in_proj_bias', 'prosody_encoder.transformer.layers.0.self_attn.out_proj.weight', 'prosody_encoder.transformer.layers.0.self_attn.out_proj.bias', 'prosody_encoder.transformer.layers.0.linear1.weight', 'prosody_encoder.transformer.layers.0.linear1.bias', 'prosody_encoder.transformer.layers.0.linear2.weight', 'prosody_encoder.transformer.layers.0.linear2.bias', 'prosody_encoder.transformer.layers.0.norm1.weight', 'prosody_encoder.transformer.layers.0.norm1.bias', 'prosody_encoder.transformer.layers.0.norm2.weight', 'prosody_encoder.transformer.layers.0.norm2.bias', 'prosody_encoder.transformer.layers.1.self_attn.in_proj_weight', 'prosody_encoder.transformer.layers.1.self_attn.in_proj_bias', 'prosody_encoder.transformer.layers.1.self_attn.out_proj.weight', 'prosody_encoder.transformer.layers.1.self_attn.out_proj.bias', 'prosody_encoder.transformer.layers.1.linear1.weight', 'prosody_encoder.transformer.layers.1.linear1.bias', 'prosody_encoder.transformer.layers.1.linear2.weight', 'prosody_encoder.transformer.layers.1.linear2.bias', 'prosody_encoder.transformer.layers.1.norm1.weight', 'prosody_encoder.transformer.layers.1.norm1.bias', 'prosody_encoder.transformer.layers.1.norm2.weight', 'prosody_encoder.transformer.layers.1.norm2.bias', 'prosody_encoder.up_proj.weight', 'prosody_encoder.up_proj.bias', 'prosody_up.weight', 'prosody_up.bias', 'cross_attn.in_proj_weight', 'cross_attn.in_proj_bias', 'cross_attn.out_proj.weight', 'cross_attn.out_proj.bias', 'fusion_layer_norm.weight', 'fusion_layer_norm.bias']
Unexpected keys: []
Re-initializing decoder layer, to be trained from scratch
Training...
{'loss': '21.01', 'grad_norm': '35.84', 'learning_rate': '5.839e-05', 'epoch': '0.9756'}
{'eval_loss': '1.313', 'eval_runtime': '15.98', 'eval_samples_per_second': '273.4', 'eval_steps_per_second': '2.879', 'epoch': '0.9756'}
{'loss': '1.906', 'grad_norm': '108.9', 'learning_rate': '0.0001169', 'epoch': '1.951'}
{'eval_loss': '1.968', 'eval_runtime': '15.98', 'eval_samples_per_second': '273.4', 'eval_steps_per_second': '2.879', 'epoch': '1.951'}
{'loss': '1.248', 'grad_norm': '35.12', 'learning_rate': '0.0001755', 'epoch': '2.927'}
{'eval_loss': '0.7607', 'eval_runtime': '15.97', 'eval_samples_per_second': '273.5', 'eval_steps_per_second': '2.88', 'epoch': '2.927'}
{'loss': '1.044', 'grad_norm': '38.62', 'learning_rate': '0.000234', 'epoch': '3.902'}
{'eval_loss': '0.5992', 'eval_runtime': '15.96', 'eval_samples_per_second': '273.7', 'eval_steps_per_second': '2.882', 'epoch': '3.902'}
{'loss': '0.8396', 'grad_norm': '55.01', 'learning_rate': '0.0002925', 'epoch': '4.878'}
{'eval_loss': '0.7999', 'eval_runtime': '15.98', 'eval_samples_per_second': '273.4', 'eval_steps_per_second': '2.879', 'epoch': '4.878'}
{'loss': '0.7031', 'grad_norm': '19.03', 'learning_rate': '0.0002997', 'epoch': '5.854'}
{'eval_loss': '0.7576', 'eval_runtime': '15.96', 'eval_samples_per_second': '273.7', 'eval_steps_per_second': '2.883', 'epoch': '5.854'}
{'loss': '0.6124', 'grad_norm': '4.243', 'learning_rate': '0.0002988', 'epoch': '6.829'}
{'eval_loss': '0.5335', 'eval_runtime': '15.96', 'eval_samples_per_second': '273.6', 'eval_steps_per_second': '2.881', 'epoch': '6.829'}
{'loss': '0.5816', 'grad_norm': '19.03', 'learning_rate': '0.0002971', 'epoch': '7.805'}
{'eval_loss': '0.4794', 'eval_runtime': '15.96', 'eval_samples_per_second': '273.7', 'eval_steps_per_second': '2.883', 'epoch': '7.805'}
{'loss': '0.5413', 'grad_norm': '22.12', 'learning_rate': '0.0002948', 'epoch': '8.78'}
{'eval_loss': '0.4921', 'eval_runtime': '15.96', 'eval_samples_per_second': '273.7', 'eval_steps_per_second': '2.882', 'epoch': '8.78'}
{'loss': '0.5295', 'grad_norm': '14.46', 'learning_rate': '0.0002918', 'epoch': '9.756'}
{'eval_loss': '0.4732', 'eval_runtime': '15.95', 'eval_samples_per_second': '273.8', 'eval_steps_per_second': '2.884', 'epoch': '9.756'}
{'loss': '0.5006', 'grad_norm': '6.874', 'learning_rate': '0.0002882', 'epoch': '10.73'}
{'eval_loss': '0.4579', 'eval_runtime': '15.95', 'eval_samples_per_second': '273.8', 'eval_steps_per_second': '2.883', 'epoch': '10.73'}
{'loss': '0.5085', 'grad_norm': '4.859', 'learning_rate': '0.0002839', 'epoch': '11.71'}
{'eval_loss': '0.4246', 'eval_runtime': '15.96', 'eval_samples_per_second': '273.7', 'eval_steps_per_second': '2.883', 'epoch': '11.71'}
{'loss': '0.4825', 'grad_norm': '2.115', 'learning_rate': '0.0002789', 'epoch': '12.68'}
{'eval_loss': '0.4312', 'eval_runtime': '15.96', 'eval_samples_per_second': '273.6', 'eval_steps_per_second': '2.882', 'epoch': '12.68'}
{'loss': '0.4737', 'grad_norm': '22.33', 'learning_rate': '0.0002734', 'epoch': '13.66'}
{'eval_loss': '0.4588', 'eval_runtime': '16.01', 'eval_samples_per_second': '272.8', 'eval_steps_per_second': '2.873', 'epoch': '13.66'}
{'loss': '0.4623', 'grad_norm': '18.04', 'learning_rate': '0.0002673', 'epoch': '14.63'}
{'eval_loss': '0.4786', 'eval_runtime': '15.96', 'eval_samples_per_second': '273.7', 'eval_steps_per_second': '2.882', 'epoch': '14.63'}
{'loss': '0.4405', 'grad_norm': '1.265', 'learning_rate': '0.0002607', 'epoch': '15.61'}
{'eval_loss': '0.3909', 'eval_runtime': '16.11', 'eval_samples_per_second': '271.1', 'eval_steps_per_second': '2.855', 'epoch': '15.61'}
{'loss': '0.4315', 'grad_norm': '15.66', 'learning_rate': '0.0002536', 'epoch': '16.59'}
{'eval_loss': '0.3879', 'eval_runtime': '15.97', 'eval_samples_per_second': '273.6', 'eval_steps_per_second': '2.881', 'epoch': '16.59'}
{'loss': '0.4065', 'grad_norm': '9.274', 'learning_rate': '0.0002459', 'epoch': '17.56'}
{'eval_loss': '0.3929', 'eval_runtime': '15.96', 'eval_samples_per_second': '273.7', 'eval_steps_per_second': '2.882', 'epoch': '17.56'}
{'loss': '0.3892', 'grad_norm': '1.077', 'learning_rate': '0.0002379', 'epoch': '18.54'}
{'eval_loss': '0.3284', 'eval_runtime': '15.97', 'eval_samples_per_second': '273.5', 'eval_steps_per_second': '2.88', 'epoch': '18.54'}
{'loss': '0.3569', 'grad_norm': '3.38', 'learning_rate': '0.0002294', 'epoch': '19.51'}
{'eval_loss': '0.3055', 'eval_runtime': '15.96', 'eval_samples_per_second': '273.7', 'eval_steps_per_second': '2.883', 'epoch': '19.51'}
{'loss': '0.3332', 'grad_norm': '5.943', 'learning_rate': '0.0002206', 'epoch': '20.49'}
{'eval_loss': '0.272', 'eval_runtime': '15.97', 'eval_samples_per_second': '273.6', 'eval_steps_per_second': '2.881', 'epoch': '20.49'}
{'loss': '0.3059', 'grad_norm': '7.584', 'learning_rate': '0.0002114', 'epoch': '21.46'}
{'eval_loss': '0.2932', 'eval_runtime': '15.95', 'eval_samples_per_second': '273.8', 'eval_steps_per_second': '2.884', 'epoch': '21.46'}
{'loss': '0.2771', 'grad_norm': '9.846', 'learning_rate': '0.0002019', 'epoch': '22.44'}
{'eval_loss': '0.28', 'eval_runtime': '15.95', 'eval_samples_per_second': '273.8', 'eval_steps_per_second': '2.884', 'epoch': '22.44'}
{'loss': '0.2555', 'grad_norm': '10.55', 'learning_rate': '0.0001922', 'epoch': '23.41'}
{'eval_loss': '0.2233', 'eval_runtime': '15.96', 'eval_samples_per_second': '273.7', 'eval_steps_per_second': '2.882', 'epoch': '23.41'}
{'loss': '0.2214', 'grad_norm': '5.908', 'learning_rate': '0.0001823', 'epoch': '24.39'}
{'eval_loss': '0.2053', 'eval_runtime': '15.99', 'eval_samples_per_second': '273.1', 'eval_steps_per_second': '2.876', 'epoch': '24.39'}
{'loss': '0.2054', 'grad_norm': '2.694', 'learning_rate': '0.0001723', 'epoch': '25.37'}
{'eval_loss': '0.2211', 'eval_runtime': '15.96', 'eval_samples_per_second': '273.6', 'eval_steps_per_second': '2.882', 'epoch': '25.37'}
{'loss': '0.194', 'grad_norm': '8.803', 'learning_rate': '0.0001621', 'epoch': '26.34'}
{'eval_loss': '0.2054', 'eval_runtime': '15.97', 'eval_samples_per_second': '273.6', 'eval_steps_per_second': '2.881', 'epoch': '26.34'}
{'loss': '0.1825', 'grad_norm': '1.388', 'learning_rate': '0.0001519', 'epoch': '27.32'}
{'eval_loss': '0.2004', 'eval_runtime': '15.96', 'eval_samples_per_second': '273.7', 'eval_steps_per_second': '2.883', 'epoch': '27.32'}
{'loss': '0.1695', 'grad_norm': '4.282', 'learning_rate': '0.0001417', 'epoch': '28.29'}
{'eval_loss': '0.1945', 'eval_runtime': '15.96', 'eval_samples_per_second': '273.8', 'eval_steps_per_second': '2.883', 'epoch': '28.29'}
{'loss': '0.1513', 'grad_norm': '1.454', 'learning_rate': '0.0001316', 'epoch': '29.27'}
{'eval_loss': '0.1859', 'eval_runtime': '15.96', 'eval_samples_per_second': '273.7', 'eval_steps_per_second': '2.883', 'epoch': '29.27'}
{'loss': '0.1429', 'grad_norm': '1.716', 'learning_rate': '0.0001215', 'epoch': '30.24'}
{'eval_loss': '0.1882', 'eval_runtime': '15.95', 'eval_samples_per_second': '273.8', 'eval_steps_per_second': '2.883', 'epoch': '30.24'}
{'loss': '0.1336', 'grad_norm': '3.011', 'learning_rate': '0.0001115', 'epoch': '31.22'}
{'eval_loss': '0.1854', 'eval_runtime': '15.95', 'eval_samples_per_second': '273.9', 'eval_steps_per_second': '2.884', 'epoch': '31.22'}
{'loss': '0.1255', 'grad_norm': '2.872', 'learning_rate': '0.0001017', 'epoch': '32.2'}
{'eval_loss': '0.1889', 'eval_runtime': '15.95', 'eval_samples_per_second': '273.8', 'eval_steps_per_second': '2.883', 'epoch': '32.2'}
{'loss': '0.1193', 'grad_norm': '4.584', 'learning_rate': '9.218e-05', 'epoch': '33.17'}
{'eval_loss': '0.1901', 'eval_runtime': '16.1', 'eval_samples_per_second': '271.3', 'eval_steps_per_second': '2.857', 'epoch': '33.17'}
{'loss': '0.1146', 'grad_norm': '1.702', 'learning_rate': '8.289e-05', 'epoch': '34.15'}
{'eval_loss': '0.1981', 'eval_runtime': '16.1', 'eval_samples_per_second': '271.3', 'eval_steps_per_second': '2.857', 'epoch': '34.15'}
{'loss': '0.1092', 'grad_norm': '0.7672', 'learning_rate': '7.392e-05', 'epoch': '35.12'}
{'eval_loss': '0.1959', 'eval_runtime': '16.11', 'eval_samples_per_second': '271.2', 'eval_steps_per_second': '2.856', 'epoch': '35.12'}
{'loss': '0.1052', 'grad_norm': '0.89', 'learning_rate': '6.53e-05', 'epoch': '36.1'}
{'eval_loss': '0.1933', 'eval_runtime': '16.09', 'eval_samples_per_second': '271.4', 'eval_steps_per_second': '2.858', 'epoch': '36.1'}
{'train_runtime': '1.545e+04', 'train_samples_per_second': '127.2', 'train_steps_per_second': '1.327', 'train_loss': '0.9895', 'epoch': '36.1'}
Evaluating (Mean Loss)...
Calculating per-sequence surprisals...
Fold 9 Evaluation per token: 0.1854
Fold 9 Entropy per sequence: 7.0101

--- Starting Fold 10/10 ---
Fold 10 sizes: Train=39314, Eval=4368
Loading tokenizer...
Found 68 POS tags: ['-LRB-', '-RRB-', 'ADD', 'ADJP', 'ADVP', 'AFX', 'CC', 'CD', 'CONJP', 'DT', 'EX', 'FRAG', 'FW', 'HYPH', 'IN', 'INTJ', 'JJ', 'JJR', 'JJS', 'LS', 'LST', 'MD', 'NFP', 'NML', 'NN', 'NNP', 'NNPS', 'NNS', 'NP', 'PDT', 'POS', 'PP', 'PRN', 'PRP', 'PRP$', 'PRT', 'QP', 'RB', 'RBR', 'RBS', 'ROOT', 'RP', 'RRC', 'S', 'SBAR', 'SBARQ', 'SINV', 'SQ', 'SYM', 'TO', 'UCP', 'UH', 'VB', 'VBD', 'VBG', 'VBN', 'VBP', 'VBZ', 'VP', 'WDT', 'WHADJP', 'WHADVP', 'WHNP', 'WHPP', 'WP', 'WP$', 'WRB', 'X']
Found 0 phrase labels: []
Adding manual additions: ( ) # $ . , ''
Preprocessing...
Token length per parse sequence: 37.8658
Initializing DualEncoder model...
Loading  weights...
Missing keys: ['prosody_encoder.pos_table', 'prosody_encoder.mag_table', 'prosody_encoder.transformer.layers.0.self_attn.in_proj_weight', 'prosody_encoder.transformer.layers.0.self_attn.in_proj_bias', 'prosody_encoder.transformer.layers.0.self_attn.out_proj.weight', 'prosody_encoder.transformer.layers.0.self_attn.out_proj.bias', 'prosody_encoder.transformer.layers.0.linear1.weight', 'prosody_encoder.transformer.layers.0.linear1.bias', 'prosody_encoder.transformer.layers.0.linear2.weight', 'prosody_encoder.transformer.layers.0.linear2.bias', 'prosody_encoder.transformer.layers.0.norm1.weight', 'prosody_encoder.transformer.layers.0.norm1.bias', 'prosody_encoder.transformer.layers.0.norm2.weight', 'prosody_encoder.transformer.layers.0.norm2.bias', 'prosody_encoder.transformer.layers.1.self_attn.in_proj_weight', 'prosody_encoder.transformer.layers.1.self_attn.in_proj_bias', 'prosody_encoder.transformer.layers.1.self_attn.out_proj.weight', 'prosody_encoder.transformer.layers.1.self_attn.out_proj.bias', 'prosody_encoder.transformer.layers.1.linear1.weight', 'prosody_encoder.transformer.layers.1.linear1.bias', 'prosody_encoder.transformer.layers.1.linear2.weight', 'prosody_encoder.transformer.layers.1.linear2.bias', 'prosody_encoder.transformer.layers.1.norm1.weight', 'prosody_encoder.transformer.layers.1.norm1.bias', 'prosody_encoder.transformer.layers.1.norm2.weight', 'prosody_encoder.transformer.layers.1.norm2.bias', 'prosody_encoder.up_proj.weight', 'prosody_encoder.up_proj.bias', 'prosody_up.weight', 'prosody_up.bias', 'cross_attn.in_proj_weight', 'cross_attn.in_proj_bias', 'cross_attn.out_proj.weight', 'cross_attn.out_proj.bias', 'fusion_layer_norm.weight', 'fusion_layer_norm.bias']
Unexpected keys: []
Re-initializing decoder layer, to be trained from scratch
Training...
{'loss': '13.38', 'grad_norm': '77.73', 'learning_rate': '5.839e-05', 'epoch': '0.9756'}
{'eval_loss': '0.9865', 'eval_runtime': '15.95', 'eval_samples_per_second': '273.9', 'eval_steps_per_second': '2.884', 'epoch': '0.9756'}
{'loss': '1.847', 'grad_norm': '103.6', 'learning_rate': '0.0001169', 'epoch': '1.951'}
{'eval_loss': '0.7461', 'eval_runtime': '15.95', 'eval_samples_per_second': '273.9', 'eval_steps_per_second': '2.884', 'epoch': '1.951'}
{'loss': '1.315', 'grad_norm': '74.07', 'learning_rate': '0.0001755', 'epoch': '2.927'}
{'eval_loss': '0.6388', 'eval_runtime': '15.96', 'eval_samples_per_second': '273.6', 'eval_steps_per_second': '2.881', 'epoch': '2.927'}
{'loss': '0.9065', 'grad_norm': '62.75', 'learning_rate': '0.000234', 'epoch': '3.902'}
{'eval_loss': '0.555', 'eval_runtime': '15.95', 'eval_samples_per_second': '273.9', 'eval_steps_per_second': '2.884', 'epoch': '3.902'}
{'loss': '0.8051', 'grad_norm': '25.48', 'learning_rate': '0.0002925', 'epoch': '4.878'}
{'eval_loss': '0.5926', 'eval_runtime': '15.99', 'eval_samples_per_second': '273.2', 'eval_steps_per_second': '2.877', 'epoch': '4.878'}
{'loss': '0.672', 'grad_norm': '30.19', 'learning_rate': '0.0002997', 'epoch': '5.854'}
{'eval_loss': '0.5887', 'eval_runtime': '16.06', 'eval_samples_per_second': '272', 'eval_steps_per_second': '2.864', 'epoch': '5.854'}
{'loss': '0.603', 'grad_norm': '33.1', 'learning_rate': '0.0002988', 'epoch': '6.829'}
{'eval_loss': '0.5131', 'eval_runtime': '16.06', 'eval_samples_per_second': '272', 'eval_steps_per_second': '2.864', 'epoch': '6.829'}
{'loss': '0.5781', 'grad_norm': '4.423', 'learning_rate': '0.0002971', 'epoch': '7.805'}
{'eval_loss': '0.4931', 'eval_runtime': '15.94', 'eval_samples_per_second': '274', 'eval_steps_per_second': '2.886', 'epoch': '7.805'}
{'loss': '0.5319', 'grad_norm': '3.271', 'learning_rate': '0.0002948', 'epoch': '8.78'}
{'eval_loss': '0.4689', 'eval_runtime': '15.95', 'eval_samples_per_second': '273.8', 'eval_steps_per_second': '2.884', 'epoch': '8.78'}
{'loss': '0.5204', 'grad_norm': '26.48', 'learning_rate': '0.0002918', 'epoch': '9.756'}
{'eval_loss': '0.4735', 'eval_runtime': '15.99', 'eval_samples_per_second': '273.2', 'eval_steps_per_second': '2.878', 'epoch': '9.756'}
{'loss': '0.4988', 'grad_norm': '0.788', 'learning_rate': '0.0002882', 'epoch': '10.73'}
{'eval_loss': '0.4557', 'eval_runtime': '16', 'eval_samples_per_second': '273', 'eval_steps_per_second': '2.875', 'epoch': '10.73'}
{'loss': '0.4834', 'grad_norm': '18.66', 'learning_rate': '0.0002839', 'epoch': '11.71'}
{'eval_loss': '0.454', 'eval_runtime': '16', 'eval_samples_per_second': '273', 'eval_steps_per_second': '2.875', 'epoch': '11.71'}
{'loss': '0.4671', 'grad_norm': '7.779', 'learning_rate': '0.0002789', 'epoch': '12.68'}
{'eval_loss': '0.4226', 'eval_runtime': '15.99', 'eval_samples_per_second': '273.1', 'eval_steps_per_second': '2.876', 'epoch': '12.68'}
{'loss': '0.4611', 'grad_norm': '6.432', 'learning_rate': '0.0002734', 'epoch': '13.66'}
{'eval_loss': '0.4188', 'eval_runtime': '16.01', 'eval_samples_per_second': '272.9', 'eval_steps_per_second': '2.874', 'epoch': '13.66'}
{'loss': '0.4313', 'grad_norm': '24.64', 'learning_rate': '0.0002673', 'epoch': '14.63'}
{'eval_loss': '0.4461', 'eval_runtime': '16', 'eval_samples_per_second': '273', 'eval_steps_per_second': '2.875', 'epoch': '14.63'}
{'loss': '0.4299', 'grad_norm': '2.984', 'learning_rate': '0.0002607', 'epoch': '15.61'}
{'eval_loss': '0.3825', 'eval_runtime': '16', 'eval_samples_per_second': '272.9', 'eval_steps_per_second': '2.874', 'epoch': '15.61'}
{'loss': '0.3911', 'grad_norm': '11.6', 'learning_rate': '0.0002536', 'epoch': '16.59'}
{'eval_loss': '0.3457', 'eval_runtime': '16.01', 'eval_samples_per_second': '272.9', 'eval_steps_per_second': '2.873', 'epoch': '16.59'}
{'loss': '0.3659', 'grad_norm': '28.75', 'learning_rate': '0.0002459', 'epoch': '17.56'}
{'eval_loss': '0.3498', 'eval_runtime': '16', 'eval_samples_per_second': '273', 'eval_steps_per_second': '2.875', 'epoch': '17.56'}
{'loss': '0.3462', 'grad_norm': '7.955', 'learning_rate': '0.0002379', 'epoch': '18.54'}
{'eval_loss': '0.3164', 'eval_runtime': '16.01', 'eval_samples_per_second': '272.9', 'eval_steps_per_second': '2.874', 'epoch': '18.54'}
{'loss': '0.3029', 'grad_norm': '1.113', 'learning_rate': '0.0002294', 'epoch': '19.51'}
{'eval_loss': '0.2455', 'eval_runtime': '16.01', 'eval_samples_per_second': '272.8', 'eval_steps_per_second': '2.873', 'epoch': '19.51'}
{'loss': '0.2969', 'grad_norm': '4.543', 'learning_rate': '0.0002206', 'epoch': '20.49'}
{'eval_loss': '0.2357', 'eval_runtime': '15.99', 'eval_samples_per_second': '273.2', 'eval_steps_per_second': '2.877', 'epoch': '20.49'}
{'loss': '0.2585', 'grad_norm': '1.364', 'learning_rate': '0.0002114', 'epoch': '21.46'}
{'eval_loss': '0.2226', 'eval_runtime': '15.99', 'eval_samples_per_second': '273.1', 'eval_steps_per_second': '2.876', 'epoch': '21.46'}
{'loss': '0.245', 'grad_norm': '8.036', 'learning_rate': '0.0002019', 'epoch': '22.44'}
{'eval_loss': '0.2317', 'eval_runtime': '15.99', 'eval_samples_per_second': '273.2', 'eval_steps_per_second': '2.877', 'epoch': '22.44'}
{'loss': '0.2292', 'grad_norm': '0.4588', 'learning_rate': '0.0001922', 'epoch': '23.41'}
{'eval_loss': '0.2011', 'eval_runtime': '15.99', 'eval_samples_per_second': '273.2', 'eval_steps_per_second': '2.877', 'epoch': '23.41'}
{'loss': '0.1972', 'grad_norm': '0.29', 'learning_rate': '0.0001823', 'epoch': '24.39'}
{'eval_loss': '0.1902', 'eval_runtime': '15.99', 'eval_samples_per_second': '273.2', 'eval_steps_per_second': '2.877', 'epoch': '24.39'}
{'loss': '0.1926', 'grad_norm': '3.18', 'learning_rate': '0.0001723', 'epoch': '25.37'}
{'eval_loss': '0.1922', 'eval_runtime': '16.03', 'eval_samples_per_second': '272.4', 'eval_steps_per_second': '2.869', 'epoch': '25.37'}
{'loss': '0.1844', 'grad_norm': '3.208', 'learning_rate': '0.0001621', 'epoch': '26.34'}
{'eval_loss': '0.1836', 'eval_runtime': '15.95', 'eval_samples_per_second': '273.8', 'eval_steps_per_second': '2.884', 'epoch': '26.34'}
{'loss': '0.1753', 'grad_norm': '0.4395', 'learning_rate': '0.0001519', 'epoch': '27.32'}
{'eval_loss': '0.1848', 'eval_runtime': '15.96', 'eval_samples_per_second': '273.7', 'eval_steps_per_second': '2.883', 'epoch': '27.32'}
{'loss': '0.1517', 'grad_norm': '1.392', 'learning_rate': '0.0001417', 'epoch': '28.29'}
{'eval_loss': '0.1839', 'eval_runtime': '16.01', 'eval_samples_per_second': '272.8', 'eval_steps_per_second': '2.873', 'epoch': '28.29'}
{'loss': '0.1528', 'grad_norm': '0.506', 'learning_rate': '0.0001316', 'epoch': '29.27'}
{'eval_loss': '0.1783', 'eval_runtime': '15.95', 'eval_samples_per_second': '273.9', 'eval_steps_per_second': '2.884', 'epoch': '29.27'}
{'loss': '0.1359', 'grad_norm': '4.44', 'learning_rate': '0.0001215', 'epoch': '30.24'}
{'eval_loss': '0.2036', 'eval_runtime': '16.01', 'eval_samples_per_second': '272.8', 'eval_steps_per_second': '2.873', 'epoch': '30.24'}
{'loss': '0.1282', 'grad_norm': '1.627', 'learning_rate': '0.0001115', 'epoch': '31.22'}
{'eval_loss': '0.1848', 'eval_runtime': '15.95', 'eval_samples_per_second': '273.8', 'eval_steps_per_second': '2.884', 'epoch': '31.22'}
{'loss': '0.121', 'grad_norm': '0.5598', 'learning_rate': '0.0001017', 'epoch': '32.2'}
{'eval_loss': '0.1802', 'eval_runtime': '16.04', 'eval_samples_per_second': '272.3', 'eval_steps_per_second': '2.868', 'epoch': '32.2'}
{'loss': '0.1159', 'grad_norm': '2.478', 'learning_rate': '9.218e-05', 'epoch': '33.17'}
{'eval_loss': '0.1907', 'eval_runtime': '15.95', 'eval_samples_per_second': '273.8', 'eval_steps_per_second': '2.883', 'epoch': '33.17'}
{'loss': '0.1111', 'grad_norm': '1.783', 'learning_rate': '8.289e-05', 'epoch': '34.15'}
{'eval_loss': '0.1877', 'eval_runtime': '16.08', 'eval_samples_per_second': '271.6', 'eval_steps_per_second': '2.86', 'epoch': '34.15'}
{'train_runtime': '1.465e+04', 'train_samples_per_second': '134.1', 'train_steps_per_second': '1.399', 'train_loss': '0.801', 'epoch': '34.15'}
Evaluating (Mean Loss)...
Calculating per-sequence surprisals...
Fold 10 Evaluation per token: 0.1783
Fold 10 Entropy per sequence: 6.7516
Saving detailed results...
Saved per-sequence surprisals to /home/jm3743/prosody-syntax-interface/outputs/libri_text_pause_dyck/cross_validation_results.csv
Global Mean Surprisal: 7.0428

--- Cross-Validation Results ---
Individual Fold Metrics: [6.595249989859352, 6.935597121606404, 7.336307654750871, 7.158142602951317, 6.9428380991949705, 7.190569907781624, 6.80941927153276, 6.995534088578581, 7.010120683489538, 6.751590617799333]
Mean Metric (Entropy/Loss): 6.9725
Standard Deviation: 0.2089
Variance: 0.0436
