Loading data...
Loaded 297930 examples.

--- Starting Fold 1/10 ---
Fold 1 sizes: Train=268137, Eval=29793
Loading tokenizer...
Found 36 POS tags: ['CC', 'CD', 'DT', 'EX', 'FW', 'IN', 'JJ', 'JJR', 'JJS', 'LS', 'MD', 'NN', 'NNP', 'NNPS', 'NNS', 'PDT', 'POS', 'PRP', 'PRP$', 'RB', 'RBR', 'RBS', 'RP', 'SYM', 'TO', 'UH', 'VB', 'VBD', 'VBG', 'VBN', 'VBP', 'VBZ', 'WDT', 'WP', 'WP$', 'WRB']
Found 32 phrase labels: ['-LRB-', '-RRB-', 'ADD', 'ADJP', 'ADVP', 'AFX', 'CONJP', 'FRAG', 'HYPH', 'INTJ', 'LST', 'NFP', 'NML', 'NP', 'PP', 'PRN', 'PRT', 'QP', 'ROOT', 'RRC', 'S', 'SBAR', 'SBARQ', 'SINV', 'SQ', 'UCP', 'VP', 'WHADJP', 'WHADVP', 'WHNP', 'WHPP', 'X']
Adding manual additions: ( ) # $ . , ''
Preprocessing...
Token length per parse sequence: 64.3355
Initializing DualEncoder model...
Loading  weights...
Missing keys: ['prosody_encoder.pos_table', 'prosody_encoder.mag_table', 'prosody_encoder.transformer.layers.0.self_attn.in_proj_weight', 'prosody_encoder.transformer.layers.0.self_attn.in_proj_bias', 'prosody_encoder.transformer.layers.0.self_attn.out_proj.weight', 'prosody_encoder.transformer.layers.0.self_attn.out_proj.bias', 'prosody_encoder.transformer.layers.0.linear1.weight', 'prosody_encoder.transformer.layers.0.linear1.bias', 'prosody_encoder.transformer.layers.0.linear2.weight', 'prosody_encoder.transformer.layers.0.linear2.bias', 'prosody_encoder.transformer.layers.0.norm1.weight', 'prosody_encoder.transformer.layers.0.norm1.bias', 'prosody_encoder.transformer.layers.0.norm2.weight', 'prosody_encoder.transformer.layers.0.norm2.bias', 'prosody_encoder.transformer.layers.1.self_attn.in_proj_weight', 'prosody_encoder.transformer.layers.1.self_attn.in_proj_bias', 'prosody_encoder.transformer.layers.1.self_attn.out_proj.weight', 'prosody_encoder.transformer.layers.1.self_attn.out_proj.bias', 'prosody_encoder.transformer.layers.1.linear1.weight', 'prosody_encoder.transformer.layers.1.linear1.bias', 'prosody_encoder.transformer.layers.1.linear2.weight', 'prosody_encoder.transformer.layers.1.linear2.bias', 'prosody_encoder.transformer.layers.1.norm1.weight', 'prosody_encoder.transformer.layers.1.norm1.bias', 'prosody_encoder.transformer.layers.1.norm2.weight', 'prosody_encoder.transformer.layers.1.norm2.bias', 'prosody_encoder.up_proj.weight', 'prosody_encoder.up_proj.bias', 'prosody_up.weight', 'prosody_up.bias', 'cross_attn.in_proj_weight', 'cross_attn.in_proj_bias', 'cross_attn.out_proj.weight', 'cross_attn.out_proj.bias', 'fusion_layer_norm.weight', 'fusion_layer_norm.bias']
Unexpected keys: []
Re-initializing decoder layer, to be trained from scratch
Training...
{'loss': 9.8019, 'grad_norm': 6.786004543304443, 'learning_rate': 0.0001996030230708035, 'epoch': 0.06}
{'eval_loss': 1.8876820802688599, 'eval_runtime': 284.1504, 'eval_samples_per_second': 104.849, 'eval_steps_per_second': 3.28, 'epoch': 0.06}
{'loss': 2.2124, 'grad_norm': 23.294639587402344, 'learning_rate': 0.0001992052505966587, 'epoch': 0.12}
{'eval_loss': 1.5392783880233765, 'eval_runtime': 284.2943, 'eval_samples_per_second': 104.796, 'eval_steps_per_second': 3.278, 'epoch': 0.12}
{'loss': 1.8174, 'grad_norm': 26.18818473815918, 'learning_rate': 0.00019880747812251392, 'epoch': 0.18}
{'eval_loss': 1.4302325248718262, 'eval_runtime': 284.9773, 'eval_samples_per_second': 104.545, 'eval_steps_per_second': 3.27, 'epoch': 0.18}
{'loss': 1.6367, 'grad_norm': 20.649641036987305, 'learning_rate': 0.00019840970564836914, 'epoch': 0.24}
{'eval_loss': 1.3466877937316895, 'eval_runtime': 284.6419, 'eval_samples_per_second': 104.668, 'eval_steps_per_second': 3.274, 'epoch': 0.24}
{'loss': 1.5095, 'grad_norm': 4.126463413238525, 'learning_rate': 0.00019801193317422436, 'epoch': 0.3}
{'eval_loss': 1.276543140411377, 'eval_runtime': 284.7286, 'eval_samples_per_second': 104.636, 'eval_steps_per_second': 3.273, 'epoch': 0.3}
{'loss': 1.4204, 'grad_norm': 5.332219123840332, 'learning_rate': 0.00019761416070007955, 'epoch': 0.36}
{'eval_loss': 1.2001515626907349, 'eval_runtime': 284.4626, 'eval_samples_per_second': 104.734, 'eval_steps_per_second': 3.276, 'epoch': 0.36}
{'loss': 1.3316, 'grad_norm': 6.756979942321777, 'learning_rate': 0.00019721638822593477, 'epoch': 0.42}
{'eval_loss': 1.1650601625442505, 'eval_runtime': 284.4882, 'eval_samples_per_second': 104.725, 'eval_steps_per_second': 3.276, 'epoch': 0.42}
{'loss': 1.2315, 'grad_norm': 11.872836112976074, 'learning_rate': 0.00019681861575179, 'epoch': 0.48}
{'eval_loss': 1.0472761392593384, 'eval_runtime': 284.4096, 'eval_samples_per_second': 104.754, 'eval_steps_per_second': 3.277, 'epoch': 0.48}
{'loss': 1.127, 'grad_norm': 15.312437057495117, 'learning_rate': 0.00019642084327764522, 'epoch': 0.54}
{'eval_loss': 0.9462267160415649, 'eval_runtime': 284.458, 'eval_samples_per_second': 104.736, 'eval_steps_per_second': 3.276, 'epoch': 0.54}
{'loss': 1.0663, 'grad_norm': 17.74554443359375, 'learning_rate': 0.0001960230708035004, 'epoch': 0.6}
{'eval_loss': 0.8813245892524719, 'eval_runtime': 284.5647, 'eval_samples_per_second': 104.697, 'eval_steps_per_second': 3.275, 'epoch': 0.6}
{'loss': 1.0165, 'grad_norm': 9.123579978942871, 'learning_rate': 0.0001956252983293556, 'epoch': 0.66}
{'eval_loss': 0.8498907089233398, 'eval_runtime': 284.7658, 'eval_samples_per_second': 104.623, 'eval_steps_per_second': 3.273, 'epoch': 0.66}
{'loss': 0.9805, 'grad_norm': 15.82292366027832, 'learning_rate': 0.00019522752585521082, 'epoch': 0.72}
{'eval_loss': 0.815392017364502, 'eval_runtime': 284.4049, 'eval_samples_per_second': 104.756, 'eval_steps_per_second': 3.277, 'epoch': 0.72}
{'loss': 0.9461, 'grad_norm': 24.381317138671875, 'learning_rate': 0.00019482975338106604, 'epoch': 0.78}
{'eval_loss': 0.8020648956298828, 'eval_runtime': 284.3651, 'eval_samples_per_second': 104.77, 'eval_steps_per_second': 3.277, 'epoch': 0.78}
{'loss': 0.9231, 'grad_norm': 16.109411239624023, 'learning_rate': 0.00019443198090692126, 'epoch': 0.84}
{'eval_loss': 0.7778882384300232, 'eval_runtime': 284.1396, 'eval_samples_per_second': 104.853, 'eval_steps_per_second': 3.28, 'epoch': 0.84}
{'loss': 0.8986, 'grad_norm': 13.411714553833008, 'learning_rate': 0.00019403420843277646, 'epoch': 0.89}
{'eval_loss': 0.7784700393676758, 'eval_runtime': 284.4706, 'eval_samples_per_second': 104.731, 'eval_steps_per_second': 3.276, 'epoch': 0.89}
{'loss': 0.8796, 'grad_norm': 4.5095672607421875, 'learning_rate': 0.00019363643595863168, 'epoch': 0.95}
{'eval_loss': 0.7517991065979004, 'eval_runtime': 284.1815, 'eval_samples_per_second': 104.838, 'eval_steps_per_second': 3.28, 'epoch': 0.95}
{'loss': 0.8615, 'grad_norm': 7.061980247497559, 'learning_rate': 0.0001932386634844869, 'epoch': 1.01}
{'eval_loss': 0.7544557452201843, 'eval_runtime': 284.216, 'eval_samples_per_second': 104.825, 'eval_steps_per_second': 3.279, 'epoch': 1.01}
{'loss': 0.8561, 'grad_norm': 17.011228561401367, 'learning_rate': 0.0001928408910103421, 'epoch': 1.07}
{'eval_loss': 0.7356101870536804, 'eval_runtime': 284.1835, 'eval_samples_per_second': 104.837, 'eval_steps_per_second': 3.28, 'epoch': 1.07}
{'loss': 0.8346, 'grad_norm': 18.257854461669922, 'learning_rate': 0.0001924431185361973, 'epoch': 1.13}
{'eval_loss': 0.7500723004341125, 'eval_runtime': 284.3488, 'eval_samples_per_second': 104.776, 'eval_steps_per_second': 3.278, 'epoch': 1.13}
{'loss': 0.8255, 'grad_norm': 19.91253089904785, 'learning_rate': 0.0001920453460620525, 'epoch': 1.19}
{'eval_loss': 0.7304848432540894, 'eval_runtime': 284.3675, 'eval_samples_per_second': 104.769, 'eval_steps_per_second': 3.277, 'epoch': 1.19}
{'loss': 0.8138, 'grad_norm': 7.908585548400879, 'learning_rate': 0.00019164757358790772, 'epoch': 1.25}
{'eval_loss': 0.7155198454856873, 'eval_runtime': 284.3046, 'eval_samples_per_second': 104.793, 'eval_steps_per_second': 3.278, 'epoch': 1.25}
{'loss': 0.8024, 'grad_norm': 8.73216724395752, 'learning_rate': 0.00019124980111376294, 'epoch': 1.31}
{'eval_loss': 0.7045429944992065, 'eval_runtime': 284.2019, 'eval_samples_per_second': 104.83, 'eval_steps_per_second': 3.279, 'epoch': 1.31}
{'loss': 0.7894, 'grad_norm': 12.943655014038086, 'learning_rate': 0.00019085202863961816, 'epoch': 1.37}
{'eval_loss': 0.7052353620529175, 'eval_runtime': 284.197, 'eval_samples_per_second': 104.832, 'eval_steps_per_second': 3.279, 'epoch': 1.37}
{'loss': 0.7855, 'grad_norm': 16.001171112060547, 'learning_rate': 0.00019045425616547336, 'epoch': 1.43}
{'eval_loss': 0.6938756704330444, 'eval_runtime': 284.1115, 'eval_samples_per_second': 104.864, 'eval_steps_per_second': 3.28, 'epoch': 1.43}
{'loss': 0.7784, 'grad_norm': 12.58967113494873, 'learning_rate': 0.00019005648369132858, 'epoch': 1.49}
{'eval_loss': 0.6937912106513977, 'eval_runtime': 284.0171, 'eval_samples_per_second': 104.899, 'eval_steps_per_second': 3.281, 'epoch': 1.49}
{'loss': 0.7733, 'grad_norm': 4.37221097946167, 'learning_rate': 0.00018965871121718377, 'epoch': 1.55}
{'eval_loss': 0.6930988430976868, 'eval_runtime': 284.2048, 'eval_samples_per_second': 104.829, 'eval_steps_per_second': 3.279, 'epoch': 1.55}
{'loss': 0.7666, 'grad_norm': 13.463896751403809, 'learning_rate': 0.000189260938743039, 'epoch': 1.61}
{'eval_loss': 0.6864760518074036, 'eval_runtime': 283.9979, 'eval_samples_per_second': 104.906, 'eval_steps_per_second': 3.282, 'epoch': 1.61}
{'loss': 0.7552, 'grad_norm': 13.626107215881348, 'learning_rate': 0.00018886316626889419, 'epoch': 1.67}
{'eval_loss': 0.6843724846839905, 'eval_runtime': 284.1492, 'eval_samples_per_second': 104.85, 'eval_steps_per_second': 3.28, 'epoch': 1.67}
{'loss': 0.7525, 'grad_norm': 7.39964485168457, 'learning_rate': 0.0001884653937947494, 'epoch': 1.73}
{'eval_loss': 0.6861541867256165, 'eval_runtime': 284.2312, 'eval_samples_per_second': 104.82, 'eval_steps_per_second': 3.279, 'epoch': 1.73}
{'loss': 0.7478, 'grad_norm': 18.442272186279297, 'learning_rate': 0.00018806762132060463, 'epoch': 1.79}
{'eval_loss': 0.6850694417953491, 'eval_runtime': 284.17, 'eval_samples_per_second': 104.842, 'eval_steps_per_second': 3.28, 'epoch': 1.79}
{'loss': 0.7436, 'grad_norm': 6.855770111083984, 'learning_rate': 0.00018766984884645985, 'epoch': 1.85}
{'eval_loss': 0.6733649373054504, 'eval_runtime': 283.8567, 'eval_samples_per_second': 104.958, 'eval_steps_per_second': 3.283, 'epoch': 1.85}
{'loss': 0.7405, 'grad_norm': 4.459619522094727, 'learning_rate': 0.00018727207637231504, 'epoch': 1.91}
{'eval_loss': 0.6700601577758789, 'eval_runtime': 284.1327, 'eval_samples_per_second': 104.856, 'eval_steps_per_second': 3.28, 'epoch': 1.91}
{'loss': 0.7345, 'grad_norm': 3.985668182373047, 'learning_rate': 0.00018687430389817026, 'epoch': 1.97}
{'eval_loss': 0.6643969416618347, 'eval_runtime': 284.2091, 'eval_samples_per_second': 104.828, 'eval_steps_per_second': 3.279, 'epoch': 1.97}
{'loss': 0.734, 'grad_norm': 5.250115871429443, 'learning_rate': 0.00018647653142402545, 'epoch': 2.03}
{'eval_loss': 0.666244626045227, 'eval_runtime': 284.1007, 'eval_samples_per_second': 104.868, 'eval_steps_per_second': 3.281, 'epoch': 2.03}
{'loss': 0.7268, 'grad_norm': 3.9241230487823486, 'learning_rate': 0.00018607875894988067, 'epoch': 2.09}
{'eval_loss': 0.6623413562774658, 'eval_runtime': 284.3916, 'eval_samples_per_second': 104.76, 'eval_steps_per_second': 3.277, 'epoch': 2.09}
{'loss': 0.7213, 'grad_norm': 4.058887004852295, 'learning_rate': 0.0001856809864757359, 'epoch': 2.15}
{'eval_loss': 0.6579442620277405, 'eval_runtime': 284.2161, 'eval_samples_per_second': 104.825, 'eval_steps_per_second': 3.279, 'epoch': 2.15}
{'loss': 0.7216, 'grad_norm': 2.6881706714630127, 'learning_rate': 0.0001852832140015911, 'epoch': 2.21}
{'eval_loss': 0.6543722152709961, 'eval_runtime': 284.0496, 'eval_samples_per_second': 104.887, 'eval_steps_per_second': 3.281, 'epoch': 2.21}
{'loss': 0.7182, 'grad_norm': 7.628530025482178, 'learning_rate': 0.0001848854415274463, 'epoch': 2.27}
{'eval_loss': 0.6590792536735535, 'eval_runtime': 284.3944, 'eval_samples_per_second': 104.759, 'eval_steps_per_second': 3.277, 'epoch': 2.27}
{'loss': 0.7133, 'grad_norm': 2.929068088531494, 'learning_rate': 0.00018448766905330153, 'epoch': 2.33}
{'eval_loss': 0.6532498598098755, 'eval_runtime': 284.0885, 'eval_samples_per_second': 104.872, 'eval_steps_per_second': 3.281, 'epoch': 2.33}
{'loss': 0.7159, 'grad_norm': 4.065907001495361, 'learning_rate': 0.00018408989657915675, 'epoch': 2.39}
{'eval_loss': 0.6597124338150024, 'eval_runtime': 283.8439, 'eval_samples_per_second': 104.963, 'eval_steps_per_second': 3.283, 'epoch': 2.39}
{'loss': 0.7062, 'grad_norm': 5.127443790435791, 'learning_rate': 0.00018369212410501194, 'epoch': 2.45}
{'eval_loss': 0.6474034190177917, 'eval_runtime': 284.292, 'eval_samples_per_second': 104.797, 'eval_steps_per_second': 3.278, 'epoch': 2.45}
{'loss': 0.7046, 'grad_norm': 15.536766052246094, 'learning_rate': 0.00018329435163086713, 'epoch': 2.51}
{'eval_loss': 0.654615044593811, 'eval_runtime': 283.9604, 'eval_samples_per_second': 104.92, 'eval_steps_per_second': 3.282, 'epoch': 2.51}
{'loss': 0.7068, 'grad_norm': 10.299309730529785, 'learning_rate': 0.00018289657915672235, 'epoch': 2.57}
{'eval_loss': 0.6499307751655579, 'eval_runtime': 283.9657, 'eval_samples_per_second': 104.918, 'eval_steps_per_second': 3.282, 'epoch': 2.57}
{'loss': 0.701, 'grad_norm': 8.321113586425781, 'learning_rate': 0.00018249880668257758, 'epoch': 2.63}
{'eval_loss': 0.6482200622558594, 'eval_runtime': 283.837, 'eval_samples_per_second': 104.965, 'eval_steps_per_second': 3.284, 'epoch': 2.63}
{'train_runtime': 31550.9976, 'train_samples_per_second': 254.956, 'train_steps_per_second': 7.968, 'train_loss': 1.137049588290128, 'epoch': 2.63}
Evaluating (Mean Loss)...
Calculating per-sequence surprisals...
Fold 1 Evaluation per token: 0.6474
Fold 1 Entropy per sequence: 41.6511

--- Starting Fold 2/10 ---
Fold 2 sizes: Train=268137, Eval=29793
Loading tokenizer...
Found 36 POS tags: ['CC', 'CD', 'DT', 'EX', 'FW', 'IN', 'JJ', 'JJR', 'JJS', 'LS', 'MD', 'NN', 'NNP', 'NNPS', 'NNS', 'PDT', 'POS', 'PRP', 'PRP$', 'RB', 'RBR', 'RBS', 'RP', 'SYM', 'TO', 'UH', 'VB', 'VBD', 'VBG', 'VBN', 'VBP', 'VBZ', 'WDT', 'WP', 'WP$', 'WRB']
Found 32 phrase labels: ['-LRB-', '-RRB-', 'ADD', 'ADJP', 'ADVP', 'AFX', 'CONJP', 'FRAG', 'HYPH', 'INTJ', 'LST', 'NFP', 'NML', 'NP', 'PP', 'PRN', 'PRT', 'QP', 'ROOT', 'RRC', 'S', 'SBAR', 'SBARQ', 'SINV', 'SQ', 'UCP', 'VP', 'WHADJP', 'WHADVP', 'WHNP', 'WHPP', 'X']
Adding manual additions: ( ) # $ . , ''
Preprocessing...
Token length per parse sequence: 64.6087
Initializing DualEncoder model...
Loading  weights...
Missing keys: ['prosody_encoder.pos_table', 'prosody_encoder.mag_table', 'prosody_encoder.transformer.layers.0.self_attn.in_proj_weight', 'prosody_encoder.transformer.layers.0.self_attn.in_proj_bias', 'prosody_encoder.transformer.layers.0.self_attn.out_proj.weight', 'prosody_encoder.transformer.layers.0.self_attn.out_proj.bias', 'prosody_encoder.transformer.layers.0.linear1.weight', 'prosody_encoder.transformer.layers.0.linear1.bias', 'prosody_encoder.transformer.layers.0.linear2.weight', 'prosody_encoder.transformer.layers.0.linear2.bias', 'prosody_encoder.transformer.layers.0.norm1.weight', 'prosody_encoder.transformer.layers.0.norm1.bias', 'prosody_encoder.transformer.layers.0.norm2.weight', 'prosody_encoder.transformer.layers.0.norm2.bias', 'prosody_encoder.transformer.layers.1.self_attn.in_proj_weight', 'prosody_encoder.transformer.layers.1.self_attn.in_proj_bias', 'prosody_encoder.transformer.layers.1.self_attn.out_proj.weight', 'prosody_encoder.transformer.layers.1.self_attn.out_proj.bias', 'prosody_encoder.transformer.layers.1.linear1.weight', 'prosody_encoder.transformer.layers.1.linear1.bias', 'prosody_encoder.transformer.layers.1.linear2.weight', 'prosody_encoder.transformer.layers.1.linear2.bias', 'prosody_encoder.transformer.layers.1.norm1.weight', 'prosody_encoder.transformer.layers.1.norm1.bias', 'prosody_encoder.transformer.layers.1.norm2.weight', 'prosody_encoder.transformer.layers.1.norm2.bias', 'prosody_encoder.up_proj.weight', 'prosody_encoder.up_proj.bias', 'prosody_up.weight', 'prosody_up.bias', 'cross_attn.in_proj_weight', 'cross_attn.in_proj_bias', 'cross_attn.out_proj.weight', 'cross_attn.out_proj.bias', 'fusion_layer_norm.weight', 'fusion_layer_norm.bias']
Unexpected keys: []
Re-initializing decoder layer, to be trained from scratch
Training...
{'loss': 9.8068, 'grad_norm': 7.317814350128174, 'learning_rate': 0.0001996030230708035, 'epoch': 0.06}
{'eval_loss': 1.8382166624069214, 'eval_runtime': 283.9265, 'eval_samples_per_second': 104.932, 'eval_steps_per_second': 3.283, 'epoch': 0.06}
{'loss': 2.1677, 'grad_norm': 6.3606953620910645, 'learning_rate': 0.0001992052505966587, 'epoch': 0.12}
{'eval_loss': 1.5666327476501465, 'eval_runtime': 284.4895, 'eval_samples_per_second': 104.724, 'eval_steps_per_second': 3.276, 'epoch': 0.12}
{'loss': 1.8377, 'grad_norm': 16.12254524230957, 'learning_rate': 0.00019880747812251392, 'epoch': 0.18}
{'eval_loss': 1.4313149452209473, 'eval_runtime': 284.4714, 'eval_samples_per_second': 104.731, 'eval_steps_per_second': 3.276, 'epoch': 0.18}
{'loss': 1.6438, 'grad_norm': 6.1595778465271, 'learning_rate': 0.00019840970564836914, 'epoch': 0.24}
{'eval_loss': 1.3563565015792847, 'eval_runtime': 284.5753, 'eval_samples_per_second': 104.693, 'eval_steps_per_second': 3.275, 'epoch': 0.24}
{'loss': 1.5281, 'grad_norm': 8.67320728302002, 'learning_rate': 0.00019801193317422436, 'epoch': 0.3}
{'eval_loss': 1.27165687084198, 'eval_runtime': 284.4111, 'eval_samples_per_second': 104.753, 'eval_steps_per_second': 3.277, 'epoch': 0.3}
{'loss': 1.4121, 'grad_norm': 7.054862022399902, 'learning_rate': 0.00019761416070007955, 'epoch': 0.36}
{'eval_loss': 1.1955535411834717, 'eval_runtime': 284.2492, 'eval_samples_per_second': 104.813, 'eval_steps_per_second': 3.279, 'epoch': 0.36}
{'loss': 1.3367, 'grad_norm': 13.717207908630371, 'learning_rate': 0.00019721638822593477, 'epoch': 0.42}
{'eval_loss': 1.1002447605133057, 'eval_runtime': 284.3646, 'eval_samples_per_second': 104.77, 'eval_steps_per_second': 3.277, 'epoch': 0.42}
{'loss': 1.232, 'grad_norm': 5.8682990074157715, 'learning_rate': 0.00019681861575179, 'epoch': 0.48}
{'eval_loss': 0.9885334968566895, 'eval_runtime': 283.8202, 'eval_samples_per_second': 104.971, 'eval_steps_per_second': 3.284, 'epoch': 0.48}
{'loss': 1.1332, 'grad_norm': 16.144372940063477, 'learning_rate': 0.00019642084327764522, 'epoch': 0.54}
{'eval_loss': 1.0138548612594604, 'eval_runtime': 284.0995, 'eval_samples_per_second': 104.868, 'eval_steps_per_second': 3.281, 'epoch': 0.54}
{'loss': 1.058, 'grad_norm': 9.495198249816895, 'learning_rate': 0.0001960230708035004, 'epoch': 0.6}
{'eval_loss': 0.9081659317016602, 'eval_runtime': 284.316, 'eval_samples_per_second': 104.788, 'eval_steps_per_second': 3.278, 'epoch': 0.6}
{'loss': 1.019, 'grad_norm': 2.7115182876586914, 'learning_rate': 0.0001956252983293556, 'epoch': 0.66}
{'eval_loss': 0.8486281037330627, 'eval_runtime': 284.1212, 'eval_samples_per_second': 104.86, 'eval_steps_per_second': 3.28, 'epoch': 0.66}
{'loss': 0.9806, 'grad_norm': 9.197582244873047, 'learning_rate': 0.00019522752585521082, 'epoch': 0.72}
{'eval_loss': 0.8312713503837585, 'eval_runtime': 284.1273, 'eval_samples_per_second': 104.858, 'eval_steps_per_second': 3.28, 'epoch': 0.72}
{'loss': 0.9531, 'grad_norm': 4.859787464141846, 'learning_rate': 0.00019482975338106604, 'epoch': 0.78}
{'eval_loss': 0.7942792177200317, 'eval_runtime': 283.7037, 'eval_samples_per_second': 105.014, 'eval_steps_per_second': 3.285, 'epoch': 0.78}
{'loss': 0.9283, 'grad_norm': 13.019538879394531, 'learning_rate': 0.00019443198090692126, 'epoch': 0.84}
{'eval_loss': 0.7984253764152527, 'eval_runtime': 283.8285, 'eval_samples_per_second': 104.968, 'eval_steps_per_second': 3.284, 'epoch': 0.84}
{'loss': 0.9021, 'grad_norm': 8.487563133239746, 'learning_rate': 0.00019403420843277646, 'epoch': 0.89}
{'eval_loss': 0.7688233256340027, 'eval_runtime': 283.8289, 'eval_samples_per_second': 104.968, 'eval_steps_per_second': 3.284, 'epoch': 0.89}
{'loss': 0.8848, 'grad_norm': 10.111435890197754, 'learning_rate': 0.00019363643595863168, 'epoch': 0.95}
{'eval_loss': 0.8317806124687195, 'eval_runtime': 283.832, 'eval_samples_per_second': 104.967, 'eval_steps_per_second': 3.284, 'epoch': 0.95}
{'loss': 0.8643, 'grad_norm': 3.7717854976654053, 'learning_rate': 0.0001932386634844869, 'epoch': 1.01}
{'eval_loss': 0.7526907324790955, 'eval_runtime': 283.8906, 'eval_samples_per_second': 104.945, 'eval_steps_per_second': 3.283, 'epoch': 1.01}
{'loss': 0.8521, 'grad_norm': 11.118592262268066, 'learning_rate': 0.0001928408910103421, 'epoch': 1.07}
{'eval_loss': 0.7398450374603271, 'eval_runtime': 283.7548, 'eval_samples_per_second': 104.996, 'eval_steps_per_second': 3.285, 'epoch': 1.07}
{'loss': 0.8381, 'grad_norm': 16.460041046142578, 'learning_rate': 0.0001924431185361973, 'epoch': 1.13}
{'eval_loss': 0.7409312725067139, 'eval_runtime': 283.7194, 'eval_samples_per_second': 105.009, 'eval_steps_per_second': 3.285, 'epoch': 1.13}
{'loss': 0.8259, 'grad_norm': 4.305690765380859, 'learning_rate': 0.0001920453460620525, 'epoch': 1.19}
{'eval_loss': 0.7219435572624207, 'eval_runtime': 283.8267, 'eval_samples_per_second': 104.969, 'eval_steps_per_second': 3.284, 'epoch': 1.19}
{'loss': 0.8189, 'grad_norm': 5.796972274780273, 'learning_rate': 0.00019164757358790772, 'epoch': 1.25}
{'eval_loss': 0.7207982540130615, 'eval_runtime': 283.9634, 'eval_samples_per_second': 104.918, 'eval_steps_per_second': 3.282, 'epoch': 1.25}
{'loss': 0.8058, 'grad_norm': 14.372243881225586, 'learning_rate': 0.00019124980111376294, 'epoch': 1.31}
{'eval_loss': 0.7200677394866943, 'eval_runtime': 283.9441, 'eval_samples_per_second': 104.926, 'eval_steps_per_second': 3.282, 'epoch': 1.31}
{'loss': 0.7969, 'grad_norm': 8.732137680053711, 'learning_rate': 0.00019085202863961816, 'epoch': 1.37}
{'eval_loss': 0.706483006477356, 'eval_runtime': 284.1792, 'eval_samples_per_second': 104.839, 'eval_steps_per_second': 3.28, 'epoch': 1.37}
{'loss': 0.7863, 'grad_norm': 2.460033893585205, 'learning_rate': 0.00019045425616547336, 'epoch': 1.43}
{'eval_loss': 0.7075707316398621, 'eval_runtime': 283.8141, 'eval_samples_per_second': 104.974, 'eval_steps_per_second': 3.284, 'epoch': 1.43}
{'loss': 0.7798, 'grad_norm': 17.920106887817383, 'learning_rate': 0.00019005648369132858, 'epoch': 1.49}
{'eval_loss': 0.6950618624687195, 'eval_runtime': 283.965, 'eval_samples_per_second': 104.918, 'eval_steps_per_second': 3.282, 'epoch': 1.49}
{'loss': 0.7732, 'grad_norm': 3.536374807357788, 'learning_rate': 0.00018965871121718377, 'epoch': 1.55}
{'eval_loss': 0.6936672925949097, 'eval_runtime': 284.1145, 'eval_samples_per_second': 104.863, 'eval_steps_per_second': 3.28, 'epoch': 1.55}
{'loss': 0.766, 'grad_norm': 19.182811737060547, 'learning_rate': 0.000189260938743039, 'epoch': 1.61}
{'eval_loss': 0.6915280818939209, 'eval_runtime': 283.6183, 'eval_samples_per_second': 105.046, 'eval_steps_per_second': 3.286, 'epoch': 1.61}
{'loss': 0.7612, 'grad_norm': 14.506746292114258, 'learning_rate': 0.00018886316626889419, 'epoch': 1.67}
{'eval_loss': 0.6910634636878967, 'eval_runtime': 283.9833, 'eval_samples_per_second': 104.911, 'eval_steps_per_second': 3.282, 'epoch': 1.67}
{'loss': 0.7533, 'grad_norm': 6.9171342849731445, 'learning_rate': 0.0001884653937947494, 'epoch': 1.73}
{'eval_loss': 0.6879557371139526, 'eval_runtime': 283.8855, 'eval_samples_per_second': 104.947, 'eval_steps_per_second': 3.283, 'epoch': 1.73}
{'loss': 0.7489, 'grad_norm': 10.016023635864258, 'learning_rate': 0.00018806762132060463, 'epoch': 1.79}
{'eval_loss': 0.6695821285247803, 'eval_runtime': 283.7707, 'eval_samples_per_second': 104.99, 'eval_steps_per_second': 3.284, 'epoch': 1.79}
{'loss': 0.7478, 'grad_norm': 4.359199047088623, 'learning_rate': 0.00018766984884645985, 'epoch': 1.85}
{'eval_loss': 0.672221839427948, 'eval_runtime': 283.909, 'eval_samples_per_second': 104.939, 'eval_steps_per_second': 3.283, 'epoch': 1.85}
{'loss': 0.7396, 'grad_norm': 17.259910583496094, 'learning_rate': 0.00018727207637231504, 'epoch': 1.91}
{'eval_loss': 0.6873911619186401, 'eval_runtime': 284.0748, 'eval_samples_per_second': 104.877, 'eval_steps_per_second': 3.281, 'epoch': 1.91}
{'loss': 0.7355, 'grad_norm': 10.015097618103027, 'learning_rate': 0.00018687430389817026, 'epoch': 1.97}
{'eval_loss': 0.6702163219451904, 'eval_runtime': 283.9052, 'eval_samples_per_second': 104.94, 'eval_steps_per_second': 3.283, 'epoch': 1.97}
{'train_runtime': 23660.6911, 'train_samples_per_second': 339.978, 'train_steps_per_second': 10.625, 'train_loss': 1.2793228371360086, 'epoch': 1.97}
Evaluating (Mean Loss)...
Calculating per-sequence surprisals...
Fold 2 Evaluation per token: 0.6696
Fold 2 Entropy per sequence: 43.2608

--- Starting Fold 3/10 ---
Fold 3 sizes: Train=268137, Eval=29793
Loading tokenizer...
Found 36 POS tags: ['CC', 'CD', 'DT', 'EX', 'FW', 'IN', 'JJ', 'JJR', 'JJS', 'LS', 'MD', 'NN', 'NNP', 'NNPS', 'NNS', 'PDT', 'POS', 'PRP', 'PRP$', 'RB', 'RBR', 'RBS', 'RP', 'SYM', 'TO', 'UH', 'VB', 'VBD', 'VBG', 'VBN', 'VBP', 'VBZ', 'WDT', 'WP', 'WP$', 'WRB']
Found 32 phrase labels: ['-LRB-', '-RRB-', 'ADD', 'ADJP', 'ADVP', 'AFX', 'CONJP', 'FRAG', 'HYPH', 'INTJ', 'LST', 'NFP', 'NML', 'NP', 'PP', 'PRN', 'PRT', 'QP', 'ROOT', 'RRC', 'S', 'SBAR', 'SBARQ', 'SINV', 'SQ', 'UCP', 'VP', 'WHADJP', 'WHADVP', 'WHNP', 'WHPP', 'X']
Adding manual additions: ( ) # $ . , ''
Preprocessing...
Token length per parse sequence: 64.5371
Initializing DualEncoder model...
Loading  weights...
Missing keys: ['prosody_encoder.pos_table', 'prosody_encoder.mag_table', 'prosody_encoder.transformer.layers.0.self_attn.in_proj_weight', 'prosody_encoder.transformer.layers.0.self_attn.in_proj_bias', 'prosody_encoder.transformer.layers.0.self_attn.out_proj.weight', 'prosody_encoder.transformer.layers.0.self_attn.out_proj.bias', 'prosody_encoder.transformer.layers.0.linear1.weight', 'prosody_encoder.transformer.layers.0.linear1.bias', 'prosody_encoder.transformer.layers.0.linear2.weight', 'prosody_encoder.transformer.layers.0.linear2.bias', 'prosody_encoder.transformer.layers.0.norm1.weight', 'prosody_encoder.transformer.layers.0.norm1.bias', 'prosody_encoder.transformer.layers.0.norm2.weight', 'prosody_encoder.transformer.layers.0.norm2.bias', 'prosody_encoder.transformer.layers.1.self_attn.in_proj_weight', 'prosody_encoder.transformer.layers.1.self_attn.in_proj_bias', 'prosody_encoder.transformer.layers.1.self_attn.out_proj.weight', 'prosody_encoder.transformer.layers.1.self_attn.out_proj.bias', 'prosody_encoder.transformer.layers.1.linear1.weight', 'prosody_encoder.transformer.layers.1.linear1.bias', 'prosody_encoder.transformer.layers.1.linear2.weight', 'prosody_encoder.transformer.layers.1.linear2.bias', 'prosody_encoder.transformer.layers.1.norm1.weight', 'prosody_encoder.transformer.layers.1.norm1.bias', 'prosody_encoder.transformer.layers.1.norm2.weight', 'prosody_encoder.transformer.layers.1.norm2.bias', 'prosody_encoder.up_proj.weight', 'prosody_encoder.up_proj.bias', 'prosody_up.weight', 'prosody_up.bias', 'cross_attn.in_proj_weight', 'cross_attn.in_proj_bias', 'cross_attn.out_proj.weight', 'cross_attn.out_proj.bias', 'fusion_layer_norm.weight', 'fusion_layer_norm.bias']
Unexpected keys: []
Re-initializing decoder layer, to be trained from scratch
Training...
{'loss': 9.748, 'grad_norm': 25.206829071044922, 'learning_rate': 0.0001996030230708035, 'epoch': 0.06}
{'eval_loss': 1.8326678276062012, 'eval_runtime': 284.0358, 'eval_samples_per_second': 104.892, 'eval_steps_per_second': 3.281, 'epoch': 0.06}
{'loss': 2.2102, 'grad_norm': 9.78059196472168, 'learning_rate': 0.0001992052505966587, 'epoch': 0.12}
{'eval_loss': 1.6177828311920166, 'eval_runtime': 284.1582, 'eval_samples_per_second': 104.847, 'eval_steps_per_second': 3.28, 'epoch': 0.12}
{'loss': 1.8344, 'grad_norm': 5.908138751983643, 'learning_rate': 0.00019880747812251392, 'epoch': 0.18}
{'eval_loss': 1.4141300916671753, 'eval_runtime': 284.4062, 'eval_samples_per_second': 104.755, 'eval_steps_per_second': 3.277, 'epoch': 0.18}
{'loss': 1.6479, 'grad_norm': 23.042285919189453, 'learning_rate': 0.00019840970564836914, 'epoch': 0.24}
{'eval_loss': 1.3634169101715088, 'eval_runtime': 284.2599, 'eval_samples_per_second': 104.809, 'eval_steps_per_second': 3.279, 'epoch': 0.24}
{'loss': 1.5188, 'grad_norm': 23.490976333618164, 'learning_rate': 0.00019801193317422436, 'epoch': 0.3}
{'eval_loss': 1.3714879751205444, 'eval_runtime': 284.2905, 'eval_samples_per_second': 104.798, 'eval_steps_per_second': 3.278, 'epoch': 0.3}
{'loss': 1.4195, 'grad_norm': 9.77464771270752, 'learning_rate': 0.00019761416070007955, 'epoch': 0.36}
{'eval_loss': 1.1857829093933105, 'eval_runtime': 284.2675, 'eval_samples_per_second': 104.806, 'eval_steps_per_second': 3.279, 'epoch': 0.36}
{'loss': 1.327, 'grad_norm': 2.632046699523926, 'learning_rate': 0.00019721638822593477, 'epoch': 0.42}
{'eval_loss': 1.1139804124832153, 'eval_runtime': 284.2832, 'eval_samples_per_second': 104.8, 'eval_steps_per_second': 3.278, 'epoch': 0.42}
{'loss': 1.2334, 'grad_norm': 7.540381908416748, 'learning_rate': 0.00019681861575179, 'epoch': 0.48}
{'eval_loss': 0.9812069535255432, 'eval_runtime': 284.0327, 'eval_samples_per_second': 104.893, 'eval_steps_per_second': 3.281, 'epoch': 0.48}
{'loss': 1.1267, 'grad_norm': 15.218459129333496, 'learning_rate': 0.00019642084327764522, 'epoch': 0.54}
{'eval_loss': 0.9467774629592896, 'eval_runtime': 283.7714, 'eval_samples_per_second': 104.989, 'eval_steps_per_second': 3.284, 'epoch': 0.54}
{'loss': 1.076, 'grad_norm': 13.161508560180664, 'learning_rate': 0.0001960230708035004, 'epoch': 0.6}
{'eval_loss': 0.8860661387443542, 'eval_runtime': 283.8359, 'eval_samples_per_second': 104.966, 'eval_steps_per_second': 3.284, 'epoch': 0.6}
{'loss': 1.0217, 'grad_norm': 2.4405055046081543, 'learning_rate': 0.0001956252983293556, 'epoch': 0.66}
{'eval_loss': 0.8495612144470215, 'eval_runtime': 283.9514, 'eval_samples_per_second': 104.923, 'eval_steps_per_second': 3.282, 'epoch': 0.66}
{'loss': 0.9778, 'grad_norm': 25.414583206176758, 'learning_rate': 0.00019522752585521082, 'epoch': 0.72}
{'eval_loss': 0.8206157088279724, 'eval_runtime': 283.9612, 'eval_samples_per_second': 104.919, 'eval_steps_per_second': 3.282, 'epoch': 0.72}
{'loss': 0.9554, 'grad_norm': 3.9867684841156006, 'learning_rate': 0.00019482975338106604, 'epoch': 0.78}
{'eval_loss': 0.7987831830978394, 'eval_runtime': 283.9047, 'eval_samples_per_second': 104.94, 'eval_steps_per_second': 3.283, 'epoch': 0.78}
{'loss': 0.9269, 'grad_norm': 8.105596542358398, 'learning_rate': 0.00019443198090692126, 'epoch': 0.84}
{'eval_loss': 0.7952483892440796, 'eval_runtime': 283.969, 'eval_samples_per_second': 104.916, 'eval_steps_per_second': 3.282, 'epoch': 0.84}
{'loss': 0.9064, 'grad_norm': 9.841440200805664, 'learning_rate': 0.00019403420843277646, 'epoch': 0.89}
{'eval_loss': 0.7716604471206665, 'eval_runtime': 283.8942, 'eval_samples_per_second': 104.944, 'eval_steps_per_second': 3.283, 'epoch': 0.89}
{'loss': 0.8816, 'grad_norm': 13.561768531799316, 'learning_rate': 0.00019363643595863168, 'epoch': 0.95}
{'eval_loss': 0.757964551448822, 'eval_runtime': 283.7969, 'eval_samples_per_second': 104.98, 'eval_steps_per_second': 3.284, 'epoch': 0.95}
{'loss': 0.8634, 'grad_norm': 12.653039932250977, 'learning_rate': 0.0001932386634844869, 'epoch': 1.01}
{'eval_loss': 0.7547754049301147, 'eval_runtime': 283.9736, 'eval_samples_per_second': 104.915, 'eval_steps_per_second': 3.282, 'epoch': 1.01}
{'loss': 0.8496, 'grad_norm': 3.820964813232422, 'learning_rate': 0.0001928408910103421, 'epoch': 1.07}
{'eval_loss': 0.7404114603996277, 'eval_runtime': 284.1265, 'eval_samples_per_second': 104.858, 'eval_steps_per_second': 3.28, 'epoch': 1.07}
{'loss': 0.8331, 'grad_norm': 6.4252705574035645, 'learning_rate': 0.0001924431185361973, 'epoch': 1.13}
{'eval_loss': 0.7216609716415405, 'eval_runtime': 283.9655, 'eval_samples_per_second': 104.918, 'eval_steps_per_second': 3.282, 'epoch': 1.13}
{'loss': 0.8255, 'grad_norm': 18.438777923583984, 'learning_rate': 0.0001920453460620525, 'epoch': 1.19}
{'eval_loss': 0.716762900352478, 'eval_runtime': 284.0459, 'eval_samples_per_second': 104.888, 'eval_steps_per_second': 3.281, 'epoch': 1.19}
{'loss': 0.8148, 'grad_norm': 7.171996593475342, 'learning_rate': 0.00019164757358790772, 'epoch': 1.25}
{'eval_loss': 0.7240800857543945, 'eval_runtime': 284.1295, 'eval_samples_per_second': 104.857, 'eval_steps_per_second': 3.28, 'epoch': 1.25}
{'loss': 0.8009, 'grad_norm': 1.646161675453186, 'learning_rate': 0.00019124980111376294, 'epoch': 1.31}
{'eval_loss': 0.7226514220237732, 'eval_runtime': 284.0735, 'eval_samples_per_second': 104.878, 'eval_steps_per_second': 3.281, 'epoch': 1.31}
{'loss': 0.7999, 'grad_norm': 2.333301305770874, 'learning_rate': 0.00019085202863961816, 'epoch': 1.37}
{'eval_loss': 0.7013074159622192, 'eval_runtime': 283.7847, 'eval_samples_per_second': 104.985, 'eval_steps_per_second': 3.284, 'epoch': 1.37}
{'loss': 0.7858, 'grad_norm': 8.773425102233887, 'learning_rate': 0.00019045425616547336, 'epoch': 1.43}
{'eval_loss': 0.6985411047935486, 'eval_runtime': 283.9057, 'eval_samples_per_second': 104.94, 'eval_steps_per_second': 3.283, 'epoch': 1.43}
{'loss': 0.7774, 'grad_norm': 7.545812606811523, 'learning_rate': 0.00019005648369132858, 'epoch': 1.49}
{'eval_loss': 0.6930162310600281, 'eval_runtime': 283.939, 'eval_samples_per_second': 104.927, 'eval_steps_per_second': 3.282, 'epoch': 1.49}
{'loss': 0.7703, 'grad_norm': 11.780254364013672, 'learning_rate': 0.00018965871121718377, 'epoch': 1.55}
{'eval_loss': 0.7016829252243042, 'eval_runtime': 283.7745, 'eval_samples_per_second': 104.988, 'eval_steps_per_second': 3.284, 'epoch': 1.55}
{'loss': 0.7695, 'grad_norm': 8.319680213928223, 'learning_rate': 0.000189260938743039, 'epoch': 1.61}
{'eval_loss': 0.6832022070884705, 'eval_runtime': 283.9344, 'eval_samples_per_second': 104.929, 'eval_steps_per_second': 3.282, 'epoch': 1.61}
{'loss': 0.7627, 'grad_norm': 12.301263809204102, 'learning_rate': 0.00018886316626889419, 'epoch': 1.67}
{'eval_loss': 0.6882013082504272, 'eval_runtime': 283.9849, 'eval_samples_per_second': 104.911, 'eval_steps_per_second': 3.282, 'epoch': 1.67}
{'loss': 0.7566, 'grad_norm': 6.0356597900390625, 'learning_rate': 0.0001884653937947494, 'epoch': 1.73}
{'eval_loss': 0.6781379580497742, 'eval_runtime': 284.0025, 'eval_samples_per_second': 104.904, 'eval_steps_per_second': 3.282, 'epoch': 1.73}
{'loss': 0.7493, 'grad_norm': 2.9897329807281494, 'learning_rate': 0.00018806762132060463, 'epoch': 1.79}
{'eval_loss': 0.6685274839401245, 'eval_runtime': 283.7797, 'eval_samples_per_second': 104.986, 'eval_steps_per_second': 3.284, 'epoch': 1.79}
{'loss': 0.743, 'grad_norm': 9.539522171020508, 'learning_rate': 0.00018766984884645985, 'epoch': 1.85}
{'eval_loss': 0.6756161451339722, 'eval_runtime': 284.0982, 'eval_samples_per_second': 104.869, 'eval_steps_per_second': 3.281, 'epoch': 1.85}
{'loss': 0.7391, 'grad_norm': 3.9307544231414795, 'learning_rate': 0.00018727207637231504, 'epoch': 1.91}
{'eval_loss': 0.6702947020530701, 'eval_runtime': 283.8035, 'eval_samples_per_second': 104.978, 'eval_steps_per_second': 3.284, 'epoch': 1.91}
{'loss': 0.7358, 'grad_norm': 24.195465087890625, 'learning_rate': 0.00018687430389817026, 'epoch': 1.97}
{'eval_loss': 0.6733376383781433, 'eval_runtime': 284.0093, 'eval_samples_per_second': 104.901, 'eval_steps_per_second': 3.282, 'epoch': 1.97}
{'train_runtime': 23652.3512, 'train_samples_per_second': 340.098, 'train_steps_per_second': 10.629, 'train_loss': 1.278447247129498, 'epoch': 1.97}
Evaluating (Mean Loss)...
Calculating per-sequence surprisals...
Fold 3 Evaluation per token: 0.6685
Fold 3 Entropy per sequence: 43.1448

--- Starting Fold 4/10 ---
Fold 4 sizes: Train=268137, Eval=29793
Loading tokenizer...
Found 36 POS tags: ['CC', 'CD', 'DT', 'EX', 'FW', 'IN', 'JJ', 'JJR', 'JJS', 'LS', 'MD', 'NN', 'NNP', 'NNPS', 'NNS', 'PDT', 'POS', 'PRP', 'PRP$', 'RB', 'RBR', 'RBS', 'RP', 'SYM', 'TO', 'UH', 'VB', 'VBD', 'VBG', 'VBN', 'VBP', 'VBZ', 'WDT', 'WP', 'WP$', 'WRB']
Found 32 phrase labels: ['-LRB-', '-RRB-', 'ADD', 'ADJP', 'ADVP', 'AFX', 'CONJP', 'FRAG', 'HYPH', 'INTJ', 'LST', 'NFP', 'NML', 'NP', 'PP', 'PRN', 'PRT', 'QP', 'ROOT', 'RRC', 'S', 'SBAR', 'SBARQ', 'SINV', 'SQ', 'UCP', 'VP', 'WHADJP', 'WHADVP', 'WHNP', 'WHPP', 'X']
Adding manual additions: ( ) # $ . , ''
Preprocessing...
Token length per parse sequence: 64.1873
Initializing DualEncoder model...
Loading  weights...
Missing keys: ['prosody_encoder.pos_table', 'prosody_encoder.mag_table', 'prosody_encoder.transformer.layers.0.self_attn.in_proj_weight', 'prosody_encoder.transformer.layers.0.self_attn.in_proj_bias', 'prosody_encoder.transformer.layers.0.self_attn.out_proj.weight', 'prosody_encoder.transformer.layers.0.self_attn.out_proj.bias', 'prosody_encoder.transformer.layers.0.linear1.weight', 'prosody_encoder.transformer.layers.0.linear1.bias', 'prosody_encoder.transformer.layers.0.linear2.weight', 'prosody_encoder.transformer.layers.0.linear2.bias', 'prosody_encoder.transformer.layers.0.norm1.weight', 'prosody_encoder.transformer.layers.0.norm1.bias', 'prosody_encoder.transformer.layers.0.norm2.weight', 'prosody_encoder.transformer.layers.0.norm2.bias', 'prosody_encoder.transformer.layers.1.self_attn.in_proj_weight', 'prosody_encoder.transformer.layers.1.self_attn.in_proj_bias', 'prosody_encoder.transformer.layers.1.self_attn.out_proj.weight', 'prosody_encoder.transformer.layers.1.self_attn.out_proj.bias', 'prosody_encoder.transformer.layers.1.linear1.weight', 'prosody_encoder.transformer.layers.1.linear1.bias', 'prosody_encoder.transformer.layers.1.linear2.weight', 'prosody_encoder.transformer.layers.1.linear2.bias', 'prosody_encoder.transformer.layers.1.norm1.weight', 'prosody_encoder.transformer.layers.1.norm1.bias', 'prosody_encoder.transformer.layers.1.norm2.weight', 'prosody_encoder.transformer.layers.1.norm2.bias', 'prosody_encoder.up_proj.weight', 'prosody_encoder.up_proj.bias', 'prosody_up.weight', 'prosody_up.bias', 'cross_attn.in_proj_weight', 'cross_attn.in_proj_bias', 'cross_attn.out_proj.weight', 'cross_attn.out_proj.bias', 'fusion_layer_norm.weight', 'fusion_layer_norm.bias']
Unexpected keys: []
Re-initializing decoder layer, to be trained from scratch
Training...
{'loss': 9.7052, 'grad_norm': 5.13692569732666, 'learning_rate': 0.0001996030230708035, 'epoch': 0.06}
{'eval_loss': 1.9116696119308472, 'eval_runtime': 284.1621, 'eval_samples_per_second': 104.845, 'eval_steps_per_second': 3.28, 'epoch': 0.06}
{'loss': 2.1943, 'grad_norm': 8.98088264465332, 'learning_rate': 0.0001992052505966587, 'epoch': 0.12}
{'eval_loss': 1.5907907485961914, 'eval_runtime': 284.5258, 'eval_samples_per_second': 104.711, 'eval_steps_per_second': 3.276, 'epoch': 0.12}
{'loss': 1.8469, 'grad_norm': 16.957210540771484, 'learning_rate': 0.00019880747812251392, 'epoch': 0.18}
{'eval_loss': 1.4468632936477661, 'eval_runtime': 284.8113, 'eval_samples_per_second': 104.606, 'eval_steps_per_second': 3.272, 'epoch': 0.18}
{'loss': 1.6474, 'grad_norm': 11.711483001708984, 'learning_rate': 0.00019840970564836914, 'epoch': 0.24}
{'eval_loss': 1.3574334383010864, 'eval_runtime': 285.0975, 'eval_samples_per_second': 104.501, 'eval_steps_per_second': 3.269, 'epoch': 0.24}
{'loss': 1.5238, 'grad_norm': 17.475765228271484, 'learning_rate': 0.00019801193317422436, 'epoch': 0.3}
{'eval_loss': 1.3046185970306396, 'eval_runtime': 284.8743, 'eval_samples_per_second': 104.583, 'eval_steps_per_second': 3.272, 'epoch': 0.3}
{'loss': 1.4256, 'grad_norm': 7.067256927490234, 'learning_rate': 0.00019761416070007955, 'epoch': 0.36}
{'eval_loss': 1.2198536396026611, 'eval_runtime': 284.8534, 'eval_samples_per_second': 104.591, 'eval_steps_per_second': 3.272, 'epoch': 0.36}
{'loss': 1.3367, 'grad_norm': 16.877803802490234, 'learning_rate': 0.00019721638822593477, 'epoch': 0.42}
{'eval_loss': 1.170579195022583, 'eval_runtime': 284.7802, 'eval_samples_per_second': 104.618, 'eval_steps_per_second': 3.273, 'epoch': 0.42}
{'loss': 1.2397, 'grad_norm': 8.430984497070312, 'learning_rate': 0.00019681861575179, 'epoch': 0.48}
{'eval_loss': 0.9766141176223755, 'eval_runtime': 284.4603, 'eval_samples_per_second': 104.735, 'eval_steps_per_second': 3.276, 'epoch': 0.48}
{'loss': 1.1462, 'grad_norm': 4.869805335998535, 'learning_rate': 0.00019642084327764522, 'epoch': 0.54}
{'eval_loss': 0.9405999779701233, 'eval_runtime': 284.8396, 'eval_samples_per_second': 104.596, 'eval_steps_per_second': 3.272, 'epoch': 0.54}
{'loss': 1.07, 'grad_norm': 29.92980194091797, 'learning_rate': 0.0001960230708035004, 'epoch': 0.6}
{'eval_loss': 0.9083887338638306, 'eval_runtime': 284.503, 'eval_samples_per_second': 104.719, 'eval_steps_per_second': 3.276, 'epoch': 0.6}
{'loss': 1.0223, 'grad_norm': 4.189626216888428, 'learning_rate': 0.0001956252983293556, 'epoch': 0.66}
{'eval_loss': 0.8511855602264404, 'eval_runtime': 284.5846, 'eval_samples_per_second': 104.689, 'eval_steps_per_second': 3.275, 'epoch': 0.66}
{'loss': 0.981, 'grad_norm': 8.081311225891113, 'learning_rate': 0.00019522752585521082, 'epoch': 0.72}
{'eval_loss': 0.8194976449012756, 'eval_runtime': 284.4764, 'eval_samples_per_second': 104.729, 'eval_steps_per_second': 3.276, 'epoch': 0.72}
{'loss': 0.9566, 'grad_norm': 2.887820243835449, 'learning_rate': 0.00019482975338106604, 'epoch': 0.78}
{'eval_loss': 0.7971748113632202, 'eval_runtime': 284.5405, 'eval_samples_per_second': 104.706, 'eval_steps_per_second': 3.275, 'epoch': 0.78}
{'loss': 0.933, 'grad_norm': 34.11874008178711, 'learning_rate': 0.00019443198090692126, 'epoch': 0.84}
{'eval_loss': 0.8003414869308472, 'eval_runtime': 284.6658, 'eval_samples_per_second': 104.66, 'eval_steps_per_second': 3.274, 'epoch': 0.84}
{'loss': 0.9062, 'grad_norm': 4.702948570251465, 'learning_rate': 0.00019403420843277646, 'epoch': 0.89}
{'eval_loss': 0.7698229551315308, 'eval_runtime': 284.7408, 'eval_samples_per_second': 104.632, 'eval_steps_per_second': 3.273, 'epoch': 0.89}
{'loss': 0.8835, 'grad_norm': 31.833118438720703, 'learning_rate': 0.00019363643595863168, 'epoch': 0.95}
{'eval_loss': 0.7664198279380798, 'eval_runtime': 284.4128, 'eval_samples_per_second': 104.753, 'eval_steps_per_second': 3.277, 'epoch': 0.95}
{'loss': 0.8698, 'grad_norm': 6.192722320556641, 'learning_rate': 0.0001932386634844869, 'epoch': 1.01}
{'eval_loss': 0.7447953224182129, 'eval_runtime': 284.7763, 'eval_samples_per_second': 104.619, 'eval_steps_per_second': 3.273, 'epoch': 1.01}
{'loss': 0.8515, 'grad_norm': 5.710639953613281, 'learning_rate': 0.0001928408910103421, 'epoch': 1.07}
{'eval_loss': 0.7373803853988647, 'eval_runtime': 284.5292, 'eval_samples_per_second': 104.71, 'eval_steps_per_second': 3.276, 'epoch': 1.07}
{'loss': 0.8354, 'grad_norm': 15.545684814453125, 'learning_rate': 0.0001924431185361973, 'epoch': 1.13}
{'eval_loss': 0.7226396799087524, 'eval_runtime': 284.6217, 'eval_samples_per_second': 104.676, 'eval_steps_per_second': 3.275, 'epoch': 1.13}
{'loss': 0.8258, 'grad_norm': 6.037468433380127, 'learning_rate': 0.0001920453460620525, 'epoch': 1.19}
{'eval_loss': 0.7207093238830566, 'eval_runtime': 284.5678, 'eval_samples_per_second': 104.696, 'eval_steps_per_second': 3.275, 'epoch': 1.19}
{'loss': 0.8135, 'grad_norm': 5.189032554626465, 'learning_rate': 0.00019164757358790772, 'epoch': 1.25}
{'eval_loss': 0.7099156379699707, 'eval_runtime': 284.4276, 'eval_samples_per_second': 104.747, 'eval_steps_per_second': 3.277, 'epoch': 1.25}
{'loss': 0.8013, 'grad_norm': 3.6002979278564453, 'learning_rate': 0.00019124980111376294, 'epoch': 1.31}
{'eval_loss': 0.7091749310493469, 'eval_runtime': 284.7061, 'eval_samples_per_second': 104.645, 'eval_steps_per_second': 3.274, 'epoch': 1.31}
{'loss': 0.7932, 'grad_norm': 10.773124694824219, 'learning_rate': 0.00019085202863961816, 'epoch': 1.37}
{'eval_loss': 0.703528881072998, 'eval_runtime': 284.267, 'eval_samples_per_second': 104.806, 'eval_steps_per_second': 3.279, 'epoch': 1.37}
{'loss': 0.787, 'grad_norm': 10.929984092712402, 'learning_rate': 0.00019045425616547336, 'epoch': 1.43}
{'eval_loss': 0.6943685412406921, 'eval_runtime': 284.3659, 'eval_samples_per_second': 104.77, 'eval_steps_per_second': 3.277, 'epoch': 1.43}
{'loss': 0.7808, 'grad_norm': 2.43432879447937, 'learning_rate': 0.00019005648369132858, 'epoch': 1.49}
{'eval_loss': 0.701710045337677, 'eval_runtime': 284.4431, 'eval_samples_per_second': 104.742, 'eval_steps_per_second': 3.277, 'epoch': 1.49}
{'loss': 0.7738, 'grad_norm': 5.8989081382751465, 'learning_rate': 0.00018965871121718377, 'epoch': 1.55}
{'eval_loss': 0.6927915811538696, 'eval_runtime': 284.4634, 'eval_samples_per_second': 104.734, 'eval_steps_per_second': 3.276, 'epoch': 1.55}
{'loss': 0.7663, 'grad_norm': 4.596077919006348, 'learning_rate': 0.000189260938743039, 'epoch': 1.61}
{'eval_loss': 0.6822330355644226, 'eval_runtime': 284.5148, 'eval_samples_per_second': 104.715, 'eval_steps_per_second': 3.276, 'epoch': 1.61}
{'loss': 0.7627, 'grad_norm': 5.1471076011657715, 'learning_rate': 0.00018886316626889419, 'epoch': 1.67}
{'eval_loss': 0.681742787361145, 'eval_runtime': 284.3236, 'eval_samples_per_second': 104.786, 'eval_steps_per_second': 3.278, 'epoch': 1.67}
{'loss': 0.7569, 'grad_norm': 4.120669841766357, 'learning_rate': 0.0001884653937947494, 'epoch': 1.73}
{'eval_loss': 0.6798645257949829, 'eval_runtime': 284.4094, 'eval_samples_per_second': 104.754, 'eval_steps_per_second': 3.277, 'epoch': 1.73}
{'loss': 0.7486, 'grad_norm': 2.684626817703247, 'learning_rate': 0.00018806762132060463, 'epoch': 1.79}
{'eval_loss': 0.6726112365722656, 'eval_runtime': 284.6369, 'eval_samples_per_second': 104.67, 'eval_steps_per_second': 3.274, 'epoch': 1.79}
{'loss': 0.7408, 'grad_norm': 4.708859443664551, 'learning_rate': 0.00018766984884645985, 'epoch': 1.85}
{'eval_loss': 0.6755545139312744, 'eval_runtime': 284.5566, 'eval_samples_per_second': 104.7, 'eval_steps_per_second': 3.275, 'epoch': 1.85}
{'loss': 0.7409, 'grad_norm': 10.341713905334473, 'learning_rate': 0.00018727207637231504, 'epoch': 1.91}
{'eval_loss': 0.668470025062561, 'eval_runtime': 284.4833, 'eval_samples_per_second': 104.727, 'eval_steps_per_second': 3.276, 'epoch': 1.91}
{'loss': 0.7369, 'grad_norm': 5.924914836883545, 'learning_rate': 0.00018687430389817026, 'epoch': 1.97}
{'eval_loss': 0.6649811863899231, 'eval_runtime': 284.2797, 'eval_samples_per_second': 104.802, 'eval_steps_per_second': 3.278, 'epoch': 1.97}
{'loss': 0.7305, 'grad_norm': 13.059592247009277, 'learning_rate': 0.00018647653142402545, 'epoch': 2.03}
{'eval_loss': 0.6663265824317932, 'eval_runtime': 284.2029, 'eval_samples_per_second': 104.83, 'eval_steps_per_second': 3.279, 'epoch': 2.03}
{'loss': 0.7275, 'grad_norm': 12.609777450561523, 'learning_rate': 0.00018607875894988067, 'epoch': 2.09}
{'eval_loss': 0.6580067873001099, 'eval_runtime': 284.0362, 'eval_samples_per_second': 104.892, 'eval_steps_per_second': 3.281, 'epoch': 2.09}
{'loss': 0.7237, 'grad_norm': 1.317556619644165, 'learning_rate': 0.0001856809864757359, 'epoch': 2.15}
{'eval_loss': 0.65765380859375, 'eval_runtime': 283.8316, 'eval_samples_per_second': 104.967, 'eval_steps_per_second': 3.284, 'epoch': 2.15}
{'loss': 0.7188, 'grad_norm': 9.3113374710083, 'learning_rate': 0.0001852832140015911, 'epoch': 2.21}
{'eval_loss': 0.657253086566925, 'eval_runtime': 283.9748, 'eval_samples_per_second': 104.914, 'eval_steps_per_second': 3.282, 'epoch': 2.21}
{'loss': 0.7191, 'grad_norm': 3.922828435897827, 'learning_rate': 0.0001848854415274463, 'epoch': 2.27}
{'eval_loss': 0.6543306708335876, 'eval_runtime': 284.2336, 'eval_samples_per_second': 104.819, 'eval_steps_per_second': 3.279, 'epoch': 2.27}
{'loss': 0.711, 'grad_norm': 6.153589725494385, 'learning_rate': 0.00018448766905330153, 'epoch': 2.33}
{'eval_loss': 0.6528046727180481, 'eval_runtime': 284.2054, 'eval_samples_per_second': 104.829, 'eval_steps_per_second': 3.279, 'epoch': 2.33}
{'loss': 0.7132, 'grad_norm': 3.4224579334259033, 'learning_rate': 0.00018408989657915675, 'epoch': 2.39}
{'eval_loss': 0.651351809501648, 'eval_runtime': 284.1213, 'eval_samples_per_second': 104.86, 'eval_steps_per_second': 3.28, 'epoch': 2.39}
{'loss': 0.7128, 'grad_norm': 11.481792449951172, 'learning_rate': 0.00018369212410501194, 'epoch': 2.45}
{'eval_loss': 0.6492432951927185, 'eval_runtime': 284.0677, 'eval_samples_per_second': 104.88, 'eval_steps_per_second': 3.281, 'epoch': 2.45}
{'loss': 0.7084, 'grad_norm': 8.434728622436523, 'learning_rate': 0.00018329435163086713, 'epoch': 2.51}
{'eval_loss': 0.6530448198318481, 'eval_runtime': 283.8087, 'eval_samples_per_second': 104.976, 'eval_steps_per_second': 3.284, 'epoch': 2.51}
{'loss': 0.7061, 'grad_norm': 5.847505569458008, 'learning_rate': 0.00018289657915672235, 'epoch': 2.57}
{'eval_loss': 0.6458746790885925, 'eval_runtime': 284.0126, 'eval_samples_per_second': 104.9, 'eval_steps_per_second': 3.282, 'epoch': 2.57}
{'loss': 0.7018, 'grad_norm': 13.646088600158691, 'learning_rate': 0.00018249880668257758, 'epoch': 2.63}
{'eval_loss': 0.6459786891937256, 'eval_runtime': 283.8266, 'eval_samples_per_second': 104.969, 'eval_steps_per_second': 3.284, 'epoch': 2.63}
{'loss': 0.6973, 'grad_norm': 7.012449264526367, 'learning_rate': 0.0001821010342084328, 'epoch': 2.68}
{'eval_loss': 0.6423872709274292, 'eval_runtime': 283.8979, 'eval_samples_per_second': 104.943, 'eval_steps_per_second': 3.283, 'epoch': 2.68}
{'loss': 0.6986, 'grad_norm': 8.205035209655762, 'learning_rate': 0.000181703261734288, 'epoch': 2.74}
{'eval_loss': 0.6425308585166931, 'eval_runtime': 284.2955, 'eval_samples_per_second': 104.796, 'eval_steps_per_second': 3.278, 'epoch': 2.74}
{'loss': 0.6946, 'grad_norm': 0.688619077205658, 'learning_rate': 0.0001813054892601432, 'epoch': 2.8}
{'eval_loss': 0.6416893005371094, 'eval_runtime': 284.0521, 'eval_samples_per_second': 104.886, 'eval_steps_per_second': 3.281, 'epoch': 2.8}
{'loss': 0.6967, 'grad_norm': 4.196674346923828, 'learning_rate': 0.00018090771678599843, 'epoch': 2.86}
{'eval_loss': 0.6416694521903992, 'eval_runtime': 283.8811, 'eval_samples_per_second': 104.949, 'eval_steps_per_second': 3.283, 'epoch': 2.86}
{'loss': 0.6947, 'grad_norm': 3.8277857303619385, 'learning_rate': 0.00018050994431185362, 'epoch': 2.92}
{'eval_loss': 0.6408168077468872, 'eval_runtime': 283.9017, 'eval_samples_per_second': 104.941, 'eval_steps_per_second': 3.283, 'epoch': 2.92}
{'loss': 0.6922, 'grad_norm': 7.567553997039795, 'learning_rate': 0.00018011217183770884, 'epoch': 2.98}
{'eval_loss': 0.6391881108283997, 'eval_runtime': 283.6922, 'eval_samples_per_second': 105.019, 'eval_steps_per_second': 3.285, 'epoch': 2.98}
{'loss': 0.6865, 'grad_norm': 4.934572219848633, 'learning_rate': 0.00017971439936356404, 'epoch': 3.04}
{'eval_loss': 0.6356225609779358, 'eval_runtime': 283.8913, 'eval_samples_per_second': 104.945, 'eval_steps_per_second': 3.283, 'epoch': 3.04}
{'loss': 0.6893, 'grad_norm': 3.3428072929382324, 'learning_rate': 0.00017931662688941926, 'epoch': 3.1}
{'eval_loss': 0.6384948492050171, 'eval_runtime': 284.0739, 'eval_samples_per_second': 104.878, 'eval_steps_per_second': 3.281, 'epoch': 3.1}
{'loss': 0.6852, 'grad_norm': 0.5186625719070435, 'learning_rate': 0.00017891885441527448, 'epoch': 3.16}
{'eval_loss': 0.6358246207237244, 'eval_runtime': 283.9948, 'eval_samples_per_second': 104.907, 'eval_steps_per_second': 3.282, 'epoch': 3.16}
{'loss': 0.6866, 'grad_norm': 5.970072269439697, 'learning_rate': 0.0001785210819411297, 'epoch': 3.22}
{'eval_loss': 0.6394607424736023, 'eval_runtime': 283.9696, 'eval_samples_per_second': 104.916, 'eval_steps_per_second': 3.282, 'epoch': 3.22}
{'train_runtime': 38730.4467, 'train_samples_per_second': 207.695, 'train_steps_per_second': 6.491, 'train_loss': 1.0555220269097223, 'epoch': 3.22}
Evaluating (Mean Loss)...
Calculating per-sequence surprisals...
Fold 4 Evaluation per token: 0.6356
Fold 4 Entropy per sequence: 40.7989

--- Starting Fold 5/10 ---
Fold 5 sizes: Train=268137, Eval=29793
Loading tokenizer...
Found 36 POS tags: ['CC', 'CD', 'DT', 'EX', 'FW', 'IN', 'JJ', 'JJR', 'JJS', 'LS', 'MD', 'NN', 'NNP', 'NNPS', 'NNS', 'PDT', 'POS', 'PRP', 'PRP$', 'RB', 'RBR', 'RBS', 'RP', 'SYM', 'TO', 'UH', 'VB', 'VBD', 'VBG', 'VBN', 'VBP', 'VBZ', 'WDT', 'WP', 'WP$', 'WRB']
Found 32 phrase labels: ['-LRB-', '-RRB-', 'ADD', 'ADJP', 'ADVP', 'AFX', 'CONJP', 'FRAG', 'HYPH', 'INTJ', 'LST', 'NFP', 'NML', 'NP', 'PP', 'PRN', 'PRT', 'QP', 'ROOT', 'RRC', 'S', 'SBAR', 'SBARQ', 'SINV', 'SQ', 'UCP', 'VP', 'WHADJP', 'WHADVP', 'WHNP', 'WHPP', 'X']
Adding manual additions: ( ) # $ . , ''
Preprocessing...
Token length per parse sequence: 64.6803
Initializing DualEncoder model...
Loading  weights...
Missing keys: ['prosody_encoder.pos_table', 'prosody_encoder.mag_table', 'prosody_encoder.transformer.layers.0.self_attn.in_proj_weight', 'prosody_encoder.transformer.layers.0.self_attn.in_proj_bias', 'prosody_encoder.transformer.layers.0.self_attn.out_proj.weight', 'prosody_encoder.transformer.layers.0.self_attn.out_proj.bias', 'prosody_encoder.transformer.layers.0.linear1.weight', 'prosody_encoder.transformer.layers.0.linear1.bias', 'prosody_encoder.transformer.layers.0.linear2.weight', 'prosody_encoder.transformer.layers.0.linear2.bias', 'prosody_encoder.transformer.layers.0.norm1.weight', 'prosody_encoder.transformer.layers.0.norm1.bias', 'prosody_encoder.transformer.layers.0.norm2.weight', 'prosody_encoder.transformer.layers.0.norm2.bias', 'prosody_encoder.transformer.layers.1.self_attn.in_proj_weight', 'prosody_encoder.transformer.layers.1.self_attn.in_proj_bias', 'prosody_encoder.transformer.layers.1.self_attn.out_proj.weight', 'prosody_encoder.transformer.layers.1.self_attn.out_proj.bias', 'prosody_encoder.transformer.layers.1.linear1.weight', 'prosody_encoder.transformer.layers.1.linear1.bias', 'prosody_encoder.transformer.layers.1.linear2.weight', 'prosody_encoder.transformer.layers.1.linear2.bias', 'prosody_encoder.transformer.layers.1.norm1.weight', 'prosody_encoder.transformer.layers.1.norm1.bias', 'prosody_encoder.transformer.layers.1.norm2.weight', 'prosody_encoder.transformer.layers.1.norm2.bias', 'prosody_encoder.up_proj.weight', 'prosody_encoder.up_proj.bias', 'prosody_up.weight', 'prosody_up.bias', 'cross_attn.in_proj_weight', 'cross_attn.in_proj_bias', 'cross_attn.out_proj.weight', 'cross_attn.out_proj.bias', 'fusion_layer_norm.weight', 'fusion_layer_norm.bias']
Unexpected keys: []
Re-initializing decoder layer, to be trained from scratch
Training...
{'loss': 9.8766, 'grad_norm': 6.32484769821167, 'learning_rate': 0.0001996030230708035, 'epoch': 0.06}
{'eval_loss': 1.8153198957443237, 'eval_runtime': 284.1397, 'eval_samples_per_second': 104.853, 'eval_steps_per_second': 3.28, 'epoch': 0.06}
{'loss': 2.1995, 'grad_norm': 10.539422988891602, 'learning_rate': 0.0001992052505966587, 'epoch': 0.12}
{'eval_loss': 1.5579990148544312, 'eval_runtime': 284.602, 'eval_samples_per_second': 104.683, 'eval_steps_per_second': 3.275, 'epoch': 0.12}
{'loss': 1.8101, 'grad_norm': 11.374921798706055, 'learning_rate': 0.00019880747812251392, 'epoch': 0.18}
{'eval_loss': 1.4688377380371094, 'eval_runtime': 284.9911, 'eval_samples_per_second': 104.54, 'eval_steps_per_second': 3.27, 'epoch': 0.18}
{'loss': 1.6323, 'grad_norm': 10.279237747192383, 'learning_rate': 0.00019840970564836914, 'epoch': 0.24}
{'eval_loss': 1.3444769382476807, 'eval_runtime': 285.2488, 'eval_samples_per_second': 104.446, 'eval_steps_per_second': 3.267, 'epoch': 0.24}
{'loss': 1.5031, 'grad_norm': 5.873294353485107, 'learning_rate': 0.00019801193317422436, 'epoch': 0.3}
{'eval_loss': 1.2520604133605957, 'eval_runtime': 285.1921, 'eval_samples_per_second': 104.466, 'eval_steps_per_second': 3.268, 'epoch': 0.3}
{'loss': 1.4023, 'grad_norm': 25.14897918701172, 'learning_rate': 0.00019761416070007955, 'epoch': 0.36}
{'eval_loss': 1.2081191539764404, 'eval_runtime': 284.6987, 'eval_samples_per_second': 104.647, 'eval_steps_per_second': 3.274, 'epoch': 0.36}
{'loss': 1.3229, 'grad_norm': 8.865047454833984, 'learning_rate': 0.00019721638822593477, 'epoch': 0.42}
{'eval_loss': 1.0854315757751465, 'eval_runtime': 284.7893, 'eval_samples_per_second': 104.614, 'eval_steps_per_second': 3.273, 'epoch': 0.42}
{'loss': 1.2141, 'grad_norm': 3.2259743213653564, 'learning_rate': 0.00019681861575179, 'epoch': 0.48}
{'eval_loss': 0.9879295825958252, 'eval_runtime': 284.4067, 'eval_samples_per_second': 104.755, 'eval_steps_per_second': 3.277, 'epoch': 0.48}
{'loss': 1.126, 'grad_norm': 9.035419464111328, 'learning_rate': 0.00019642084327764522, 'epoch': 0.54}
{'eval_loss': 0.9285410046577454, 'eval_runtime': 284.3829, 'eval_samples_per_second': 104.764, 'eval_steps_per_second': 3.277, 'epoch': 0.54}
{'loss': 1.0665, 'grad_norm': 13.257549285888672, 'learning_rate': 0.0001960230708035004, 'epoch': 0.6}
{'eval_loss': 0.9420777559280396, 'eval_runtime': 284.1593, 'eval_samples_per_second': 104.846, 'eval_steps_per_second': 3.28, 'epoch': 0.6}
{'loss': 1.0186, 'grad_norm': 5.750101089477539, 'learning_rate': 0.0001956252983293556, 'epoch': 0.66}
{'eval_loss': 0.8529923558235168, 'eval_runtime': 284.5401, 'eval_samples_per_second': 104.706, 'eval_steps_per_second': 3.275, 'epoch': 0.66}
{'loss': 0.9813, 'grad_norm': 8.294710159301758, 'learning_rate': 0.00019522752585521082, 'epoch': 0.72}
{'eval_loss': 0.8285142779350281, 'eval_runtime': 284.3342, 'eval_samples_per_second': 104.782, 'eval_steps_per_second': 3.278, 'epoch': 0.72}
{'loss': 0.9542, 'grad_norm': 7.413451194763184, 'learning_rate': 0.00019482975338106604, 'epoch': 0.78}
{'eval_loss': 0.8155152201652527, 'eval_runtime': 284.2163, 'eval_samples_per_second': 104.825, 'eval_steps_per_second': 3.279, 'epoch': 0.78}
{'loss': 0.9285, 'grad_norm': 5.481286525726318, 'learning_rate': 0.00019443198090692126, 'epoch': 0.84}
{'eval_loss': 0.8003273606300354, 'eval_runtime': 284.3145, 'eval_samples_per_second': 104.789, 'eval_steps_per_second': 3.278, 'epoch': 0.84}
{'loss': 0.8993, 'grad_norm': 6.25235652923584, 'learning_rate': 0.00019403420843277646, 'epoch': 0.89}
{'eval_loss': 0.8107161521911621, 'eval_runtime': 284.1723, 'eval_samples_per_second': 104.841, 'eval_steps_per_second': 3.28, 'epoch': 0.89}
{'loss': 0.8838, 'grad_norm': 5.123365879058838, 'learning_rate': 0.00019363643595863168, 'epoch': 0.95}
{'eval_loss': 0.7633972764015198, 'eval_runtime': 284.2109, 'eval_samples_per_second': 104.827, 'eval_steps_per_second': 3.279, 'epoch': 0.95}
{'loss': 0.8653, 'grad_norm': 14.217789649963379, 'learning_rate': 0.0001932386634844869, 'epoch': 1.01}
{'eval_loss': 0.7695638537406921, 'eval_runtime': 284.3154, 'eval_samples_per_second': 104.789, 'eval_steps_per_second': 3.278, 'epoch': 1.01}
{'loss': 0.8483, 'grad_norm': 8.039963722229004, 'learning_rate': 0.0001928408910103421, 'epoch': 1.07}
{'eval_loss': 0.7322887778282166, 'eval_runtime': 284.3205, 'eval_samples_per_second': 104.787, 'eval_steps_per_second': 3.278, 'epoch': 1.07}
{'loss': 0.8421, 'grad_norm': 8.559741020202637, 'learning_rate': 0.0001924431185361973, 'epoch': 1.13}
{'eval_loss': 0.7445323467254639, 'eval_runtime': 284.3382, 'eval_samples_per_second': 104.78, 'eval_steps_per_second': 3.278, 'epoch': 1.13}
{'loss': 0.825, 'grad_norm': 19.515544891357422, 'learning_rate': 0.0001920453460620525, 'epoch': 1.19}
{'eval_loss': 0.7266562581062317, 'eval_runtime': 284.2941, 'eval_samples_per_second': 104.796, 'eval_steps_per_second': 3.278, 'epoch': 1.19}
{'loss': 0.8177, 'grad_norm': 17.24199867248535, 'learning_rate': 0.00019164757358790772, 'epoch': 1.25}
{'eval_loss': 0.7421044111251831, 'eval_runtime': 284.4004, 'eval_samples_per_second': 104.757, 'eval_steps_per_second': 3.277, 'epoch': 1.25}
{'loss': 0.8084, 'grad_norm': 6.748018264770508, 'learning_rate': 0.00019124980111376294, 'epoch': 1.31}
{'eval_loss': 0.7006829977035522, 'eval_runtime': 284.7946, 'eval_samples_per_second': 104.612, 'eval_steps_per_second': 3.273, 'epoch': 1.31}
{'loss': 0.7978, 'grad_norm': 12.84624195098877, 'learning_rate': 0.00019085202863961816, 'epoch': 1.37}
{'eval_loss': 0.699938178062439, 'eval_runtime': 284.0985, 'eval_samples_per_second': 104.869, 'eval_steps_per_second': 3.281, 'epoch': 1.37}
{'loss': 0.7875, 'grad_norm': 6.113937854766846, 'learning_rate': 0.00019045425616547336, 'epoch': 1.43}
{'eval_loss': 0.7132269740104675, 'eval_runtime': 284.0365, 'eval_samples_per_second': 104.891, 'eval_steps_per_second': 3.281, 'epoch': 1.43}
{'loss': 0.785, 'grad_norm': 13.047064781188965, 'learning_rate': 0.00019005648369132858, 'epoch': 1.49}
{'eval_loss': 0.6901534795761108, 'eval_runtime': 284.0782, 'eval_samples_per_second': 104.876, 'eval_steps_per_second': 3.281, 'epoch': 1.49}
{'loss': 0.7744, 'grad_norm': 6.5488152503967285, 'learning_rate': 0.00018965871121718377, 'epoch': 1.55}
{'eval_loss': 0.6856219172477722, 'eval_runtime': 284.1663, 'eval_samples_per_second': 104.844, 'eval_steps_per_second': 3.28, 'epoch': 1.55}
{'loss': 0.7665, 'grad_norm': 16.724103927612305, 'learning_rate': 0.000189260938743039, 'epoch': 1.61}
{'eval_loss': 0.6888067126274109, 'eval_runtime': 284.0341, 'eval_samples_per_second': 104.892, 'eval_steps_per_second': 3.281, 'epoch': 1.61}
{'loss': 0.7605, 'grad_norm': 5.952686786651611, 'learning_rate': 0.00018886316626889419, 'epoch': 1.67}
{'eval_loss': 0.6889576315879822, 'eval_runtime': 284.0127, 'eval_samples_per_second': 104.9, 'eval_steps_per_second': 3.282, 'epoch': 1.67}
{'loss': 0.7548, 'grad_norm': 5.124508857727051, 'learning_rate': 0.0001884653937947494, 'epoch': 1.73}
{'eval_loss': 0.6779385805130005, 'eval_runtime': 284.068, 'eval_samples_per_second': 104.88, 'eval_steps_per_second': 3.281, 'epoch': 1.73}
{'loss': 0.7494, 'grad_norm': 9.088874816894531, 'learning_rate': 0.00018806762132060463, 'epoch': 1.79}
{'eval_loss': 0.6793211698532104, 'eval_runtime': 284.2685, 'eval_samples_per_second': 104.806, 'eval_steps_per_second': 3.279, 'epoch': 1.79}
{'loss': 0.7464, 'grad_norm': 4.149036407470703, 'learning_rate': 0.00018766984884645985, 'epoch': 1.85}
{'eval_loss': 0.6712443232536316, 'eval_runtime': 283.9155, 'eval_samples_per_second': 104.936, 'eval_steps_per_second': 3.283, 'epoch': 1.85}
{'loss': 0.7393, 'grad_norm': 4.169443130493164, 'learning_rate': 0.00018727207637231504, 'epoch': 1.91}
{'eval_loss': 0.6686990261077881, 'eval_runtime': 284.1796, 'eval_samples_per_second': 104.839, 'eval_steps_per_second': 3.28, 'epoch': 1.91}
{'loss': 0.7358, 'grad_norm': 2.5418078899383545, 'learning_rate': 0.00018687430389817026, 'epoch': 1.97}
{'eval_loss': 0.6627210378646851, 'eval_runtime': 284.101, 'eval_samples_per_second': 104.868, 'eval_steps_per_second': 3.281, 'epoch': 1.97}
{'loss': 0.7307, 'grad_norm': 4.866361618041992, 'learning_rate': 0.00018647653142402545, 'epoch': 2.03}
{'eval_loss': 0.6644346714019775, 'eval_runtime': 283.9052, 'eval_samples_per_second': 104.94, 'eval_steps_per_second': 3.283, 'epoch': 2.03}
{'loss': 0.727, 'grad_norm': 2.674933433532715, 'learning_rate': 0.00018607875894988067, 'epoch': 2.09}
{'eval_loss': 0.6614235639572144, 'eval_runtime': 284.6571, 'eval_samples_per_second': 104.663, 'eval_steps_per_second': 3.274, 'epoch': 2.09}
{'loss': 0.7218, 'grad_norm': 9.66811466217041, 'learning_rate': 0.0001856809864757359, 'epoch': 2.15}
{'eval_loss': 0.6590124368667603, 'eval_runtime': 284.1058, 'eval_samples_per_second': 104.866, 'eval_steps_per_second': 3.28, 'epoch': 2.15}
{'loss': 0.7189, 'grad_norm': 16.370452880859375, 'learning_rate': 0.0001852832140015911, 'epoch': 2.21}
{'eval_loss': 0.6552402973175049, 'eval_runtime': 283.9234, 'eval_samples_per_second': 104.933, 'eval_steps_per_second': 3.283, 'epoch': 2.21}
{'loss': 0.7207, 'grad_norm': 4.190222263336182, 'learning_rate': 0.0001848854415274463, 'epoch': 2.27}
{'eval_loss': 0.6557518243789673, 'eval_runtime': 284.0237, 'eval_samples_per_second': 104.896, 'eval_steps_per_second': 3.281, 'epoch': 2.27}
{'loss': 0.7142, 'grad_norm': 13.405593872070312, 'learning_rate': 0.00018448766905330153, 'epoch': 2.33}
{'eval_loss': 0.6524083614349365, 'eval_runtime': 284.0338, 'eval_samples_per_second': 104.892, 'eval_steps_per_second': 3.281, 'epoch': 2.33}
{'loss': 0.7116, 'grad_norm': 6.81257438659668, 'learning_rate': 0.00018408989657915675, 'epoch': 2.39}
{'eval_loss': 0.6647553443908691, 'eval_runtime': 284.1278, 'eval_samples_per_second': 104.858, 'eval_steps_per_second': 3.28, 'epoch': 2.39}
{'loss': 0.7091, 'grad_norm': 9.266226768493652, 'learning_rate': 0.00018369212410501194, 'epoch': 2.45}
{'eval_loss': 0.6533569097518921, 'eval_runtime': 284.01, 'eval_samples_per_second': 104.901, 'eval_steps_per_second': 3.282, 'epoch': 2.45}
{'loss': 0.7053, 'grad_norm': 3.3850812911987305, 'learning_rate': 0.00018329435163086713, 'epoch': 2.51}
{'eval_loss': 0.6475492119789124, 'eval_runtime': 283.9514, 'eval_samples_per_second': 104.923, 'eval_steps_per_second': 3.282, 'epoch': 2.51}
{'loss': 0.7034, 'grad_norm': 11.793258666992188, 'learning_rate': 0.00018289657915672235, 'epoch': 2.57}
{'eval_loss': 0.6532120704650879, 'eval_runtime': 283.9196, 'eval_samples_per_second': 104.935, 'eval_steps_per_second': 3.283, 'epoch': 2.57}
{'loss': 0.7014, 'grad_norm': 3.467754364013672, 'learning_rate': 0.00018249880668257758, 'epoch': 2.63}
{'eval_loss': 0.644767165184021, 'eval_runtime': 283.9818, 'eval_samples_per_second': 104.912, 'eval_steps_per_second': 3.282, 'epoch': 2.63}
{'loss': 0.7019, 'grad_norm': 5.450944900512695, 'learning_rate': 0.0001821010342084328, 'epoch': 2.68}
{'eval_loss': 0.6455761790275574, 'eval_runtime': 284.03, 'eval_samples_per_second': 104.894, 'eval_steps_per_second': 3.281, 'epoch': 2.68}
{'loss': 0.6995, 'grad_norm': 5.59338903427124, 'learning_rate': 0.000181703261734288, 'epoch': 2.74}
{'eval_loss': 0.6473250985145569, 'eval_runtime': 283.926, 'eval_samples_per_second': 104.932, 'eval_steps_per_second': 3.283, 'epoch': 2.74}
{'loss': 0.6937, 'grad_norm': 11.983612060546875, 'learning_rate': 0.0001813054892601432, 'epoch': 2.8}
{'eval_loss': 0.6409873366355896, 'eval_runtime': 283.8699, 'eval_samples_per_second': 104.953, 'eval_steps_per_second': 3.283, 'epoch': 2.8}
{'loss': 0.6966, 'grad_norm': 7.956037521362305, 'learning_rate': 0.00018090771678599843, 'epoch': 2.86}
{'eval_loss': 0.6395783424377441, 'eval_runtime': 283.8714, 'eval_samples_per_second': 104.952, 'eval_steps_per_second': 3.283, 'epoch': 2.86}
{'loss': 0.691, 'grad_norm': 5.956049919128418, 'learning_rate': 0.00018050994431185362, 'epoch': 2.92}
{'eval_loss': 0.6383063197135925, 'eval_runtime': 283.8765, 'eval_samples_per_second': 104.951, 'eval_steps_per_second': 3.283, 'epoch': 2.92}
{'loss': 0.6927, 'grad_norm': 2.445551633834839, 'learning_rate': 0.00018011217183770884, 'epoch': 2.98}
{'eval_loss': 0.6379440426826477, 'eval_runtime': 283.946, 'eval_samples_per_second': 104.925, 'eval_steps_per_second': 3.282, 'epoch': 2.98}
{'loss': 0.6862, 'grad_norm': 9.58032512664795, 'learning_rate': 0.00017971439936356404, 'epoch': 3.04}
{'eval_loss': 0.6363459825515747, 'eval_runtime': 283.8623, 'eval_samples_per_second': 104.956, 'eval_steps_per_second': 3.283, 'epoch': 3.04}
{'loss': 0.6897, 'grad_norm': 3.019261121749878, 'learning_rate': 0.00017931662688941926, 'epoch': 3.1}
{'eval_loss': 0.6368052363395691, 'eval_runtime': 283.9476, 'eval_samples_per_second': 104.924, 'eval_steps_per_second': 3.282, 'epoch': 3.1}
{'loss': 0.6849, 'grad_norm': 14.828816413879395, 'learning_rate': 0.00017891885441527448, 'epoch': 3.16}
{'eval_loss': 0.640263020992279, 'eval_runtime': 283.9821, 'eval_samples_per_second': 104.912, 'eval_steps_per_second': 3.282, 'epoch': 3.16}
{'loss': 0.6851, 'grad_norm': 18.674257278442383, 'learning_rate': 0.0001785210819411297, 'epoch': 3.22}
{'eval_loss': 0.6373298168182373, 'eval_runtime': 283.5871, 'eval_samples_per_second': 105.058, 'eval_steps_per_second': 3.286, 'epoch': 3.22}
{'train_runtime': 38720.5689, 'train_samples_per_second': 207.748, 'train_steps_per_second': 6.493, 'train_loss': 1.0557151952672887, 'epoch': 3.22}
Evaluating (Mean Loss)...
Calculating per-sequence surprisals...
Fold 5 Evaluation per token: 0.6363
Fold 5 Entropy per sequence: 41.1590

--- Starting Fold 6/10 ---
Fold 6 sizes: Train=268137, Eval=29793
Loading tokenizer...
Found 36 POS tags: ['CC', 'CD', 'DT', 'EX', 'FW', 'IN', 'JJ', 'JJR', 'JJS', 'LS', 'MD', 'NN', 'NNP', 'NNPS', 'NNS', 'PDT', 'POS', 'PRP', 'PRP$', 'RB', 'RBR', 'RBS', 'RP', 'SYM', 'TO', 'UH', 'VB', 'VBD', 'VBG', 'VBN', 'VBP', 'VBZ', 'WDT', 'WP', 'WP$', 'WRB']
Found 32 phrase labels: ['-LRB-', '-RRB-', 'ADD', 'ADJP', 'ADVP', 'AFX', 'CONJP', 'FRAG', 'HYPH', 'INTJ', 'LST', 'NFP', 'NML', 'NP', 'PP', 'PRN', 'PRT', 'QP', 'ROOT', 'RRC', 'S', 'SBAR', 'SBARQ', 'SINV', 'SQ', 'UCP', 'VP', 'WHADJP', 'WHADVP', 'WHNP', 'WHPP', 'X']
Adding manual additions: ( ) # $ . , ''
Preprocessing...
Token length per parse sequence: 64.0995
Initializing DualEncoder model...
Loading  weights...
Missing keys: ['prosody_encoder.pos_table', 'prosody_encoder.mag_table', 'prosody_encoder.transformer.layers.0.self_attn.in_proj_weight', 'prosody_encoder.transformer.layers.0.self_attn.in_proj_bias', 'prosody_encoder.transformer.layers.0.self_attn.out_proj.weight', 'prosody_encoder.transformer.layers.0.self_attn.out_proj.bias', 'prosody_encoder.transformer.layers.0.linear1.weight', 'prosody_encoder.transformer.layers.0.linear1.bias', 'prosody_encoder.transformer.layers.0.linear2.weight', 'prosody_encoder.transformer.layers.0.linear2.bias', 'prosody_encoder.transformer.layers.0.norm1.weight', 'prosody_encoder.transformer.layers.0.norm1.bias', 'prosody_encoder.transformer.layers.0.norm2.weight', 'prosody_encoder.transformer.layers.0.norm2.bias', 'prosody_encoder.transformer.layers.1.self_attn.in_proj_weight', 'prosody_encoder.transformer.layers.1.self_attn.in_proj_bias', 'prosody_encoder.transformer.layers.1.self_attn.out_proj.weight', 'prosody_encoder.transformer.layers.1.self_attn.out_proj.bias', 'prosody_encoder.transformer.layers.1.linear1.weight', 'prosody_encoder.transformer.layers.1.linear1.bias', 'prosody_encoder.transformer.layers.1.linear2.weight', 'prosody_encoder.transformer.layers.1.linear2.bias', 'prosody_encoder.transformer.layers.1.norm1.weight', 'prosody_encoder.transformer.layers.1.norm1.bias', 'prosody_encoder.transformer.layers.1.norm2.weight', 'prosody_encoder.transformer.layers.1.norm2.bias', 'prosody_encoder.up_proj.weight', 'prosody_encoder.up_proj.bias', 'prosody_up.weight', 'prosody_up.bias', 'cross_attn.in_proj_weight', 'cross_attn.in_proj_bias', 'cross_attn.out_proj.weight', 'cross_attn.out_proj.bias', 'fusion_layer_norm.weight', 'fusion_layer_norm.bias']
Unexpected keys: []
Re-initializing decoder layer, to be trained from scratch
Training...
{'loss': 9.7455, 'grad_norm': 34.02344512939453, 'learning_rate': 0.0001996030230708035, 'epoch': 0.06}
{'eval_loss': 1.941503643989563, 'eval_runtime': 284.1692, 'eval_samples_per_second': 104.842, 'eval_steps_per_second': 3.28, 'epoch': 0.06}
{'loss': 2.2302, 'grad_norm': 2.60880970954895, 'learning_rate': 0.0001992052505966587, 'epoch': 0.12}
{'eval_loss': 1.550797462463379, 'eval_runtime': 284.5696, 'eval_samples_per_second': 104.695, 'eval_steps_per_second': 3.275, 'epoch': 0.12}
{'loss': 1.8355, 'grad_norm': 34.56650924682617, 'learning_rate': 0.00019880747812251392, 'epoch': 0.18}
{'eval_loss': 1.556092381477356, 'eval_runtime': 284.4899, 'eval_samples_per_second': 104.724, 'eval_steps_per_second': 3.276, 'epoch': 0.18}
{'loss': 1.6467, 'grad_norm': 15.521007537841797, 'learning_rate': 0.00019840970564836914, 'epoch': 0.24}
{'eval_loss': 1.3479441404342651, 'eval_runtime': 284.5413, 'eval_samples_per_second': 104.705, 'eval_steps_per_second': 3.275, 'epoch': 0.24}
{'loss': 1.5355, 'grad_norm': 20.869308471679688, 'learning_rate': 0.00019801193317422436, 'epoch': 0.3}
{'eval_loss': 1.287967562675476, 'eval_runtime': 284.4308, 'eval_samples_per_second': 104.746, 'eval_steps_per_second': 3.277, 'epoch': 0.3}
{'loss': 1.436, 'grad_norm': 9.182889938354492, 'learning_rate': 0.00019761416070007955, 'epoch': 0.36}
{'eval_loss': 1.1972789764404297, 'eval_runtime': 284.5844, 'eval_samples_per_second': 104.69, 'eval_steps_per_second': 3.275, 'epoch': 0.36}
{'loss': 1.335, 'grad_norm': 5.418503284454346, 'learning_rate': 0.00019721638822593477, 'epoch': 0.42}
{'eval_loss': 1.1153019666671753, 'eval_runtime': 284.6731, 'eval_samples_per_second': 104.657, 'eval_steps_per_second': 3.274, 'epoch': 0.42}
{'loss': 1.2255, 'grad_norm': 4.902339935302734, 'learning_rate': 0.00019681861575179, 'epoch': 0.48}
{'eval_loss': 0.9765219688415527, 'eval_runtime': 284.4169, 'eval_samples_per_second': 104.751, 'eval_steps_per_second': 3.277, 'epoch': 0.48}
{'loss': 1.1262, 'grad_norm': 11.117521286010742, 'learning_rate': 0.00019642084327764522, 'epoch': 0.54}
{'eval_loss': 0.9281837344169617, 'eval_runtime': 284.2709, 'eval_samples_per_second': 104.805, 'eval_steps_per_second': 3.279, 'epoch': 0.54}
{'loss': 1.0667, 'grad_norm': 5.989014625549316, 'learning_rate': 0.0001960230708035004, 'epoch': 0.6}
{'eval_loss': 0.90052330493927, 'eval_runtime': 284.5306, 'eval_samples_per_second': 104.709, 'eval_steps_per_second': 3.276, 'epoch': 0.6}
{'loss': 1.0151, 'grad_norm': 7.928802967071533, 'learning_rate': 0.0001956252983293556, 'epoch': 0.66}
{'eval_loss': 0.8620561361312866, 'eval_runtime': 284.5562, 'eval_samples_per_second': 104.7, 'eval_steps_per_second': 3.275, 'epoch': 0.66}
{'loss': 0.9847, 'grad_norm': 5.256282329559326, 'learning_rate': 0.00019522752585521082, 'epoch': 0.72}
{'eval_loss': 0.882243275642395, 'eval_runtime': 284.5095, 'eval_samples_per_second': 104.717, 'eval_steps_per_second': 3.276, 'epoch': 0.72}
{'loss': 0.9605, 'grad_norm': 16.804487228393555, 'learning_rate': 0.00019482975338106604, 'epoch': 0.78}
{'eval_loss': 0.7963089942932129, 'eval_runtime': 284.6362, 'eval_samples_per_second': 104.67, 'eval_steps_per_second': 3.274, 'epoch': 0.78}
{'loss': 0.922, 'grad_norm': 1.6364160776138306, 'learning_rate': 0.00019443198090692126, 'epoch': 0.84}
{'eval_loss': 0.7818416953086853, 'eval_runtime': 284.5183, 'eval_samples_per_second': 104.714, 'eval_steps_per_second': 3.276, 'epoch': 0.84}
{'loss': 0.897, 'grad_norm': 5.898410797119141, 'learning_rate': 0.00019403420843277646, 'epoch': 0.89}
{'eval_loss': 0.7716644406318665, 'eval_runtime': 284.728, 'eval_samples_per_second': 104.637, 'eval_steps_per_second': 3.273, 'epoch': 0.89}
{'loss': 0.881, 'grad_norm': 6.55938196182251, 'learning_rate': 0.00019363643595863168, 'epoch': 0.95}
{'eval_loss': 0.7532147169113159, 'eval_runtime': 284.4202, 'eval_samples_per_second': 104.75, 'eval_steps_per_second': 3.277, 'epoch': 0.95}
{'loss': 0.8676, 'grad_norm': 2.5831034183502197, 'learning_rate': 0.0001932386634844869, 'epoch': 1.01}
{'eval_loss': 0.7368378043174744, 'eval_runtime': 284.5814, 'eval_samples_per_second': 104.691, 'eval_steps_per_second': 3.275, 'epoch': 1.01}
{'loss': 0.8411, 'grad_norm': 8.987552642822266, 'learning_rate': 0.0001928408910103421, 'epoch': 1.07}
{'eval_loss': 0.7406492829322815, 'eval_runtime': 284.3995, 'eval_samples_per_second': 104.758, 'eval_steps_per_second': 3.277, 'epoch': 1.07}
{'loss': 0.8352, 'grad_norm': 4.765787601470947, 'learning_rate': 0.0001924431185361973, 'epoch': 1.13}
{'eval_loss': 0.7275723814964294, 'eval_runtime': 284.4688, 'eval_samples_per_second': 104.732, 'eval_steps_per_second': 3.276, 'epoch': 1.13}
{'loss': 0.8226, 'grad_norm': 11.043686866760254, 'learning_rate': 0.0001920453460620525, 'epoch': 1.19}
{'eval_loss': 0.7251525521278381, 'eval_runtime': 284.3091, 'eval_samples_per_second': 104.791, 'eval_steps_per_second': 3.278, 'epoch': 1.19}
{'loss': 0.8121, 'grad_norm': 20.978511810302734, 'learning_rate': 0.00019164757358790772, 'epoch': 1.25}
{'eval_loss': 0.7340486645698547, 'eval_runtime': 284.3528, 'eval_samples_per_second': 104.775, 'eval_steps_per_second': 3.278, 'epoch': 1.25}
{'loss': 0.8071, 'grad_norm': 2.428525686264038, 'learning_rate': 0.00019124980111376294, 'epoch': 1.31}
{'eval_loss': 0.7085644602775574, 'eval_runtime': 284.1993, 'eval_samples_per_second': 104.831, 'eval_steps_per_second': 3.279, 'epoch': 1.31}
{'loss': 0.7959, 'grad_norm': 5.163427352905273, 'learning_rate': 0.00019085202863961816, 'epoch': 1.37}
{'eval_loss': 0.7037649750709534, 'eval_runtime': 284.3743, 'eval_samples_per_second': 104.767, 'eval_steps_per_second': 3.277, 'epoch': 1.37}
{'loss': 0.7855, 'grad_norm': 19.514827728271484, 'learning_rate': 0.00019045425616547336, 'epoch': 1.43}
{'eval_loss': 0.6950486898422241, 'eval_runtime': 284.2035, 'eval_samples_per_second': 104.83, 'eval_steps_per_second': 3.279, 'epoch': 1.43}
{'loss': 0.7773, 'grad_norm': 7.38467264175415, 'learning_rate': 0.00019005648369132858, 'epoch': 1.49}
{'eval_loss': 0.6886969208717346, 'eval_runtime': 284.2655, 'eval_samples_per_second': 104.807, 'eval_steps_per_second': 3.279, 'epoch': 1.49}
{'loss': 0.7738, 'grad_norm': 22.557966232299805, 'learning_rate': 0.00018965871121718377, 'epoch': 1.55}
{'eval_loss': 0.699447751045227, 'eval_runtime': 284.3679, 'eval_samples_per_second': 104.769, 'eval_steps_per_second': 3.277, 'epoch': 1.55}
{'loss': 0.7656, 'grad_norm': 5.789705753326416, 'learning_rate': 0.000189260938743039, 'epoch': 1.61}
{'eval_loss': 0.6825721263885498, 'eval_runtime': 284.4919, 'eval_samples_per_second': 104.724, 'eval_steps_per_second': 3.276, 'epoch': 1.61}
{'loss': 0.7575, 'grad_norm': 2.9093539714813232, 'learning_rate': 0.00018886316626889419, 'epoch': 1.67}
{'eval_loss': 0.6809511184692383, 'eval_runtime': 284.1571, 'eval_samples_per_second': 104.847, 'eval_steps_per_second': 3.28, 'epoch': 1.67}
{'loss': 0.7528, 'grad_norm': 3.731370687484741, 'learning_rate': 0.0001884653937947494, 'epoch': 1.73}
{'eval_loss': 0.6777682304382324, 'eval_runtime': 284.3396, 'eval_samples_per_second': 104.78, 'eval_steps_per_second': 3.278, 'epoch': 1.73}
{'loss': 0.7504, 'grad_norm': 3.537290334701538, 'learning_rate': 0.00018806762132060463, 'epoch': 1.79}
{'eval_loss': 0.6689605116844177, 'eval_runtime': 284.516, 'eval_samples_per_second': 104.715, 'eval_steps_per_second': 3.276, 'epoch': 1.79}
{'loss': 0.7464, 'grad_norm': 3.545477867126465, 'learning_rate': 0.00018766984884645985, 'epoch': 1.85}
{'eval_loss': 0.6744638085365295, 'eval_runtime': 284.0499, 'eval_samples_per_second': 104.887, 'eval_steps_per_second': 3.281, 'epoch': 1.85}
{'loss': 0.7402, 'grad_norm': 11.906036376953125, 'learning_rate': 0.00018727207637231504, 'epoch': 1.91}
{'eval_loss': 0.6666852235794067, 'eval_runtime': 284.1347, 'eval_samples_per_second': 104.855, 'eval_steps_per_second': 3.28, 'epoch': 1.91}
{'loss': 0.7342, 'grad_norm': 4.898808002471924, 'learning_rate': 0.00018687430389817026, 'epoch': 1.97}
{'eval_loss': 0.6675840020179749, 'eval_runtime': 283.9456, 'eval_samples_per_second': 104.925, 'eval_steps_per_second': 3.282, 'epoch': 1.97}
{'loss': 0.7308, 'grad_norm': 5.832036972045898, 'learning_rate': 0.00018647653142402545, 'epoch': 2.03}
{'eval_loss': 0.6607237458229065, 'eval_runtime': 283.9768, 'eval_samples_per_second': 104.914, 'eval_steps_per_second': 3.282, 'epoch': 2.03}
{'loss': 0.7271, 'grad_norm': 4.888664245605469, 'learning_rate': 0.00018607875894988067, 'epoch': 2.09}
{'eval_loss': 0.6613003611564636, 'eval_runtime': 283.9354, 'eval_samples_per_second': 104.929, 'eval_steps_per_second': 3.282, 'epoch': 2.09}
{'loss': 0.7234, 'grad_norm': 7.159039497375488, 'learning_rate': 0.0001856809864757359, 'epoch': 2.15}
{'eval_loss': 0.6604753732681274, 'eval_runtime': 284.1787, 'eval_samples_per_second': 104.839, 'eval_steps_per_second': 3.28, 'epoch': 2.15}
{'loss': 0.7196, 'grad_norm': 8.441068649291992, 'learning_rate': 0.0001852832140015911, 'epoch': 2.21}
{'eval_loss': 0.6572672724723816, 'eval_runtime': 283.9982, 'eval_samples_per_second': 104.906, 'eval_steps_per_second': 3.282, 'epoch': 2.21}
{'loss': 0.7174, 'grad_norm': 11.781744956970215, 'learning_rate': 0.0001848854415274463, 'epoch': 2.27}
{'eval_loss': 0.6524479985237122, 'eval_runtime': 284.0181, 'eval_samples_per_second': 104.898, 'eval_steps_per_second': 3.281, 'epoch': 2.27}
{'loss': 0.7169, 'grad_norm': 3.9701192378997803, 'learning_rate': 0.00018448766905330153, 'epoch': 2.33}
{'eval_loss': 0.6597554683685303, 'eval_runtime': 284.084, 'eval_samples_per_second': 104.874, 'eval_steps_per_second': 3.281, 'epoch': 2.33}
{'loss': 0.7124, 'grad_norm': 7.959456443786621, 'learning_rate': 0.00018408989657915675, 'epoch': 2.39}
{'eval_loss': 0.665395975112915, 'eval_runtime': 284.2756, 'eval_samples_per_second': 104.803, 'eval_steps_per_second': 3.279, 'epoch': 2.39}
{'loss': 0.7129, 'grad_norm': 6.063928127288818, 'learning_rate': 0.00018369212410501194, 'epoch': 2.45}
{'eval_loss': 0.6589969992637634, 'eval_runtime': 284.0282, 'eval_samples_per_second': 104.895, 'eval_steps_per_second': 3.281, 'epoch': 2.45}
{'train_runtime': 29422.492, 'train_samples_per_second': 273.4, 'train_steps_per_second': 8.544, 'train_loss': 1.169979590439215, 'epoch': 2.45}
Evaluating (Mean Loss)...
Calculating per-sequence surprisals...
Fold 6 Evaluation per token: 0.6524
Fold 6 Entropy per sequence: 41.8216

--- Starting Fold 7/10 ---
Fold 7 sizes: Train=268137, Eval=29793
Loading tokenizer...
Found 36 POS tags: ['CC', 'CD', 'DT', 'EX', 'FW', 'IN', 'JJ', 'JJR', 'JJS', 'LS', 'MD', 'NN', 'NNP', 'NNPS', 'NNS', 'PDT', 'POS', 'PRP', 'PRP$', 'RB', 'RBR', 'RBS', 'RP', 'SYM', 'TO', 'UH', 'VB', 'VBD', 'VBG', 'VBN', 'VBP', 'VBZ', 'WDT', 'WP', 'WP$', 'WRB']
Found 32 phrase labels: ['-LRB-', '-RRB-', 'ADD', 'ADJP', 'ADVP', 'AFX', 'CONJP', 'FRAG', 'HYPH', 'INTJ', 'LST', 'NFP', 'NML', 'NP', 'PP', 'PRN', 'PRT', 'QP', 'ROOT', 'RRC', 'S', 'SBAR', 'SBARQ', 'SINV', 'SQ', 'UCP', 'VP', 'WHADJP', 'WHADVP', 'WHNP', 'WHPP', 'X']
Adding manual additions: ( ) # $ . , ''
Preprocessing...
Token length per parse sequence: 64.1171
Initializing DualEncoder model...
Loading  weights...
Missing keys: ['prosody_encoder.pos_table', 'prosody_encoder.mag_table', 'prosody_encoder.transformer.layers.0.self_attn.in_proj_weight', 'prosody_encoder.transformer.layers.0.self_attn.in_proj_bias', 'prosody_encoder.transformer.layers.0.self_attn.out_proj.weight', 'prosody_encoder.transformer.layers.0.self_attn.out_proj.bias', 'prosody_encoder.transformer.layers.0.linear1.weight', 'prosody_encoder.transformer.layers.0.linear1.bias', 'prosody_encoder.transformer.layers.0.linear2.weight', 'prosody_encoder.transformer.layers.0.linear2.bias', 'prosody_encoder.transformer.layers.0.norm1.weight', 'prosody_encoder.transformer.layers.0.norm1.bias', 'prosody_encoder.transformer.layers.0.norm2.weight', 'prosody_encoder.transformer.layers.0.norm2.bias', 'prosody_encoder.transformer.layers.1.self_attn.in_proj_weight', 'prosody_encoder.transformer.layers.1.self_attn.in_proj_bias', 'prosody_encoder.transformer.layers.1.self_attn.out_proj.weight', 'prosody_encoder.transformer.layers.1.self_attn.out_proj.bias', 'prosody_encoder.transformer.layers.1.linear1.weight', 'prosody_encoder.transformer.layers.1.linear1.bias', 'prosody_encoder.transformer.layers.1.linear2.weight', 'prosody_encoder.transformer.layers.1.linear2.bias', 'prosody_encoder.transformer.layers.1.norm1.weight', 'prosody_encoder.transformer.layers.1.norm1.bias', 'prosody_encoder.transformer.layers.1.norm2.weight', 'prosody_encoder.transformer.layers.1.norm2.bias', 'prosody_encoder.up_proj.weight', 'prosody_encoder.up_proj.bias', 'prosody_up.weight', 'prosody_up.bias', 'cross_attn.in_proj_weight', 'cross_attn.in_proj_bias', 'cross_attn.out_proj.weight', 'cross_attn.out_proj.bias', 'fusion_layer_norm.weight', 'fusion_layer_norm.bias']
Unexpected keys: []
Re-initializing decoder layer, to be trained from scratch
Training...
{'loss': 9.9498, 'grad_norm': 12.640291213989258, 'learning_rate': 0.0001996030230708035, 'epoch': 0.06}
{'eval_loss': 1.8908026218414307, 'eval_runtime': 284.1488, 'eval_samples_per_second': 104.85, 'eval_steps_per_second': 3.28, 'epoch': 0.06}
{'loss': 2.2024, 'grad_norm': 9.124871253967285, 'learning_rate': 0.0001992052505966587, 'epoch': 0.12}
{'eval_loss': 1.6051119565963745, 'eval_runtime': 284.2148, 'eval_samples_per_second': 104.826, 'eval_steps_per_second': 3.279, 'epoch': 0.12}
{'loss': 1.8272, 'grad_norm': 14.647972106933594, 'learning_rate': 0.00019880747812251392, 'epoch': 0.18}
{'eval_loss': 1.406133770942688, 'eval_runtime': 284.7311, 'eval_samples_per_second': 104.636, 'eval_steps_per_second': 3.273, 'epoch': 0.18}
{'loss': 1.6375, 'grad_norm': 5.222282886505127, 'learning_rate': 0.00019840970564836914, 'epoch': 0.24}
{'eval_loss': 1.3432821035385132, 'eval_runtime': 284.3668, 'eval_samples_per_second': 104.77, 'eval_steps_per_second': 3.277, 'epoch': 0.24}
{'loss': 1.5132, 'grad_norm': 26.199113845825195, 'learning_rate': 0.00019801193317422436, 'epoch': 0.3}
{'eval_loss': 1.290087342262268, 'eval_runtime': 284.4627, 'eval_samples_per_second': 104.734, 'eval_steps_per_second': 3.276, 'epoch': 0.3}
{'loss': 1.3996, 'grad_norm': 19.759023666381836, 'learning_rate': 0.00019761416070007955, 'epoch': 0.36}
{'eval_loss': 1.192868709564209, 'eval_runtime': 284.6733, 'eval_samples_per_second': 104.657, 'eval_steps_per_second': 3.274, 'epoch': 0.36}
{'loss': 1.312, 'grad_norm': 29.243288040161133, 'learning_rate': 0.00019721638822593477, 'epoch': 0.42}
{'eval_loss': 1.0865899324417114, 'eval_runtime': 284.2765, 'eval_samples_per_second': 104.803, 'eval_steps_per_second': 3.278, 'epoch': 0.42}
{'loss': 1.2056, 'grad_norm': 4.469297885894775, 'learning_rate': 0.00019681861575179, 'epoch': 0.48}
{'eval_loss': 0.9721325635910034, 'eval_runtime': 284.3034, 'eval_samples_per_second': 104.793, 'eval_steps_per_second': 3.278, 'epoch': 0.48}
{'loss': 1.1094, 'grad_norm': 16.022932052612305, 'learning_rate': 0.00019642084327764522, 'epoch': 0.54}
{'eval_loss': 0.9462593793869019, 'eval_runtime': 284.1481, 'eval_samples_per_second': 104.85, 'eval_steps_per_second': 3.28, 'epoch': 0.54}
{'loss': 1.0585, 'grad_norm': 16.69278335571289, 'learning_rate': 0.0001960230708035004, 'epoch': 0.6}
{'eval_loss': 0.9107236266136169, 'eval_runtime': 284.468, 'eval_samples_per_second': 104.732, 'eval_steps_per_second': 3.276, 'epoch': 0.6}
{'loss': 1.013, 'grad_norm': 10.001876831054688, 'learning_rate': 0.0001956252983293556, 'epoch': 0.66}
{'eval_loss': 0.8437920808792114, 'eval_runtime': 284.2664, 'eval_samples_per_second': 104.807, 'eval_steps_per_second': 3.279, 'epoch': 0.66}
{'loss': 0.9761, 'grad_norm': 14.643569946289062, 'learning_rate': 0.00019522752585521082, 'epoch': 0.72}
{'eval_loss': 0.8205147385597229, 'eval_runtime': 284.6096, 'eval_samples_per_second': 104.68, 'eval_steps_per_second': 3.275, 'epoch': 0.72}
{'loss': 0.9489, 'grad_norm': 5.146075248718262, 'learning_rate': 0.00019482975338106604, 'epoch': 0.78}
{'eval_loss': 0.8022719025611877, 'eval_runtime': 284.2909, 'eval_samples_per_second': 104.798, 'eval_steps_per_second': 3.278, 'epoch': 0.78}
{'loss': 0.9261, 'grad_norm': 4.567468643188477, 'learning_rate': 0.00019443198090692126, 'epoch': 0.84}
{'eval_loss': 0.7817762494087219, 'eval_runtime': 284.2751, 'eval_samples_per_second': 104.803, 'eval_steps_per_second': 3.279, 'epoch': 0.84}
{'loss': 0.8948, 'grad_norm': 5.708356857299805, 'learning_rate': 0.00019403420843277646, 'epoch': 0.89}
{'eval_loss': 0.7651069760322571, 'eval_runtime': 284.2968, 'eval_samples_per_second': 104.795, 'eval_steps_per_second': 3.278, 'epoch': 0.89}
{'loss': 0.8744, 'grad_norm': 8.22094440460205, 'learning_rate': 0.00019363643595863168, 'epoch': 0.95}
{'eval_loss': 0.7662160992622375, 'eval_runtime': 284.3304, 'eval_samples_per_second': 104.783, 'eval_steps_per_second': 3.278, 'epoch': 0.95}
{'loss': 0.8634, 'grad_norm': 9.523520469665527, 'learning_rate': 0.0001932386634844869, 'epoch': 1.01}
{'eval_loss': 0.7490509152412415, 'eval_runtime': 284.3409, 'eval_samples_per_second': 104.779, 'eval_steps_per_second': 3.278, 'epoch': 1.01}
{'loss': 0.8452, 'grad_norm': 9.767967224121094, 'learning_rate': 0.0001928408910103421, 'epoch': 1.07}
{'eval_loss': 0.7375690937042236, 'eval_runtime': 284.3751, 'eval_samples_per_second': 104.767, 'eval_steps_per_second': 3.277, 'epoch': 1.07}
{'loss': 0.8382, 'grad_norm': 10.623382568359375, 'learning_rate': 0.0001924431185361973, 'epoch': 1.13}
{'eval_loss': 0.7185818552970886, 'eval_runtime': 284.3152, 'eval_samples_per_second': 104.789, 'eval_steps_per_second': 3.278, 'epoch': 1.13}
{'loss': 0.8229, 'grad_norm': 8.411927223205566, 'learning_rate': 0.0001920453460620525, 'epoch': 1.19}
{'eval_loss': 0.7237563133239746, 'eval_runtime': 284.3193, 'eval_samples_per_second': 104.787, 'eval_steps_per_second': 3.278, 'epoch': 1.19}
{'loss': 0.8088, 'grad_norm': 2.971318244934082, 'learning_rate': 0.00019164757358790772, 'epoch': 1.25}
{'eval_loss': 0.7242458462715149, 'eval_runtime': 284.4163, 'eval_samples_per_second': 104.751, 'eval_steps_per_second': 3.277, 'epoch': 1.25}
{'loss': 0.8086, 'grad_norm': 29.049413681030273, 'learning_rate': 0.00019124980111376294, 'epoch': 1.31}
{'eval_loss': 0.7110932469367981, 'eval_runtime': 284.2558, 'eval_samples_per_second': 104.811, 'eval_steps_per_second': 3.279, 'epoch': 1.31}
{'loss': 0.7912, 'grad_norm': 5.643869400024414, 'learning_rate': 0.00019085202863961816, 'epoch': 1.37}
{'eval_loss': 0.6956181526184082, 'eval_runtime': 284.1055, 'eval_samples_per_second': 104.866, 'eval_steps_per_second': 3.28, 'epoch': 1.37}
{'loss': 0.7873, 'grad_norm': 6.720949649810791, 'learning_rate': 0.00019045425616547336, 'epoch': 1.43}
{'eval_loss': 0.6971912384033203, 'eval_runtime': 284.2465, 'eval_samples_per_second': 104.814, 'eval_steps_per_second': 3.279, 'epoch': 1.43}
{'loss': 0.7822, 'grad_norm': 13.830554962158203, 'learning_rate': 0.00019005648369132858, 'epoch': 1.49}
{'eval_loss': 0.7015491127967834, 'eval_runtime': 284.0205, 'eval_samples_per_second': 104.897, 'eval_steps_per_second': 3.281, 'epoch': 1.49}
{'loss': 0.7686, 'grad_norm': 5.081400394439697, 'learning_rate': 0.00018965871121718377, 'epoch': 1.55}
{'eval_loss': 0.695733368396759, 'eval_runtime': 284.0276, 'eval_samples_per_second': 104.895, 'eval_steps_per_second': 3.281, 'epoch': 1.55}
{'train_runtime': 18662.8575, 'train_samples_per_second': 431.022, 'train_steps_per_second': 13.471, 'train_loss': 1.4217325862004206, 'epoch': 1.55}
Evaluating (Mean Loss)...
Calculating per-sequence surprisals...
Fold 7 Evaluation per token: 0.6956
Fold 7 Entropy per sequence: 44.6010

--- Starting Fold 8/10 ---
Fold 8 sizes: Train=268137, Eval=29793
Loading tokenizer...
Found 36 POS tags: ['CC', 'CD', 'DT', 'EX', 'FW', 'IN', 'JJ', 'JJR', 'JJS', 'LS', 'MD', 'NN', 'NNP', 'NNPS', 'NNS', 'PDT', 'POS', 'PRP', 'PRP$', 'RB', 'RBR', 'RBS', 'RP', 'SYM', 'TO', 'UH', 'VB', 'VBD', 'VBG', 'VBN', 'VBP', 'VBZ', 'WDT', 'WP', 'WP$', 'WRB']
Found 32 phrase labels: ['-LRB-', '-RRB-', 'ADD', 'ADJP', 'ADVP', 'AFX', 'CONJP', 'FRAG', 'HYPH', 'INTJ', 'LST', 'NFP', 'NML', 'NP', 'PP', 'PRN', 'PRT', 'QP', 'ROOT', 'RRC', 'S', 'SBAR', 'SBARQ', 'SINV', 'SQ', 'UCP', 'VP', 'WHADJP', 'WHADVP', 'WHNP', 'WHPP', 'X']
Adding manual additions: ( ) # $ . , ''
Preprocessing...
Token length per parse sequence: 63.7019
Initializing DualEncoder model...
Loading  weights...
Missing keys: ['prosody_encoder.pos_table', 'prosody_encoder.mag_table', 'prosody_encoder.transformer.layers.0.self_attn.in_proj_weight', 'prosody_encoder.transformer.layers.0.self_attn.in_proj_bias', 'prosody_encoder.transformer.layers.0.self_attn.out_proj.weight', 'prosody_encoder.transformer.layers.0.self_attn.out_proj.bias', 'prosody_encoder.transformer.layers.0.linear1.weight', 'prosody_encoder.transformer.layers.0.linear1.bias', 'prosody_encoder.transformer.layers.0.linear2.weight', 'prosody_encoder.transformer.layers.0.linear2.bias', 'prosody_encoder.transformer.layers.0.norm1.weight', 'prosody_encoder.transformer.layers.0.norm1.bias', 'prosody_encoder.transformer.layers.0.norm2.weight', 'prosody_encoder.transformer.layers.0.norm2.bias', 'prosody_encoder.transformer.layers.1.self_attn.in_proj_weight', 'prosody_encoder.transformer.layers.1.self_attn.in_proj_bias', 'prosody_encoder.transformer.layers.1.self_attn.out_proj.weight', 'prosody_encoder.transformer.layers.1.self_attn.out_proj.bias', 'prosody_encoder.transformer.layers.1.linear1.weight', 'prosody_encoder.transformer.layers.1.linear1.bias', 'prosody_encoder.transformer.layers.1.linear2.weight', 'prosody_encoder.transformer.layers.1.linear2.bias', 'prosody_encoder.transformer.layers.1.norm1.weight', 'prosody_encoder.transformer.layers.1.norm1.bias', 'prosody_encoder.transformer.layers.1.norm2.weight', 'prosody_encoder.transformer.layers.1.norm2.bias', 'prosody_encoder.up_proj.weight', 'prosody_encoder.up_proj.bias', 'prosody_up.weight', 'prosody_up.bias', 'cross_attn.in_proj_weight', 'cross_attn.in_proj_bias', 'cross_attn.out_proj.weight', 'cross_attn.out_proj.bias', 'fusion_layer_norm.weight', 'fusion_layer_norm.bias']
Unexpected keys: []
Re-initializing decoder layer, to be trained from scratch
Training...
{'loss': 9.8701, 'grad_norm': 13.253857612609863, 'learning_rate': 0.0001996030230708035, 'epoch': 0.06}
{'eval_loss': 1.9557721614837646, 'eval_runtime': 284.1332, 'eval_samples_per_second': 104.856, 'eval_steps_per_second': 3.28, 'epoch': 0.06}
{'loss': 2.216, 'grad_norm': 4.587697982788086, 'learning_rate': 0.0001992052505966587, 'epoch': 0.12}
{'eval_loss': 1.5475345849990845, 'eval_runtime': 284.5668, 'eval_samples_per_second': 104.696, 'eval_steps_per_second': 3.275, 'epoch': 0.12}
{'loss': 1.8386, 'grad_norm': 5.812296390533447, 'learning_rate': 0.00019880747812251392, 'epoch': 0.18}
{'eval_loss': 1.4622021913528442, 'eval_runtime': 284.6767, 'eval_samples_per_second': 104.656, 'eval_steps_per_second': 3.274, 'epoch': 0.18}
{'loss': 1.6478, 'grad_norm': 16.10406494140625, 'learning_rate': 0.00019840970564836914, 'epoch': 0.24}
{'eval_loss': 1.3786898851394653, 'eval_runtime': 284.7875, 'eval_samples_per_second': 104.615, 'eval_steps_per_second': 3.273, 'epoch': 0.24}
{'loss': 1.5233, 'grad_norm': 3.0432755947113037, 'learning_rate': 0.00019801193317422436, 'epoch': 0.3}
{'eval_loss': 1.2841767072677612, 'eval_runtime': 284.7648, 'eval_samples_per_second': 104.623, 'eval_steps_per_second': 3.273, 'epoch': 0.3}
{'loss': 1.4208, 'grad_norm': 12.760110855102539, 'learning_rate': 0.00019761416070007955, 'epoch': 0.36}
{'eval_loss': 1.194133996963501, 'eval_runtime': 284.5468, 'eval_samples_per_second': 104.703, 'eval_steps_per_second': 3.275, 'epoch': 0.36}
{'loss': 1.3286, 'grad_norm': 9.963899612426758, 'learning_rate': 0.00019721638822593477, 'epoch': 0.42}
{'eval_loss': 1.1079946756362915, 'eval_runtime': 284.7419, 'eval_samples_per_second': 104.632, 'eval_steps_per_second': 3.273, 'epoch': 0.42}
{'loss': 1.2328, 'grad_norm': 5.856741428375244, 'learning_rate': 0.00019681861575179, 'epoch': 0.48}
{'eval_loss': 0.9804666042327881, 'eval_runtime': 284.3943, 'eval_samples_per_second': 104.759, 'eval_steps_per_second': 3.277, 'epoch': 0.48}
{'loss': 1.1367, 'grad_norm': 10.269590377807617, 'learning_rate': 0.00019642084327764522, 'epoch': 0.54}
{'eval_loss': 1.0162410736083984, 'eval_runtime': 284.3758, 'eval_samples_per_second': 104.766, 'eval_steps_per_second': 3.277, 'epoch': 0.54}
{'loss': 1.075, 'grad_norm': 8.770669937133789, 'learning_rate': 0.0001960230708035004, 'epoch': 0.6}
{'eval_loss': 0.9529545903205872, 'eval_runtime': 284.3077, 'eval_samples_per_second': 104.791, 'eval_steps_per_second': 3.278, 'epoch': 0.6}
{'loss': 1.0193, 'grad_norm': 11.802909851074219, 'learning_rate': 0.0001956252983293556, 'epoch': 0.66}
{'eval_loss': 0.8565806746482849, 'eval_runtime': 284.4002, 'eval_samples_per_second': 104.757, 'eval_steps_per_second': 3.277, 'epoch': 0.66}
{'loss': 0.9775, 'grad_norm': 13.631105422973633, 'learning_rate': 0.00019522752585521082, 'epoch': 0.72}
{'eval_loss': 0.8442281484603882, 'eval_runtime': 284.4286, 'eval_samples_per_second': 104.747, 'eval_steps_per_second': 3.277, 'epoch': 0.72}
{'loss': 0.9472, 'grad_norm': 9.942131042480469, 'learning_rate': 0.00019482975338106604, 'epoch': 0.78}
{'eval_loss': 0.7851201295852661, 'eval_runtime': 284.5003, 'eval_samples_per_second': 104.72, 'eval_steps_per_second': 3.276, 'epoch': 0.78}
{'loss': 0.9243, 'grad_norm': 5.943257808685303, 'learning_rate': 0.00019443198090692126, 'epoch': 0.84}
{'eval_loss': 0.7927746176719666, 'eval_runtime': 284.5725, 'eval_samples_per_second': 104.694, 'eval_steps_per_second': 3.275, 'epoch': 0.84}
{'loss': 0.9158, 'grad_norm': 24.678966522216797, 'learning_rate': 0.00019403420843277646, 'epoch': 0.89}
{'eval_loss': 0.792451024055481, 'eval_runtime': 284.6913, 'eval_samples_per_second': 104.65, 'eval_steps_per_second': 3.274, 'epoch': 0.89}
{'loss': 0.8817, 'grad_norm': 8.732040405273438, 'learning_rate': 0.00019363643595863168, 'epoch': 0.95}
{'eval_loss': 0.7589144110679626, 'eval_runtime': 284.5889, 'eval_samples_per_second': 104.688, 'eval_steps_per_second': 3.275, 'epoch': 0.95}
{'loss': 0.8658, 'grad_norm': 3.6140780448913574, 'learning_rate': 0.0001932386634844869, 'epoch': 1.01}
{'eval_loss': 0.7445150017738342, 'eval_runtime': 284.3111, 'eval_samples_per_second': 104.79, 'eval_steps_per_second': 3.278, 'epoch': 1.01}
{'loss': 0.8512, 'grad_norm': 4.661153793334961, 'learning_rate': 0.0001928408910103421, 'epoch': 1.07}
{'eval_loss': 0.728363037109375, 'eval_runtime': 284.5065, 'eval_samples_per_second': 104.718, 'eval_steps_per_second': 3.276, 'epoch': 1.07}
{'loss': 0.8349, 'grad_norm': 4.054651737213135, 'learning_rate': 0.0001924431185361973, 'epoch': 1.13}
{'eval_loss': 0.740074872970581, 'eval_runtime': 284.3445, 'eval_samples_per_second': 104.778, 'eval_steps_per_second': 3.278, 'epoch': 1.13}
{'loss': 0.8258, 'grad_norm': 8.564794540405273, 'learning_rate': 0.0001920453460620525, 'epoch': 1.19}
{'eval_loss': 0.7183167934417725, 'eval_runtime': 284.2739, 'eval_samples_per_second': 104.804, 'eval_steps_per_second': 3.279, 'epoch': 1.19}
{'loss': 0.8117, 'grad_norm': 5.181691646575928, 'learning_rate': 0.00019164757358790772, 'epoch': 1.25}
{'eval_loss': 0.7096573114395142, 'eval_runtime': 284.4845, 'eval_samples_per_second': 104.726, 'eval_steps_per_second': 3.276, 'epoch': 1.25}
{'loss': 0.8033, 'grad_norm': 11.219502449035645, 'learning_rate': 0.00019124980111376294, 'epoch': 1.31}
{'eval_loss': 0.7040606737136841, 'eval_runtime': 284.1436, 'eval_samples_per_second': 104.852, 'eval_steps_per_second': 3.28, 'epoch': 1.31}
{'loss': 0.7937, 'grad_norm': 13.050668716430664, 'learning_rate': 0.00019085202863961816, 'epoch': 1.37}
{'eval_loss': 0.6966382265090942, 'eval_runtime': 284.6795, 'eval_samples_per_second': 104.655, 'eval_steps_per_second': 3.274, 'epoch': 1.37}
{'loss': 0.7872, 'grad_norm': 11.015734672546387, 'learning_rate': 0.00019045425616547336, 'epoch': 1.43}
{'eval_loss': 0.6950690150260925, 'eval_runtime': 284.0646, 'eval_samples_per_second': 104.881, 'eval_steps_per_second': 3.281, 'epoch': 1.43}
{'loss': 0.7772, 'grad_norm': 16.15735626220703, 'learning_rate': 0.00019005648369132858, 'epoch': 1.49}
{'eval_loss': 0.6933131217956543, 'eval_runtime': 284.3141, 'eval_samples_per_second': 104.789, 'eval_steps_per_second': 3.278, 'epoch': 1.49}
{'loss': 0.7723, 'grad_norm': 2.4341018199920654, 'learning_rate': 0.00018965871121718377, 'epoch': 1.55}
{'eval_loss': 0.688318133354187, 'eval_runtime': 284.281, 'eval_samples_per_second': 104.801, 'eval_steps_per_second': 3.278, 'epoch': 1.55}
{'loss': 0.7643, 'grad_norm': 2.0444095134735107, 'learning_rate': 0.000189260938743039, 'epoch': 1.61}
{'eval_loss': 0.6889954209327698, 'eval_runtime': 284.2059, 'eval_samples_per_second': 104.829, 'eval_steps_per_second': 3.279, 'epoch': 1.61}
{'loss': 0.7604, 'grad_norm': 9.970983505249023, 'learning_rate': 0.00018886316626889419, 'epoch': 1.67}
{'eval_loss': 0.6837348341941833, 'eval_runtime': 283.8576, 'eval_samples_per_second': 104.958, 'eval_steps_per_second': 3.283, 'epoch': 1.67}
{'loss': 0.7546, 'grad_norm': 6.411165237426758, 'learning_rate': 0.0001884653937947494, 'epoch': 1.73}
{'eval_loss': 0.687888503074646, 'eval_runtime': 284.1469, 'eval_samples_per_second': 104.851, 'eval_steps_per_second': 3.28, 'epoch': 1.73}
{'loss': 0.7486, 'grad_norm': 4.262829780578613, 'learning_rate': 0.00018806762132060463, 'epoch': 1.79}
{'eval_loss': 0.6786479353904724, 'eval_runtime': 284.1499, 'eval_samples_per_second': 104.85, 'eval_steps_per_second': 3.28, 'epoch': 1.79}
{'loss': 0.7434, 'grad_norm': 18.984962463378906, 'learning_rate': 0.00018766984884645985, 'epoch': 1.85}
{'eval_loss': 0.6878132224082947, 'eval_runtime': 284.0798, 'eval_samples_per_second': 104.875, 'eval_steps_per_second': 3.281, 'epoch': 1.85}
{'loss': 0.7396, 'grad_norm': 10.49830150604248, 'learning_rate': 0.00018727207637231504, 'epoch': 1.91}
{'eval_loss': 0.6675102114677429, 'eval_runtime': 284.0263, 'eval_samples_per_second': 104.895, 'eval_steps_per_second': 3.281, 'epoch': 1.91}
{'loss': 0.7359, 'grad_norm': 3.2323718070983887, 'learning_rate': 0.00018687430389817026, 'epoch': 1.97}
{'eval_loss': 0.6678911447525024, 'eval_runtime': 284.0399, 'eval_samples_per_second': 104.89, 'eval_steps_per_second': 3.281, 'epoch': 1.97}
{'loss': 0.7337, 'grad_norm': 4.520677089691162, 'learning_rate': 0.00018647653142402545, 'epoch': 2.03}
{'eval_loss': 0.6635465025901794, 'eval_runtime': 284.1251, 'eval_samples_per_second': 104.859, 'eval_steps_per_second': 3.28, 'epoch': 2.03}
{'loss': 0.7265, 'grad_norm': 9.744523048400879, 'learning_rate': 0.00018607875894988067, 'epoch': 2.09}
{'eval_loss': 0.6634868383407593, 'eval_runtime': 283.9212, 'eval_samples_per_second': 104.934, 'eval_steps_per_second': 3.283, 'epoch': 2.09}
{'loss': 0.7214, 'grad_norm': 9.927393913269043, 'learning_rate': 0.0001856809864757359, 'epoch': 2.15}
{'eval_loss': 0.6612927913665771, 'eval_runtime': 284.1155, 'eval_samples_per_second': 104.862, 'eval_steps_per_second': 3.28, 'epoch': 2.15}
{'loss': 0.723, 'grad_norm': 7.184478282928467, 'learning_rate': 0.0001852832140015911, 'epoch': 2.21}
{'eval_loss': 0.6649394631385803, 'eval_runtime': 284.0603, 'eval_samples_per_second': 104.883, 'eval_steps_per_second': 3.281, 'epoch': 2.21}
{'loss': 0.7168, 'grad_norm': 6.5177741050720215, 'learning_rate': 0.0001848854415274463, 'epoch': 2.27}
{'eval_loss': 0.6583248972892761, 'eval_runtime': 283.9958, 'eval_samples_per_second': 104.906, 'eval_steps_per_second': 3.282, 'epoch': 2.27}
{'loss': 0.7146, 'grad_norm': 6.35064172744751, 'learning_rate': 0.00018448766905330153, 'epoch': 2.33}
{'eval_loss': 0.6562406420707703, 'eval_runtime': 284.327, 'eval_samples_per_second': 104.784, 'eval_steps_per_second': 3.278, 'epoch': 2.33}
{'loss': 0.7103, 'grad_norm': 2.670602560043335, 'learning_rate': 0.00018408989657915675, 'epoch': 2.39}
{'eval_loss': 0.6605972051620483, 'eval_runtime': 284.4247, 'eval_samples_per_second': 104.748, 'eval_steps_per_second': 3.277, 'epoch': 2.39}
{'loss': 0.7087, 'grad_norm': 3.6154253482818604, 'learning_rate': 0.00018369212410501194, 'epoch': 2.45}
{'eval_loss': 0.6507389545440674, 'eval_runtime': 284.2281, 'eval_samples_per_second': 104.821, 'eval_steps_per_second': 3.279, 'epoch': 2.45}
{'loss': 0.7072, 'grad_norm': 1.5179578065872192, 'learning_rate': 0.00018329435163086713, 'epoch': 2.51}
{'eval_loss': 0.6496922373771667, 'eval_runtime': 284.2304, 'eval_samples_per_second': 104.82, 'eval_steps_per_second': 3.279, 'epoch': 2.51}
{'loss': 0.7028, 'grad_norm': 5.619081497192383, 'learning_rate': 0.00018289657915672235, 'epoch': 2.57}
{'eval_loss': 0.653105616569519, 'eval_runtime': 284.2423, 'eval_samples_per_second': 104.816, 'eval_steps_per_second': 3.279, 'epoch': 2.57}
{'loss': 0.7027, 'grad_norm': 6.712121486663818, 'learning_rate': 0.00018249880668257758, 'epoch': 2.63}
{'eval_loss': 0.6488999724388123, 'eval_runtime': 284.1488, 'eval_samples_per_second': 104.85, 'eval_steps_per_second': 3.28, 'epoch': 2.63}
{'loss': 0.6983, 'grad_norm': 14.642196655273438, 'learning_rate': 0.0001821010342084328, 'epoch': 2.68}
{'eval_loss': 0.6551071405410767, 'eval_runtime': 284.0009, 'eval_samples_per_second': 104.905, 'eval_steps_per_second': 3.282, 'epoch': 2.68}
{'loss': 0.6967, 'grad_norm': 4.246187210083008, 'learning_rate': 0.000181703261734288, 'epoch': 2.74}
{'eval_loss': 0.6460092663764954, 'eval_runtime': 283.9524, 'eval_samples_per_second': 104.923, 'eval_steps_per_second': 3.282, 'epoch': 2.74}
{'loss': 0.6961, 'grad_norm': 4.6724419593811035, 'learning_rate': 0.0001813054892601432, 'epoch': 2.8}
{'eval_loss': 0.6447134613990784, 'eval_runtime': 283.8565, 'eval_samples_per_second': 104.958, 'eval_steps_per_second': 3.283, 'epoch': 2.8}
{'loss': 0.6925, 'grad_norm': 13.19279670715332, 'learning_rate': 0.00018090771678599843, 'epoch': 2.86}
{'eval_loss': 0.6414180397987366, 'eval_runtime': 284.126, 'eval_samples_per_second': 104.858, 'eval_steps_per_second': 3.28, 'epoch': 2.86}
{'loss': 0.6911, 'grad_norm': 4.6572723388671875, 'learning_rate': 0.00018050994431185362, 'epoch': 2.92}
{'eval_loss': 0.6423863768577576, 'eval_runtime': 283.8431, 'eval_samples_per_second': 104.963, 'eval_steps_per_second': 3.284, 'epoch': 2.92}
{'loss': 0.6907, 'grad_norm': 11.116545677185059, 'learning_rate': 0.00018011217183770884, 'epoch': 2.98}
{'eval_loss': 0.6423666477203369, 'eval_runtime': 283.9929, 'eval_samples_per_second': 104.908, 'eval_steps_per_second': 3.282, 'epoch': 2.98}
{'loss': 0.69, 'grad_norm': 3.9374938011169434, 'learning_rate': 0.00017971439936356404, 'epoch': 3.04}
{'eval_loss': 0.6397803425788879, 'eval_runtime': 284.2205, 'eval_samples_per_second': 104.824, 'eval_steps_per_second': 3.279, 'epoch': 3.04}
{'loss': 0.6857, 'grad_norm': 2.992687702178955, 'learning_rate': 0.00017931662688941926, 'epoch': 3.1}
{'eval_loss': 0.6380035281181335, 'eval_runtime': 284.2117, 'eval_samples_per_second': 104.827, 'eval_steps_per_second': 3.279, 'epoch': 3.1}
{'loss': 0.6807, 'grad_norm': 13.191888809204102, 'learning_rate': 0.00017891885441527448, 'epoch': 3.16}
{'eval_loss': 0.639670193195343, 'eval_runtime': 284.4219, 'eval_samples_per_second': 104.749, 'eval_steps_per_second': 3.277, 'epoch': 3.16}
{'loss': 0.683, 'grad_norm': 3.382115364074707, 'learning_rate': 0.0001785210819411297, 'epoch': 3.22}
{'eval_loss': 0.6380382776260376, 'eval_runtime': 283.8839, 'eval_samples_per_second': 104.948, 'eval_steps_per_second': 3.283, 'epoch': 3.22}
{'loss': 0.6815, 'grad_norm': 6.308600902557373, 'learning_rate': 0.0001781233094669849, 'epoch': 3.28}
{'eval_loss': 0.6399221420288086, 'eval_runtime': 284.2445, 'eval_samples_per_second': 104.815, 'eval_steps_per_second': 3.279, 'epoch': 3.28}
{'train_runtime': 39448.6207, 'train_samples_per_second': 203.914, 'train_steps_per_second': 6.373, 'train_loss': 1.0505345769708807, 'epoch': 3.28}
Evaluating (Mean Loss)...
Calculating per-sequence surprisals...
Fold 8 Evaluation per token: 0.6380
Fold 8 Entropy per sequence: 40.6420

--- Starting Fold 9/10 ---
Fold 9 sizes: Train=268137, Eval=29793
Loading tokenizer...
Found 36 POS tags: ['CC', 'CD', 'DT', 'EX', 'FW', 'IN', 'JJ', 'JJR', 'JJS', 'LS', 'MD', 'NN', 'NNP', 'NNPS', 'NNS', 'PDT', 'POS', 'PRP', 'PRP$', 'RB', 'RBR', 'RBS', 'RP', 'SYM', 'TO', 'UH', 'VB', 'VBD', 'VBG', 'VBN', 'VBP', 'VBZ', 'WDT', 'WP', 'WP$', 'WRB']
Found 32 phrase labels: ['-LRB-', '-RRB-', 'ADD', 'ADJP', 'ADVP', 'AFX', 'CONJP', 'FRAG', 'HYPH', 'INTJ', 'LST', 'NFP', 'NML', 'NP', 'PP', 'PRN', 'PRT', 'QP', 'ROOT', 'RRC', 'S', 'SBAR', 'SBARQ', 'SINV', 'SQ', 'UCP', 'VP', 'WHADJP', 'WHADVP', 'WHNP', 'WHPP', 'X']
Adding manual additions: ( ) # $ . , ''
Preprocessing...
Token length per parse sequence: 64.6113
Initializing DualEncoder model...
Loading  weights...
Missing keys: ['prosody_encoder.pos_table', 'prosody_encoder.mag_table', 'prosody_encoder.transformer.layers.0.self_attn.in_proj_weight', 'prosody_encoder.transformer.layers.0.self_attn.in_proj_bias', 'prosody_encoder.transformer.layers.0.self_attn.out_proj.weight', 'prosody_encoder.transformer.layers.0.self_attn.out_proj.bias', 'prosody_encoder.transformer.layers.0.linear1.weight', 'prosody_encoder.transformer.layers.0.linear1.bias', 'prosody_encoder.transformer.layers.0.linear2.weight', 'prosody_encoder.transformer.layers.0.linear2.bias', 'prosody_encoder.transformer.layers.0.norm1.weight', 'prosody_encoder.transformer.layers.0.norm1.bias', 'prosody_encoder.transformer.layers.0.norm2.weight', 'prosody_encoder.transformer.layers.0.norm2.bias', 'prosody_encoder.transformer.layers.1.self_attn.in_proj_weight', 'prosody_encoder.transformer.layers.1.self_attn.in_proj_bias', 'prosody_encoder.transformer.layers.1.self_attn.out_proj.weight', 'prosody_encoder.transformer.layers.1.self_attn.out_proj.bias', 'prosody_encoder.transformer.layers.1.linear1.weight', 'prosody_encoder.transformer.layers.1.linear1.bias', 'prosody_encoder.transformer.layers.1.linear2.weight', 'prosody_encoder.transformer.layers.1.linear2.bias', 'prosody_encoder.transformer.layers.1.norm1.weight', 'prosody_encoder.transformer.layers.1.norm1.bias', 'prosody_encoder.transformer.layers.1.norm2.weight', 'prosody_encoder.transformer.layers.1.norm2.bias', 'prosody_encoder.up_proj.weight', 'prosody_encoder.up_proj.bias', 'prosody_up.weight', 'prosody_up.bias', 'cross_attn.in_proj_weight', 'cross_attn.in_proj_bias', 'cross_attn.out_proj.weight', 'cross_attn.out_proj.bias', 'fusion_layer_norm.weight', 'fusion_layer_norm.bias']
Unexpected keys: []
Re-initializing decoder layer, to be trained from scratch
Training...
{'loss': 9.7514, 'grad_norm': 7.10925817489624, 'learning_rate': 0.0001996030230708035, 'epoch': 0.06}
{'eval_loss': 1.870531678199768, 'eval_runtime': 283.967, 'eval_samples_per_second': 104.917, 'eval_steps_per_second': 3.282, 'epoch': 0.06}
{'loss': 2.1532, 'grad_norm': 5.0500617027282715, 'learning_rate': 0.0001992052505966587, 'epoch': 0.12}
{'eval_loss': 1.5425341129302979, 'eval_runtime': 284.336, 'eval_samples_per_second': 104.781, 'eval_steps_per_second': 3.278, 'epoch': 0.12}
{'loss': 1.8101, 'grad_norm': 5.324206829071045, 'learning_rate': 0.00019880747812251392, 'epoch': 0.18}
{'eval_loss': 1.4290199279785156, 'eval_runtime': 284.3445, 'eval_samples_per_second': 104.778, 'eval_steps_per_second': 3.278, 'epoch': 0.18}
{'loss': 1.6522, 'grad_norm': 8.456825256347656, 'learning_rate': 0.00019840970564836914, 'epoch': 0.24}
{'eval_loss': 1.3629652261734009, 'eval_runtime': 284.5514, 'eval_samples_per_second': 104.702, 'eval_steps_per_second': 3.275, 'epoch': 0.24}
{'loss': 1.5217, 'grad_norm': 24.89838981628418, 'learning_rate': 0.00019801193317422436, 'epoch': 0.3}
{'eval_loss': 1.2737687826156616, 'eval_runtime': 285.033, 'eval_samples_per_second': 104.525, 'eval_steps_per_second': 3.27, 'epoch': 0.3}
{'loss': 1.4089, 'grad_norm': 2.633090019226074, 'learning_rate': 0.00019761416070007955, 'epoch': 0.36}
{'eval_loss': 1.2081718444824219, 'eval_runtime': 284.7174, 'eval_samples_per_second': 104.641, 'eval_steps_per_second': 3.273, 'epoch': 0.36}
{'loss': 1.3258, 'grad_norm': 3.990537643432617, 'learning_rate': 0.00019721638822593477, 'epoch': 0.42}
{'eval_loss': 1.1113677024841309, 'eval_runtime': 284.5377, 'eval_samples_per_second': 104.707, 'eval_steps_per_second': 3.275, 'epoch': 0.42}
{'loss': 1.2344, 'grad_norm': 8.251810073852539, 'learning_rate': 0.00019681861575179, 'epoch': 0.48}
{'eval_loss': 0.9999901056289673, 'eval_runtime': 284.4863, 'eval_samples_per_second': 104.726, 'eval_steps_per_second': 3.276, 'epoch': 0.48}
{'loss': 1.1347, 'grad_norm': 5.790022373199463, 'learning_rate': 0.00019642084327764522, 'epoch': 0.54}
{'eval_loss': 0.9477161765098572, 'eval_runtime': 284.3027, 'eval_samples_per_second': 104.793, 'eval_steps_per_second': 3.278, 'epoch': 0.54}
{'loss': 1.0732, 'grad_norm': 24.272157669067383, 'learning_rate': 0.0001960230708035004, 'epoch': 0.6}
{'eval_loss': 0.9230894446372986, 'eval_runtime': 284.1386, 'eval_samples_per_second': 104.854, 'eval_steps_per_second': 3.28, 'epoch': 0.6}
{'loss': 1.0236, 'grad_norm': 5.143055438995361, 'learning_rate': 0.0001956252983293556, 'epoch': 0.66}
{'eval_loss': 0.8624534010887146, 'eval_runtime': 284.0798, 'eval_samples_per_second': 104.875, 'eval_steps_per_second': 3.281, 'epoch': 0.66}
{'loss': 0.9861, 'grad_norm': 11.456701278686523, 'learning_rate': 0.00019522752585521082, 'epoch': 0.72}
{'eval_loss': 0.8258804082870483, 'eval_runtime': 284.1837, 'eval_samples_per_second': 104.837, 'eval_steps_per_second': 3.28, 'epoch': 0.72}
{'loss': 0.9532, 'grad_norm': 5.84915828704834, 'learning_rate': 0.00019482975338106604, 'epoch': 0.78}
{'eval_loss': 0.8039446473121643, 'eval_runtime': 284.2205, 'eval_samples_per_second': 104.824, 'eval_steps_per_second': 3.279, 'epoch': 0.78}
{'loss': 0.9249, 'grad_norm': 2.946070671081543, 'learning_rate': 0.00019443198090692126, 'epoch': 0.84}
{'eval_loss': 0.7866078615188599, 'eval_runtime': 284.3022, 'eval_samples_per_second': 104.793, 'eval_steps_per_second': 3.278, 'epoch': 0.84}
{'loss': 0.9022, 'grad_norm': 8.624829292297363, 'learning_rate': 0.00019403420843277646, 'epoch': 0.89}
{'eval_loss': 0.7715417146682739, 'eval_runtime': 284.4547, 'eval_samples_per_second': 104.737, 'eval_steps_per_second': 3.276, 'epoch': 0.89}
{'loss': 0.8821, 'grad_norm': 3.2195959091186523, 'learning_rate': 0.00019363643595863168, 'epoch': 0.95}
{'eval_loss': 0.7528208494186401, 'eval_runtime': 284.4968, 'eval_samples_per_second': 104.722, 'eval_steps_per_second': 3.276, 'epoch': 0.95}
{'loss': 0.8646, 'grad_norm': 13.804247856140137, 'learning_rate': 0.0001932386634844869, 'epoch': 1.01}
{'eval_loss': 0.7434419989585876, 'eval_runtime': 284.3461, 'eval_samples_per_second': 104.777, 'eval_steps_per_second': 3.278, 'epoch': 1.01}
{'loss': 0.8485, 'grad_norm': 3.5882010459899902, 'learning_rate': 0.0001928408910103421, 'epoch': 1.07}
{'eval_loss': 0.7370225191116333, 'eval_runtime': 284.3474, 'eval_samples_per_second': 104.777, 'eval_steps_per_second': 3.278, 'epoch': 1.07}
{'loss': 0.8364, 'grad_norm': 7.953769207000732, 'learning_rate': 0.0001924431185361973, 'epoch': 1.13}
{'eval_loss': 0.7337168455123901, 'eval_runtime': 284.249, 'eval_samples_per_second': 104.813, 'eval_steps_per_second': 3.279, 'epoch': 1.13}
{'loss': 0.8223, 'grad_norm': 1.6740344762802124, 'learning_rate': 0.0001920453460620525, 'epoch': 1.19}
{'eval_loss': 0.7238197922706604, 'eval_runtime': 284.2878, 'eval_samples_per_second': 104.799, 'eval_steps_per_second': 3.278, 'epoch': 1.19}
{'loss': 0.8179, 'grad_norm': 6.838249683380127, 'learning_rate': 0.00019164757358790772, 'epoch': 1.25}
{'eval_loss': 0.7130289077758789, 'eval_runtime': 284.6158, 'eval_samples_per_second': 104.678, 'eval_steps_per_second': 3.275, 'epoch': 1.25}
{'loss': 0.8035, 'grad_norm': 2.841722011566162, 'learning_rate': 0.00019124980111376294, 'epoch': 1.31}
{'eval_loss': 0.705313503742218, 'eval_runtime': 284.3424, 'eval_samples_per_second': 104.779, 'eval_steps_per_second': 3.278, 'epoch': 1.31}
{'loss': 0.7922, 'grad_norm': 4.192113399505615, 'learning_rate': 0.00019085202863961816, 'epoch': 1.37}
{'eval_loss': 0.7060898542404175, 'eval_runtime': 284.0665, 'eval_samples_per_second': 104.88, 'eval_steps_per_second': 3.281, 'epoch': 1.37}
{'loss': 0.7894, 'grad_norm': 3.327008008956909, 'learning_rate': 0.00019045425616547336, 'epoch': 1.43}
{'eval_loss': 0.6915197968482971, 'eval_runtime': 284.0947, 'eval_samples_per_second': 104.87, 'eval_steps_per_second': 3.281, 'epoch': 1.43}
{'loss': 0.777, 'grad_norm': 2.1354146003723145, 'learning_rate': 0.00019005648369132858, 'epoch': 1.49}
{'eval_loss': 0.6961963176727295, 'eval_runtime': 283.8791, 'eval_samples_per_second': 104.95, 'eval_steps_per_second': 3.283, 'epoch': 1.49}
{'loss': 0.7727, 'grad_norm': 2.6093034744262695, 'learning_rate': 0.00018965871121718377, 'epoch': 1.55}
{'eval_loss': 0.6836032867431641, 'eval_runtime': 283.8401, 'eval_samples_per_second': 104.964, 'eval_steps_per_second': 3.284, 'epoch': 1.55}
{'loss': 0.7675, 'grad_norm': 6.5068230628967285, 'learning_rate': 0.000189260938743039, 'epoch': 1.61}
{'eval_loss': 0.6835407018661499, 'eval_runtime': 283.7509, 'eval_samples_per_second': 104.997, 'eval_steps_per_second': 3.285, 'epoch': 1.61}
{'loss': 0.7614, 'grad_norm': 7.24521017074585, 'learning_rate': 0.00018886316626889419, 'epoch': 1.67}
{'eval_loss': 0.687686562538147, 'eval_runtime': 283.8342, 'eval_samples_per_second': 104.966, 'eval_steps_per_second': 3.284, 'epoch': 1.67}
{'loss': 0.76, 'grad_norm': 7.246352672576904, 'learning_rate': 0.0001884653937947494, 'epoch': 1.73}
{'eval_loss': 0.6819342374801636, 'eval_runtime': 283.848, 'eval_samples_per_second': 104.961, 'eval_steps_per_second': 3.283, 'epoch': 1.73}
{'loss': 0.7494, 'grad_norm': 2.094775676727295, 'learning_rate': 0.00018806762132060463, 'epoch': 1.79}
{'eval_loss': 0.6700791120529175, 'eval_runtime': 283.6458, 'eval_samples_per_second': 105.036, 'eval_steps_per_second': 3.286, 'epoch': 1.79}
{'loss': 0.7457, 'grad_norm': 10.942590713500977, 'learning_rate': 0.00018766984884645985, 'epoch': 1.85}
{'eval_loss': 0.6728646159172058, 'eval_runtime': 283.8683, 'eval_samples_per_second': 104.954, 'eval_steps_per_second': 3.283, 'epoch': 1.85}
{'loss': 0.7417, 'grad_norm': 8.366172790527344, 'learning_rate': 0.00018727207637231504, 'epoch': 1.91}
{'eval_loss': 0.6749173998832703, 'eval_runtime': 283.9724, 'eval_samples_per_second': 104.915, 'eval_steps_per_second': 3.282, 'epoch': 1.91}
{'loss': 0.7355, 'grad_norm': 4.424086570739746, 'learning_rate': 0.00018687430389817026, 'epoch': 1.97}
{'eval_loss': 0.6745229363441467, 'eval_runtime': 283.7952, 'eval_samples_per_second': 104.981, 'eval_steps_per_second': 3.284, 'epoch': 1.97}
{'train_runtime': 23679.9974, 'train_samples_per_second': 339.701, 'train_steps_per_second': 10.617, 'train_loss': 1.2764648252544981, 'epoch': 1.97}
Evaluating (Mean Loss)...
Calculating per-sequence surprisals...
Fold 9 Evaluation per token: 0.6701
Fold 9 Entropy per sequence: 43.2947

--- Starting Fold 10/10 ---
Fold 10 sizes: Train=268137, Eval=29793
Loading tokenizer...
Found 36 POS tags: ['CC', 'CD', 'DT', 'EX', 'FW', 'IN', 'JJ', 'JJR', 'JJS', 'LS', 'MD', 'NN', 'NNP', 'NNPS', 'NNS', 'PDT', 'POS', 'PRP', 'PRP$', 'RB', 'RBR', 'RBS', 'RP', 'SYM', 'TO', 'UH', 'VB', 'VBD', 'VBG', 'VBN', 'VBP', 'VBZ', 'WDT', 'WP', 'WP$', 'WRB']
Found 32 phrase labels: ['-LRB-', '-RRB-', 'ADD', 'ADJP', 'ADVP', 'AFX', 'CONJP', 'FRAG', 'HYPH', 'INTJ', 'LST', 'NFP', 'NML', 'NP', 'PP', 'PRN', 'PRT', 'QP', 'ROOT', 'RRC', 'S', 'SBAR', 'SBARQ', 'SINV', 'SQ', 'UCP', 'VP', 'WHADJP', 'WHADVP', 'WHNP', 'WHPP', 'X']
Adding manual additions: ( ) # $ . , ''
Preprocessing...
Token length per parse sequence: 64.2251
Initializing DualEncoder model...
Loading  weights...
Missing keys: ['prosody_encoder.pos_table', 'prosody_encoder.mag_table', 'prosody_encoder.transformer.layers.0.self_attn.in_proj_weight', 'prosody_encoder.transformer.layers.0.self_attn.in_proj_bias', 'prosody_encoder.transformer.layers.0.self_attn.out_proj.weight', 'prosody_encoder.transformer.layers.0.self_attn.out_proj.bias', 'prosody_encoder.transformer.layers.0.linear1.weight', 'prosody_encoder.transformer.layers.0.linear1.bias', 'prosody_encoder.transformer.layers.0.linear2.weight', 'prosody_encoder.transformer.layers.0.linear2.bias', 'prosody_encoder.transformer.layers.0.norm1.weight', 'prosody_encoder.transformer.layers.0.norm1.bias', 'prosody_encoder.transformer.layers.0.norm2.weight', 'prosody_encoder.transformer.layers.0.norm2.bias', 'prosody_encoder.transformer.layers.1.self_attn.in_proj_weight', 'prosody_encoder.transformer.layers.1.self_attn.in_proj_bias', 'prosody_encoder.transformer.layers.1.self_attn.out_proj.weight', 'prosody_encoder.transformer.layers.1.self_attn.out_proj.bias', 'prosody_encoder.transformer.layers.1.linear1.weight', 'prosody_encoder.transformer.layers.1.linear1.bias', 'prosody_encoder.transformer.layers.1.linear2.weight', 'prosody_encoder.transformer.layers.1.linear2.bias', 'prosody_encoder.transformer.layers.1.norm1.weight', 'prosody_encoder.transformer.layers.1.norm1.bias', 'prosody_encoder.transformer.layers.1.norm2.weight', 'prosody_encoder.transformer.layers.1.norm2.bias', 'prosody_encoder.up_proj.weight', 'prosody_encoder.up_proj.bias', 'prosody_up.weight', 'prosody_up.bias', 'cross_attn.in_proj_weight', 'cross_attn.in_proj_bias', 'cross_attn.out_proj.weight', 'cross_attn.out_proj.bias', 'fusion_layer_norm.weight', 'fusion_layer_norm.bias']
Unexpected keys: []
Re-initializing decoder layer, to be trained from scratch
Training...
{'loss': 9.9892, 'grad_norm': 14.965353965759277, 'learning_rate': 0.0001996030230708035, 'epoch': 0.06}
{'eval_loss': 1.820410132408142, 'eval_runtime': 283.5034, 'eval_samples_per_second': 105.089, 'eval_steps_per_second': 3.287, 'epoch': 0.06}
{'loss': 2.1713, 'grad_norm': 7.209036350250244, 'learning_rate': 0.0001992052505966587, 'epoch': 0.12}
{'eval_loss': 1.5584821701049805, 'eval_runtime': 283.6114, 'eval_samples_per_second': 105.049, 'eval_steps_per_second': 3.286, 'epoch': 0.12}
{'loss': 1.81, 'grad_norm': 23.358400344848633, 'learning_rate': 0.00019880747812251392, 'epoch': 0.18}
{'eval_loss': 1.432466983795166, 'eval_runtime': 283.8701, 'eval_samples_per_second': 104.953, 'eval_steps_per_second': 3.283, 'epoch': 0.18}
{'loss': 1.6274, 'grad_norm': 12.111861228942871, 'learning_rate': 0.00019840970564836914, 'epoch': 0.24}
{'eval_loss': 1.338539481163025, 'eval_runtime': 283.9181, 'eval_samples_per_second': 104.935, 'eval_steps_per_second': 3.283, 'epoch': 0.24}
{'loss': 1.5148, 'grad_norm': 10.235259056091309, 'learning_rate': 0.00019801193317422436, 'epoch': 0.3}
{'eval_loss': 1.2725985050201416, 'eval_runtime': 284.0015, 'eval_samples_per_second': 104.904, 'eval_steps_per_second': 3.282, 'epoch': 0.3}
{'loss': 1.4134, 'grad_norm': 12.400569915771484, 'learning_rate': 0.00019761416070007955, 'epoch': 0.36}
{'eval_loss': 1.1965147256851196, 'eval_runtime': 283.9536, 'eval_samples_per_second': 104.922, 'eval_steps_per_second': 3.282, 'epoch': 0.36}
{'loss': 1.3166, 'grad_norm': 5.876874923706055, 'learning_rate': 0.00019721638822593477, 'epoch': 0.42}
{'eval_loss': 1.0823832750320435, 'eval_runtime': 283.7914, 'eval_samples_per_second': 104.982, 'eval_steps_per_second': 3.284, 'epoch': 0.42}
{'loss': 1.2108, 'grad_norm': 3.636176824569702, 'learning_rate': 0.00019681861575179, 'epoch': 0.48}
{'eval_loss': 0.9748008251190186, 'eval_runtime': 283.7194, 'eval_samples_per_second': 105.009, 'eval_steps_per_second': 3.285, 'epoch': 0.48}
{'loss': 1.1154, 'grad_norm': 9.072490692138672, 'learning_rate': 0.00019642084327764522, 'epoch': 0.54}
{'eval_loss': 0.9216426014900208, 'eval_runtime': 283.6076, 'eval_samples_per_second': 105.05, 'eval_steps_per_second': 3.286, 'epoch': 0.54}
{'loss': 1.0651, 'grad_norm': 4.943327903747559, 'learning_rate': 0.0001960230708035004, 'epoch': 0.6}
{'eval_loss': 0.8928813934326172, 'eval_runtime': 283.7257, 'eval_samples_per_second': 105.006, 'eval_steps_per_second': 3.285, 'epoch': 0.6}
{'loss': 1.0141, 'grad_norm': 3.7683844566345215, 'learning_rate': 0.0001956252983293556, 'epoch': 0.66}
{'eval_loss': 0.8724488615989685, 'eval_runtime': 283.6046, 'eval_samples_per_second': 105.051, 'eval_steps_per_second': 3.286, 'epoch': 0.66}
{'loss': 0.9799, 'grad_norm': 9.31694221496582, 'learning_rate': 0.00019522752585521082, 'epoch': 0.72}
{'eval_loss': 0.8408682346343994, 'eval_runtime': 283.7307, 'eval_samples_per_second': 105.004, 'eval_steps_per_second': 3.285, 'epoch': 0.72}
{'loss': 0.9548, 'grad_norm': 24.37955665588379, 'learning_rate': 0.00019482975338106604, 'epoch': 0.78}
{'eval_loss': 0.8118538856506348, 'eval_runtime': 283.7072, 'eval_samples_per_second': 105.013, 'eval_steps_per_second': 3.285, 'epoch': 0.78}
{'loss': 0.9188, 'grad_norm': 4.949589729309082, 'learning_rate': 0.00019443198090692126, 'epoch': 0.84}
{'eval_loss': 0.7857356667518616, 'eval_runtime': 283.9306, 'eval_samples_per_second': 104.931, 'eval_steps_per_second': 3.282, 'epoch': 0.84}
{'loss': 0.9025, 'grad_norm': 19.291610717773438, 'learning_rate': 0.00019403420843277646, 'epoch': 0.89}
{'eval_loss': 0.7821766138076782, 'eval_runtime': 283.6506, 'eval_samples_per_second': 105.034, 'eval_steps_per_second': 3.286, 'epoch': 0.89}
{'loss': 0.8855, 'grad_norm': 5.30739164352417, 'learning_rate': 0.00019363643595863168, 'epoch': 0.95}
{'eval_loss': 0.7540247440338135, 'eval_runtime': 283.793, 'eval_samples_per_second': 104.981, 'eval_steps_per_second': 3.284, 'epoch': 0.95}
{'loss': 0.8713, 'grad_norm': 3.8174221515655518, 'learning_rate': 0.0001932386634844869, 'epoch': 1.01}
{'eval_loss': 0.7455348968505859, 'eval_runtime': 283.7479, 'eval_samples_per_second': 104.998, 'eval_steps_per_second': 3.285, 'epoch': 1.01}
{'loss': 0.8509, 'grad_norm': 8.168944358825684, 'learning_rate': 0.0001928408910103421, 'epoch': 1.07}
{'eval_loss': 0.7363741993904114, 'eval_runtime': 283.9125, 'eval_samples_per_second': 104.937, 'eval_steps_per_second': 3.283, 'epoch': 1.07}
{'loss': 0.8383, 'grad_norm': 9.127969741821289, 'learning_rate': 0.0001924431185361973, 'epoch': 1.13}
{'eval_loss': 0.7366229295730591, 'eval_runtime': 283.6437, 'eval_samples_per_second': 105.037, 'eval_steps_per_second': 3.286, 'epoch': 1.13}
{'loss': 0.8278, 'grad_norm': 12.988279342651367, 'learning_rate': 0.0001920453460620525, 'epoch': 1.19}
{'eval_loss': 0.7274762988090515, 'eval_runtime': 283.5983, 'eval_samples_per_second': 105.054, 'eval_steps_per_second': 3.286, 'epoch': 1.19}
{'loss': 0.8135, 'grad_norm': 16.402929306030273, 'learning_rate': 0.00019164757358790772, 'epoch': 1.25}
{'eval_loss': 0.7242065072059631, 'eval_runtime': 283.8089, 'eval_samples_per_second': 104.976, 'eval_steps_per_second': 3.284, 'epoch': 1.25}
{'loss': 0.804, 'grad_norm': 5.0540337562561035, 'learning_rate': 0.00019124980111376294, 'epoch': 1.31}
{'eval_loss': 0.7285429835319519, 'eval_runtime': 283.534, 'eval_samples_per_second': 105.077, 'eval_steps_per_second': 3.287, 'epoch': 1.31}
{'loss': 0.797, 'grad_norm': 4.081034183502197, 'learning_rate': 0.00019085202863961816, 'epoch': 1.37}
{'eval_loss': 0.6992777585983276, 'eval_runtime': 283.5786, 'eval_samples_per_second': 105.061, 'eval_steps_per_second': 3.287, 'epoch': 1.37}
{'loss': 0.7931, 'grad_norm': 2.3694629669189453, 'learning_rate': 0.00019045425616547336, 'epoch': 1.43}
{'eval_loss': 0.6977003216743469, 'eval_runtime': 283.7058, 'eval_samples_per_second': 105.014, 'eval_steps_per_second': 3.285, 'epoch': 1.43}
{'loss': 0.783, 'grad_norm': 6.161304950714111, 'learning_rate': 0.00019005648369132858, 'epoch': 1.49}
{'eval_loss': 0.6931731700897217, 'eval_runtime': 283.4586, 'eval_samples_per_second': 105.105, 'eval_steps_per_second': 3.288, 'epoch': 1.49}
{'loss': 0.7738, 'grad_norm': 5.195409774780273, 'learning_rate': 0.00018965871121718377, 'epoch': 1.55}
{'eval_loss': 0.6882789731025696, 'eval_runtime': 283.6358, 'eval_samples_per_second': 105.04, 'eval_steps_per_second': 3.286, 'epoch': 1.55}
{'loss': 0.7683, 'grad_norm': 6.356556415557861, 'learning_rate': 0.000189260938743039, 'epoch': 1.61}
{'eval_loss': 0.6801719069480896, 'eval_runtime': 283.4827, 'eval_samples_per_second': 105.096, 'eval_steps_per_second': 3.288, 'epoch': 1.61}
{'loss': 0.7616, 'grad_norm': 14.130899429321289, 'learning_rate': 0.00018886316626889419, 'epoch': 1.67}
{'eval_loss': 0.677980363368988, 'eval_runtime': 283.6134, 'eval_samples_per_second': 105.048, 'eval_steps_per_second': 3.286, 'epoch': 1.67}
{'loss': 0.7547, 'grad_norm': 3.546584129333496, 'learning_rate': 0.0001884653937947494, 'epoch': 1.73}
{'eval_loss': 0.6889470219612122, 'eval_runtime': 283.727, 'eval_samples_per_second': 105.006, 'eval_steps_per_second': 3.285, 'epoch': 1.73}
{'loss': 0.7493, 'grad_norm': 6.985293388366699, 'learning_rate': 0.00018806762132060463, 'epoch': 1.79}
{'eval_loss': 0.6719989776611328, 'eval_runtime': 284.0783, 'eval_samples_per_second': 104.876, 'eval_steps_per_second': 3.281, 'epoch': 1.79}
{'loss': 0.748, 'grad_norm': 4.452243328094482, 'learning_rate': 0.00018766984884645985, 'epoch': 1.85}
{'eval_loss': 0.6670147776603699, 'eval_runtime': 283.7594, 'eval_samples_per_second': 104.994, 'eval_steps_per_second': 3.284, 'epoch': 1.85}
{'loss': 0.7427, 'grad_norm': 2.666245937347412, 'learning_rate': 0.00018727207637231504, 'epoch': 1.91}
{'eval_loss': 0.6715855598449707, 'eval_runtime': 283.8893, 'eval_samples_per_second': 104.946, 'eval_steps_per_second': 3.283, 'epoch': 1.91}
{'loss': 0.7386, 'grad_norm': 12.118131637573242, 'learning_rate': 0.00018687430389817026, 'epoch': 1.97}
{'eval_loss': 0.684972882270813, 'eval_runtime': 283.7254, 'eval_samples_per_second': 105.006, 'eval_steps_per_second': 3.285, 'epoch': 1.97}
{'loss': 0.7336, 'grad_norm': 16.359806060791016, 'learning_rate': 0.00018647653142402545, 'epoch': 2.03}
{'eval_loss': 0.666526198387146, 'eval_runtime': 283.755, 'eval_samples_per_second': 104.995, 'eval_steps_per_second': 3.285, 'epoch': 2.03}
{'loss': 0.7281, 'grad_norm': 2.9573662281036377, 'learning_rate': 0.00018607875894988067, 'epoch': 2.09}
{'eval_loss': 0.6615565419197083, 'eval_runtime': 283.9715, 'eval_samples_per_second': 104.915, 'eval_steps_per_second': 3.282, 'epoch': 2.09}
{'loss': 0.7241, 'grad_norm': 7.914683818817139, 'learning_rate': 0.0001856809864757359, 'epoch': 2.15}
{'eval_loss': 0.6609673500061035, 'eval_runtime': 283.8508, 'eval_samples_per_second': 104.96, 'eval_steps_per_second': 3.283, 'epoch': 2.15}
{'loss': 0.7231, 'grad_norm': 10.364481925964355, 'learning_rate': 0.0001852832140015911, 'epoch': 2.21}
{'eval_loss': 0.6583834886550903, 'eval_runtime': 283.8669, 'eval_samples_per_second': 104.954, 'eval_steps_per_second': 3.283, 'epoch': 2.21}
{'loss': 0.7181, 'grad_norm': 6.868199825286865, 'learning_rate': 0.0001848854415274463, 'epoch': 2.27}
{'eval_loss': 0.6689068078994751, 'eval_runtime': 284.0392, 'eval_samples_per_second': 104.89, 'eval_steps_per_second': 3.281, 'epoch': 2.27}
{'loss': 0.7147, 'grad_norm': 5.296777725219727, 'learning_rate': 0.00018448766905330153, 'epoch': 2.33}
{'eval_loss': 0.6554154753684998, 'eval_runtime': 283.8287, 'eval_samples_per_second': 104.968, 'eval_steps_per_second': 3.284, 'epoch': 2.33}
{'loss': 0.7119, 'grad_norm': 4.438723087310791, 'learning_rate': 0.00018408989657915675, 'epoch': 2.39}
{'eval_loss': 0.649336576461792, 'eval_runtime': 284.2048, 'eval_samples_per_second': 104.829, 'eval_steps_per_second': 3.279, 'epoch': 2.39}
{'loss': 0.7101, 'grad_norm': 4.077971935272217, 'learning_rate': 0.00018369212410501194, 'epoch': 2.45}
{'eval_loss': 0.653916597366333, 'eval_runtime': 283.8489, 'eval_samples_per_second': 104.961, 'eval_steps_per_second': 3.283, 'epoch': 2.45}
{'loss': 0.7054, 'grad_norm': 6.99270486831665, 'learning_rate': 0.00018329435163086713, 'epoch': 2.51}
{'eval_loss': 0.6529419422149658, 'eval_runtime': 283.8238, 'eval_samples_per_second': 104.97, 'eval_steps_per_second': 3.284, 'epoch': 2.51}
{'loss': 0.7055, 'grad_norm': 4.963991165161133, 'learning_rate': 0.00018289657915672235, 'epoch': 2.57}
{'eval_loss': 0.6496031880378723, 'eval_runtime': 283.8779, 'eval_samples_per_second': 104.95, 'eval_steps_per_second': 3.283, 'epoch': 2.57}
{'train_runtime': 30818.5085, 'train_samples_per_second': 261.016, 'train_steps_per_second': 8.157, 'train_loss': 1.1506963046761447, 'epoch': 2.57}
Evaluating (Mean Loss)...
Calculating per-sequence surprisals...
Fold 10 Evaluation per token: 0.6493
Fold 10 Entropy per sequence: 41.7037
Saving detailed results...
Saved per-sequence surprisals to /home/jm3743/prosody-syntax-interface/outputs/candor/cross_validation_results.csv
Global Mean Surprisal: 42.2833

--- Cross-Validation Results ---
Individual Fold Metrics: [41.65105414019848, 43.260830887446005, 43.144829116094726, 40.79891245939042, 41.15904525548067, 41.82155974560168, 44.601000901479814, 40.642021814169844, 43.2946946575687, 41.70371954016058]
Mean Metric (Entropy/Loss): 42.2078
Standard Deviation: 1.2307
Variance: 1.5145
